source_id,jurisdiction,discovery_source,legal_name,trade_names,address,postal,city,legal_form,charity_status,matched_bn,matched_cra_name,charity_match_score,charity_runner_up_score,charity_match_method,social_status,social_signal,social_match_score,federal_grant_status,matched_grant_entity_id,matched_grant_entity_name,federal_grant_match_score,federal_grant_runner_up_score,federal_grants_received,federal_dollars_received,review_flag,discovery_snapshot_date,cra_snapshot_date,grants_snapshot_date
4353722,ON,corporations_canada,CRESCENT VILLAGE TRUST,,138 YORKLAND STREET,L4S1J1,RICHMOND HILL,Canada Not-for-profit Corporations Act,needs_review,857086375,CRESCENT VILLAGE TRUST,100.0,,fuzzy,,,,,,,,,,,bn_contradicts_fuzzy_match,,,
9643010,ON,corporations_canada,Canadian Council for Career Development,Conseil canadien pour le développement de carrière,202 - 119 Ross Avenue,K1Y0N6,Ottawa,Canada Not-for-profit Corporations Act,needs_review,128957461,CANADIAN CAREER DEVELOPMENT FOUNDATION/FONDATION CANADIENNE POUR L'AVANCEMENT DE LA CARRIRE,81.81818181818181,,fuzzy,,,,,,,,,,,mid_band_score,,,
217247,MB,corporations_canada,Canadian Society for Agricultural and Biosystems Engineering,La Société Canadienne de Génie Agroalimentaire et des Biosystèmes,E2-376 EITC BUILDING,R3T5V6,WINNIPEG,Canada Not-for-profit Corporations Act,needs_review,883586901,Canadian Society for Agricultural and Biosystems Engineering Foundation,100.0,,fuzzy,,,,,,,,,,,bn_contradicts_fuzzy_match,,,
8366055,NF,corporations_canada,Islamic Center of Newfoundland and Labrador,,"3, LARNER STREET",A1A5S8,ST.JOHN'S,Canada Not-for-profit Corporations Act,needs_review,139820864,KIDS EAT SMART FOUNDATION NEWFOUNDLAND AND LABRADOR INC.,75.0,73.97260273972603,fuzzy,,,,,,,,,,,mid_band_score,,,
9091955,QC,corporations_canada,FONDATION MIRO,,6226 rue De La Roche,H2S2E1,Montréal,Canada Not-for-profit Corporations Act,needs_review,804594430,Fondation Miro,100.0,,fuzzy,,,,,,,,,,,bn_contradicts_fuzzy_match,,,
3806812,ON,corporations_canada,The Corporation of Lorne Park Baptist Church,,1500 INDIAN ROAD,L5H1S7,MISSISSAUGA,Canada Not-for-profit Corporations Act,needs_review,119024693,THE CORPORATION OF LORNE PARK BAPTIST CHURCH,100.0,41.379310344827594,fuzzy,,,,,,,,,,,bn_contradicts_fuzzy_match,,,
8225036,ON,corporations_canada,The Advocates' Society,,2700 - 250 Yonge Street,M5B2L7,TORONTO,Canada Not-for-profit Corporations Act,needs_review,848687091,The Advocates' Society Foundation,100.0,31.57894736842105,fuzzy,,,,,,,,,,,bn_contradicts_fuzzy_match,,,
2616441,ON,corporations_canada,The William Shenkman Foundation,,4899 UPLANDS DRIVE,K1V2N6,OTTAWA,Canada Not-for-profit Corporations Act,needs_review,888228665,The William Shenkman Foundation,100.0,51.61290322580645,fuzzy,,,,,,,,,,,bn_contradicts_fuzzy_match,,,
3782760,ON,corporations_canada,HANOVER MISSIONARY CHURCH,,628-11TH STREET,N4N1T7,HANOVER,Canada Not-for-profit Corporations Act,needs_review,119245538,HANOVER MISSIONARY CHURCH,100.0,,fuzzy,,,,,,,,,,,bn_contradicts_fuzzy_match,,,
2651874,ON,corporations_canada,Animal Alliance of Canada,Alliance Animale du Canada,221 BROADVIEW AVENUE,M4M2G3,TORONTO,Canada Not-for-profit Corporations Act,needs_review,766920334,Animal Alliance of Canada Fund,85.71428571428572,30.76923076923077,fuzzy,,,,,,,,,,,mid_band_score,,,
3792790,ON,corporations_canada,TORONTO YOUTH DEVELOPMENT,,156 ST. GEORGE STREET,M5S2G1,TORONTO,Canada Not-for-profit Corporations Act,needs_review,865206197,TORONTO YOUTH DEVELOPMENT,100.0,36.0,fuzzy,,,,,,,,,,,bn_contradicts_fuzzy_match,,,
3247546,NB,corporations_canada,Administration Portuaire de Val-Comeau Inc.,,81 DU QUAI,E8X4K9,VAL-COMEAU,Canada Not-for-profit Corporations Act,needs_review,,,,,,,,,federal_grant_match,148294,Administration Portuaire de Val-Comeau Inc.,100.0,,5,21401.0,no_blocking_key,,,
158658,NB,corporations_canada,Festival International de Musique Baroque de Lamèque,Lamèque International Festival of Baroque Music,28-2 RUE DE L'HOPITAL,E8T1C3,LAMÈQUE,Canada Not-for-profit Corporations Act,needs_review,118915040,FESTIVAL INTERNATIONAL DE MUSIQUE BAROQUE,85.71428571428572,,fuzzy,,,,,,,,,,,mid_band_score,,,
3667910,QC,corporations_canada,Les entreprises communautaires d’insertion à l’emploi de l’Outaouais inc.,,64-A BOULEVARD GREBER,J8T3P8,GATINEAU,Canada Not-for-profit Corporations Act,needs_review,867131344,Les entreprises communautaires d'insertion à l'emploi de l'Outaouais inc.,100.0,55.81395348837209,fuzzy,,,,,,,,,,,bn_contradicts_fuzzy_match,,,
7519958,ON,corporations_canada,THE PRINCESS OF WALES' OWN REGIMENT FOUNDATION,,100 MONTREAL STREET,K7K3E8,KINGSTON,Canada Not-for-profit Corporations Act,needs_review,819686650,The Princess of Wales' Own Regiment Foundation,100.0,,fuzzy,,,,,,,,,,,bn_contradicts_fuzzy_match,,,
3796353,ON,corporations_canada,Christian Perspective Ministries Inc.,,41 TOBIN RD,K0G1X0,WESTPORT,Canada Not-for-profit Corporations Act,needs_review,138983747,CHRISTIAN PERSPECTIVE MINISTRIES,100.0,45.833333333333336,fuzzy,,,,,,,,,,,bn_contradicts_fuzzy_match,,,
3921204,QC,corporations_canada,FONDATION FAMILLE DONALD QUANE,DONALD QUANE FAMILY FOUNDATION,758 RUE MAIN,J0P1H0,HUDSON,Canada Not-for-profit Corporations Act,needs_review,891357717,FONDATION FAMILLE DONALD QUANE / DONALD QUANE FAMILY FOUNDATION,100.0,57.14285714285714,fuzzy,,,,,,,,,,,bn_contradicts_fuzzy_match,,,
4553217,ON,corporations_canada,Miziwe Biik Works! Inc.,,167 Gerrard Street East,M5A2E4,Toronto,Canada Not-for-profit Corporations Act,needs_review,817522956,MIZIWE BIIK FOUNDATION,78.57142857142857,44.067796610169495,fuzzy,,,,,,,,,,,mid_band_score,,,
1845039,QC,corporations_canada,CENTRE QUÉBÉCOIS DU P.E.N. INTERNATIONAL,,3492 AVENUE LAVAL,H2X3C8,MONTRÉAL,Canada Not-for-profit Corporations Act,needs_review,889946943,Centre québécois du P.E.N. International,100.0,30.303030303030297,fuzzy,,,,,,,,,,,bn_contradicts_fuzzy_match,,,
310344,ON,corporations_canada,KIN CANADA,,1920 ROGERS DRIVE,N3H5C6,CAMBRIDGE,Canada Not-for-profit Corporations Act,needs_review,857339436,KIN CANADA FOUNDATION/FONDATION KIN CANADA,100.0,7.14285714285714,fuzzy,,,,,,,,,,,bn_contradicts_fuzzy_match,,,
4100077,ON,corporations_canada,LINCOLN ROAD CHAPEL,,145 LINCOLN ROAD,N2J2N8,WATERLOO,Canada Not-for-profit Corporations Act,needs_review,889667044,LINCOLN ROAD CHAPEL,100.0,27.77777777777778,fuzzy,,,,,,,,,,,bn_contradicts_fuzzy_match,,,
702404,ON,corporations_canada,THE CANADIAN CRITICAL CARE SOCIETY,LA SOCIÉTÉ CANADIENNE DE SOINS INTENSIFS,20 CROWN STEEL DRIVE,L3R9X9,MARKHAM,Canada Not-for-profit Corporations Act,needs_review,891972663,CANADIAN INTENSIVE CARE FOUNDATION/FONDATION CANADIENNE POUR LES SOINS INTENSIFS,100.0,63.41463414634146,fuzzy,,,,federal_grant_match,118364,The Canadian Critical Care Society/La Société Canadienne de Soins Intensifs,100.0,,2,627300.0,bn_contradicts_fuzzy_match,,,
3705706,ON,corporations_canada,ATAXIA TELANGIECTASIA CHILDREN’S PROJECT (CANADA),,"340 ALBERT STREET, SUITE 1400",K1R0A5,OTTAWA,Canada Not-for-profit Corporations Act,needs_review,866794183,ATAXIA TELANGIECTASIA CHILDREN'S PROJECT (CANADA),100.0,30.508474576271183,fuzzy,,,,,,,,,,,bn_contradicts_fuzzy_match,,,
2644975,ON,corporations_canada,"GARRISON ROAD CHURCH OF THE UNITED BRETHREN IN CHRIST, INC.",,1351 GARRISON ROAD,L2A1P4,FORT ERIE,Canada Not-for-profit Corporations Act,needs_review,897640157,GARRISON ROAD CHURCH OF THE UNITED BRETHREN IN CHRIST INC,100.0,,fuzzy,,,,,,,,,,,bn_contradicts_fuzzy_match,,,
349755,ON,corporations_canada,CANADIAN PSYCHIATRIC ASSOCIATION,ASSOCIATION DES PSYCHIATRES DU CANADA,141 Laurier Ave W,K1P5J3,Ottawa,Canada Not-for-profit Corporations Act,needs_review,889015590,THE FOUNDATION OF THE CANADIAN PSYCHIATRIC ASSOCIATION/LA FONDATION DE L'ASSOCIATION DES PSYCHIATRES DU CANADA,100.0,76.19047619047619,fuzzy,,,,federal_grant_match,314986,Canadian Psychiatric Association / Association des psychiatres du Canada,100.0,,2,1558943.0,bn_contradicts_fuzzy_match,,,
3914003,ON,corporations_canada,VICTORIOUS LIVING MINISTRIES INTERNATIONAL,,2 STELLA ST.,M6L3A7,TORONTO,Canada Not-for-profit Corporations Act,needs_review,131951022,VICTORIOUS LIVING MINISTRIES,100.0,,fuzzy,,,,,,,,,,,bn_contradicts_fuzzy_match,,,
2877988,ON,corporations_canada,MILITARY FAMILY RESOURCE CENTRE OF THE NATIONAL CAPITAL REGION,CENTRE DE RESSOURCES POUR LES FAMILLES MILITAIRES DE LA REGION DE LA CAPITALE NATIONALE,330 CROIL PVT.,K1V1J1,OTTAWA,Canada Not-for-profit Corporations Act,needs_review,136890324,MILITARY FAMILY RESOURCE CENTRE OF THE NATIONAL CAPITAL REGION/CENTRE DE RESSOURCES POUR LES FAMILLES MILITAIRES DE LA REGION DE LA CAPITALE NATIONALE,100.0,,fuzzy,,,,,,,,,,,bn_contradicts_fuzzy_match,,,
3086771,ON,corporations_canada,THE TORONTO JEWISH FILM FOUNDATION,,19 MADISON AVENUE,M5R2S2,TORONTO,Canada Not-for-profit Corporations Act,needs_review,135226793,THE TORONTO JEWISH FILM FOUNDATION,100.0,63.41463414634146,fuzzy,,,,,,,,,,,bn_contradicts_fuzzy_match,,,
9241728,QC,corporations_canada,FONDATION FRÈRE JÉRÔME,,"4901, rue Du Piedmont",H3V1E3,Montréal,Canada Not-for-profit Corporations Act,needs_review,819818790,Fondation Frère Jérôme,100.0,38.46153846153846,fuzzy,,,,,,,,,,,bn_contradicts_fuzzy_match,,,
9071725,AB,corporations_canada,Worldwide Pentecostal Fellowship of Canada,,615 Northmount Dr NW,T2K3J6,Calgary,Canada Not-for-profit Corporations Act,needs_review,804530236,WORLDWIDE PENTECOSTAL FELLOWSHIP OF CANADA,100.0,33.9622641509434,fuzzy,,,,,,,,,,,bn_contradicts_fuzzy_match,,,
4512618,QC,corporations_canada,FONDATION DE L'ORDRE DES CONSEILLERS EN RESSOURCES HUMAINES AGRÉÉS,,1200 AVENUE MCGILL COLLEGE,H3B4G7,MONTREAL,Canada Not-for-profit Corporations Act,needs_review,814254025,Fondation de l'Ordre des conseillers en ressources humaines agréés,100.0,51.764705882352935,fuzzy,,,,,,,,,,,bn_contradicts_fuzzy_match,,,
2767457,QC,corporations_canada,COSMODÔME,,2150 AUTOROUTE DES LAURENTIDES,H7T2T8,LAVAL,Canada Not-for-profit Corporations Act,needs_review,835186891,FONDATION DU COSMODOME,100.0,26.66666666666667,fuzzy,,,,federal_grant_match,163716,COSMODÔME,100.0,,8,154926.0,bn_contradicts_fuzzy_match,,,
1586556,QC,corporations_canada,FONDATION MIRA INTERNATIONALE,MIRA INTERNATIONAL FOUNDATION,"1820, RANG DU NORD-OUEST",J0H1S0,STE-MADELAINE,Canada Not-for-profit Corporations Act,needs_review,118924232,FONDATION MIRA INC.,100.0,40.0,fuzzy,,,,,,,,,,,bn_contradicts_fuzzy_match,,,
9157948,QC,corporations_canada,FONDATION DU THEATRE DU MARAIS DE VAL-MORIN,,1121 10è Avenue,J0T2R0,Val-Morin,Canada Not-for-profit Corporations Act,needs_review,829792985,Fondation du Théatre du Marais de Val-Morin,100.0,65.11627906976744,fuzzy,,,,,,,,,,,bn_contradicts_fuzzy_match,,,
9861351,BC,corporations_canada,CANADIAN AVALANCHE ASSOCIATION,ASSOCIATION CANADIENNE DES AVALANCHES,"110 Mackenzie Avenue, Box 2759",V0E2S0,Revelstoke,Canada Not-for-profit Corporations Act,needs_review,869000349,Avalanche Canada Foundation / Fondation Avalanche Canada,75.67567567567568,66.66666666666667,fuzzy,,,,,,,,,,,mid_band_score,,,
2416921,ON,corporations_canada,FRIENDS OF H.M.C.S. HAIDA,,658 CATHARINE STREET NORTH,L8L4V7,HAMILTON,Canada Not-for-profit Corporations Act,needs_review,140773649,FRIENDS OF HMCS HAIDA,83.87096774193549,,fuzzy,,,,,,,,,,,mid_band_score,,,
10007781,ON,corporations_canada,TOL BIBLE STUDY,,17 Misty Moor Drive,L4C6P9,Richmond Hill,Canada Not-for-profit Corporations Act,needs_review,759247497,TOL Bible Study,100.0,,fuzzy,,,,,,,,,,,bn_contradicts_fuzzy_match,,,
9662472,AB,corporations_canada,International Vision Organization,,44 Coleridge Crescent NW,T2K1X9,Calgary,Canada Not-for-profit Corporations Act,needs_review,813505724,INTERNATIONAL VISION ORGANIZATION,100.0,,fuzzy,,,,,,,,,,,bn_contradicts_fuzzy_match,,,
3676862,ON,corporations_canada,CANADIAN SOCIETY FOR HORTICULTURAL SCIENCE,LA SOCIÉTÉ CANADIENNE DE SCIENCE HORTICOLE,4890 Victoria Avenue North,L0R2E0,Vineland Station,Canada Not-for-profit Corporations Act,needs_review,810031864,Canadian Centre for Horticultural Research and Innovation Inc./Centre Canadien de recherche et d'innovation en horticulture inc.,75.0,47.05882352941176,fuzzy,,,,,,,,,,,mid_band_score,,,
3552934,ON,corporations_canada,WEST HIGHLAND FELLOWSHIP BAPTIST CHURCH,,1605 Garth Street,L9B1X8,HAMILTON,Canada Not-for-profit Corporations Act,needs_review,108201047,WEST HIGHLAND BAPTIST CHURCH,79.24528301886792,33.333333333333336,fuzzy,,,,,,,,,,,mid_band_score,,,
3283364,ON,corporations_canada,GRACE BAPTIST CHURCH ALLISTON,,354 Victoria Street East,L9R1K3,New Tecumseth,Canada Not-for-profit Corporations Act,needs_review,118943083,GRACE BAPTIST CHURCH ALLISTON,100.0,,fuzzy,,,,,,,,,,,bn_contradicts_fuzzy_match,,,
10483737,ON,corporations_canada,Canadian Arabic Theatre,,666 Constellation Drive,L5R3G7,Mississauga,Canada Not-for-profit Corporations Act,needs_review,803309582,THE CANADIAN ARABIC ORCHESTRA,75.0,53.333333333333336,fuzzy,,,,federal_grant_match,290003,Canadian Arabic Theatre,100.0,,2,31126.0,mid_band_score,,,
10658278,ON,corporations_canada,The Ottawa Duck Club Inc.,,841 Kingsmere Ave,K2A3J8,Ottawa,Canada Not-for-profit Corporations Act,needs_review,119071462,OTTAWA CHURCH OF GOD,76.19047619047619,58.33333333333333,fuzzy,,,,,,,,,,,mid_band_score,,,
10345725,ON,corporations_canada,Kudsia Family Foundation,,2143 Hidden Valley Crescent,N2C2R2,Kitchener,Canada Not-for-profit Corporations Act,needs_review,711560698,Kudsia Family Foundation,100.0,,fuzzy,,,,,,,,,,,bn_contradicts_fuzzy_match,,,
10847925,ON,corporations_canada,BROOKSIDE BAPTIST CHURCH,,1078 Klondike Road,K2K1X7,Kanata,Canada Not-for-profit Corporations Act,needs_review,131025314,Brookside Baptist Church,100.0,43.24324324324324,fuzzy,,,,,,,,,,,bn_contradicts_fuzzy_match,,,
10986232,ON,corporations_canada,Public Access,,303 Goldfard Centre for the Fine Arts,M3J1P3,Toronto,Canada Not-for-profit Corporations Act,needs_review,136679743,PUBLIC ACCESS,100.0,38.095238095238095,fuzzy,,,,,,,,,,,bn_contradicts_fuzzy_match,,,
11830791,ON,corporations_canada,Afrofest Sudbury,,555 Barrydowne Rd,P3A3T4,Sudbury,Canada Not-for-profit Corporations Act,needs_review,107303554,L'ARCHE SUDBURY INC.,75.86206896551724,66.66666666666667,fuzzy,,,,,,,,,,,mid_band_score,,,
11497766,ON,corporations_canada,Eastern Canada Diocese Of The Ethiopian Orthodox Tewahedo Church,,80 & 84 Tycos Drive,M6B1V9,Toronto,Canada Not-for-profit Corporations Act,needs_review,887952497,ETHIOPIAN ORTHODOX TEWAHEDO CHURCH OF CANADA ST. MARY CATHEDRAL,77.64705882352942,42.69662921348315,fuzzy,,,,,,,,,,,mid_band_score,,,
2278596,QC,corporations_canada,Association canadienne de traductologie,Canadian Association for Translation Studies,1455 Maisonneuve Boulevard West,H3G1M8,Montreal,Canada Not-for-profit Corporations Act,needs_review,890468390,ASSOCIATION CANADIENNE DE TRADUCTOLOGIE/CANADIAN ASSOCIATION FOR TRANSLATION STUDIES,100.0,68.96551724137932,fuzzy,,,,,,,,,,,bn_contradicts_fuzzy_match,,,
11930311,AB,corporations_canada,Christwalker Ministries,,113 4 Avenue Southwest,T0H2M0,Manning,Canada Not-for-profit Corporations Act,needs_review,726026735,CHRISTWALKER MINISTRIES,100.0,60.0,fuzzy,,,,,,,,,,,bn_contradicts_fuzzy_match,,,
11252615,AB,corporations_canada,Jesus Is Lord Global Ministries International,,263 Addington Drive,T4R3N4,Red Deer,Canada Not-for-profit Corporations Act,needs_review,802743864,Jesus Is Lord Global Ministry Canada,93.33333333333333,,fuzzy,,,,,,,,,,,bn_contradicts_fuzzy_match,,,
8391556,QC,corporations_canada,LIANA'S DREAM FOUNDATION,FONDATION LIANA'S DREAM,260-1059 de la Montagne Street,H3G0B7,Montréal,Canada Not-for-profit Corporations Act,needs_review,828964247,Fondation de rêve Liana / Liana's Dream Foundation,100.0,54.54545454545454,fuzzy,,,,,,,,,,,bn_contradicts_fuzzy_match,,,
11992341,ON,corporations_canada,RENAISSANCE PRO,,235 CHEMIN MONTREAL SUITE 200-B,K1L6C7,OTTAWA,Canada Not-for-profit Corporations Act,needs_review,118955376,HORIZONS RENAISSANCE INC.,80.0,46.666666666666664,fuzzy,,,,federal_grant_match,239114,Renaissance Pro,100.0,,2,21149.0,mid_band_score,,,
3109925,ON,corporations_canada,CANADIAN BIOMATERIALS SOCIETY,,451 Smyth Road (RGN 4103),K1H8M5,Ottawa,Canada Not-for-profit Corporations Act,needs_review,892943762,CANADIAN BIOMATERIALS SOCIETY,100.0,37.93103448275862,fuzzy,,,,,,,,,,,bn_contradicts_fuzzy_match,,,
2661853,ON,corporations_canada,UKRAINIAN EVANGELICAL BAPTIST ASSOCIATION OF EASTERN CANADA,,16 LOCKWOOD DR,L2M4M4,ST CATHARINES,Canada Not-for-profit Corporations Act,needs_review,892586249,UKRAINIAN EVANGELICAL BAPTIST ASSOCIATION OF EASTERN CANADA,100.0,,fuzzy,,,,,,,,,,,bn_contradicts_fuzzy_match,,,
2675960,AB,corporations_canada,THE VAN HORNE INSTITUTE,,"1000, 250 2nd Street SW",T2P0C1,CALGARY,Canada Not-for-profit Corporations Act,needs_review,824563936,The Van Horne Institute Foundation,100.0,60.86956521739131,fuzzy,,,,,,,,,,,bn_contradicts_fuzzy_match,,,
2543397,SK,corporations_canada,UB David & I'11 B Jonathan Inc.,,707 Prairie Avenue,S0G4K0,Sedley,Canada Not-for-profit Corporations Act,needs_review,132662859,UB DAVID & I'LL B JONATHAN INC,85.0,35.29411764705882,fuzzy,,,,,,,,,,,mid_band_score,,,
13156371,ON,corporations_canada,Muslim Wellness Network,,659 Headley Dr,N6H3V5,London,Canada Not-for-profit Corporations Act,needs_review,783593601,MUSLIM WELLNESS NETWORK CHARITABLE ORGANIZATION,100.0,45.45454545454546,fuzzy,,,,,,,,,,,bn_contradicts_fuzzy_match,,,
13075516,QC,corporations_canada,Éparchie Syriaque Catholique au Canada,The Eparchy for Syriac Catholics in Canada,415 66e Avenue,H7V1J6,Laval,Canada Not-for-profit Corporations Act,needs_review,132031246,Communauté Syriaque Catholique (Diocèse de Montréal),80.0,58.06451612903225,fuzzy,,,,,,,,,,,mid_band_score,,,
3134377,BC,corporations_canada,COMMUNITY FUTURES DEVELOPMENT CORPORATION OF THE NORTH OKANAGAN,,#301 - 3126 31ST AVENUE,V1T2H1,VERNON,Canada Not-for-profit Corporations Act,needs_review,107783433,NORTH OKANAGAN COMMUNITY LIFE SOCIETY,76.71232876712328,70.73170731707317,fuzzy,,,,federal_grant_match,126022,Community Futures Development Corporation of the North Okanagan,100.0,,16,11286327.0,mid_band_score,,,
13306241,SK,corporations_canada,Bracken Gospel Chapel,,310 1st Street East,S0N0G0,Bracken,Canada Not-for-profit Corporations Act,needs_review,842494478,BRACKEN GOSPEL CHURCH INC.,80.0,51.42857142857142,fuzzy,,,,,,,,,,,mid_band_score,,,
8553980,ON,corporations_canada,CANADIAN CARDIOVASCULAR CRITICAL CARE SOCIETY,,150 Elgin Street,K2P1L4,OTTAWA,Canada Not-for-profit Corporations Act,needs_review,867857443,Canadian Cardiovascular Foundation / Fondation cardiovasculaire du Canada,77.92207792207793,47.36842105263158,fuzzy,,,,,,,,,,,mid_band_score,,,
3172821,ON,corporations_canada,FUTURPRENEUR CANADA,,"33 Yonge Street, Suite 1100",M5E1G4,Toronto,Canada Not-for-profit Corporations Act,needs_review,836013102,Futurpreneur Foundation / Fondation futurpreneur,100.0,,fuzzy,,,,federal_grant_match,120362,Futurpreneur Canada,100.0,,12,204807316.0,bn_contradicts_fuzzy_match,,,
4457889,ON,corporations_canada,Freethought Association of Canada Inc.,Association Canadienne de la Libre-Pensée Inc.,32 Prince George Drive,M9A1Y1,Etobicoke,Canada Not-for-profit Corporations Act,needs_review,828437129,FREETHOUGHT ASSOCIATION OF CANADA INC. / ASSOCIATION CANADIENNE DE LA LIBRE-PENSÉE INC.,100.0,,fuzzy,,,,,,,,,,,bn_contradicts_fuzzy_match,,,
10224936,SK,corporations_canada,Kindersley Wildlife Federation,,NE 25-28-23 W3,S0L1S0,Kindersley,Canada Not-for-profit Corporations Act,needs_review,889649562,NEW LIFE CHURCH KINDERSLEY INC.,78.94736842105263,65.11627906976744,fuzzy,,,,,,,,,,,mid_band_score,,,
3744167,ON,corporations_canada,Oak Ridges Moraine Land Trust,,5595 17th Sideroad,L0G1T0,Schomberg,Canada Not-for-profit Corporations Act,needs_review,873208920,OAK RIDGES MORAINE LAND TRUST,100.0,48.88888888888889,fuzzy,,,,,,,,,,,bn_contradicts_fuzzy_match,,,
14462891,ON,corporations_canada,I.D. Ministries,,66 Sumac Court,L3M5M6,Grimsby,Canada Not-for-profit Corporations Act,needs_review,897408605,I.D. MINISTRIES,100.0,66.66666666666667,fuzzy,,,,,,,,,,,bn_contradicts_fuzzy_match,,,
14572181,ON,corporations_canada,T.E.J Mental Health And Addiction Foundation,,2 Schubert Crescent,L6Y2R1,Brampton,Canada Not-for-profit Corporations Act,needs_review,129778882,CANADIAN MENTAL HEALTH ASSOCIATION/PEEL BRANCH,80.0,54.54545454545454,fuzzy,,,,,,,,,,,mid_band_score,,,
619884,AB,corporations_canada,Freshwater Conservation Canada,,6020 2 Street Southeast,T2H2L8,Calgary,Canada Not-for-profit Corporations Act,needs_review,119271690,Freshwater Conservation Canada,100.0,45.070422535211264,fuzzy,,,,,,,,,,,bn_contradicts_fuzzy_match,,,
14552717,ON,corporations_canada,Snug Harbour Community Church,,365A Hwy 559,P0G1G0,Carling,Canada Not-for-profit Corporations Act,needs_review,119152627,SNUG HARBOUR COMMUNITY CHURCH,100.0,28.57142857142857,fuzzy,,,,,,,,,,,bn_contradicts_fuzzy_match,,,
14375611,AB,corporations_canada,Canadian Cattlemen's Association (1932),,"180, 6815 - 8th Street NE",T2E7H7,Calgary,Canada Not-for-profit Corporations Act,needs_review,803857085,Canadian Cattle Foundation,78.94736842105263,33.333333333333336,fuzzy,,,,,,,,,,,mid_band_score,,,
14659155,ON,corporations_canada,Grace & Partners Community Services Association,,20 Spanhouse Cres,L3R4E3,Markham,Canada Not-for-profit Corporations Act,needs_review,873262521,REH'MA COMMUNITY SERVICES,79.3103448275862,69.6969696969697,fuzzy,,,,,,,,,,,mid_band_score,,,
14573005,ON,corporations_canada,GALA CANADA SOMALI COMMUNITY ASSOCIATION,,1659 Weston Road,M9N1V2,Toronto,Canada Not-for-profit Corporations Act,needs_review,825615388,SALAMA COMMUNITY ASSOCIATION,81.08108108108108,71.7948717948718,fuzzy,,,,,,,,,,,mid_band_score,,,
3775861,ON,corporations_canada,DYSTROPHIC EPIDERMOLYSIS BULLOSA RESEARCH ASSOCIATION OF CANADA (DEBRA CANADA),,2470 Castlebrook Road,L6M0G5,Oakville,Canada Not-for-profit Corporations Act,needs_review,868336751,DYSTROPHIC EPIDERMOLYSIS BULLOSA RESEARCH ASSOCIATION OF CANADA (DEBRA CANADA),100.0,43.67816091954023,fuzzy,,,,,,,,,,,bn_contradicts_fuzzy_match,,,
15057302,ON,corporations_canada,Brantford Spartans,,7 Winston Avenue,N3T5B6,Brantford,Canada Not-for-profit Corporations Act,needs_review,131289951,ROTARY CLUB OF BRANTFORD CHARITABLE FOUNDATION,76.47058823529412,74.28571428571429,fuzzy,,,,,,,,,,,mid_band_score,,,
14850980,AB,corporations_canada,Centre Ikaze d'Edmonton (CIE),,2908 151 Avenue,T5Y0Z6,Edmonton,Canada Not-for-profit Corporations Act,needs_review,726393200,SALEM CITY CHURCH OF EDMONTON,75.67567567567568,64.70588235294117,fuzzy,,,,,,,,,,,mid_band_score,,,
2935759,BC,corporations_canada,CAMPUS CRUSADE FOR CHRIST FOUNDATION,,30439 GREAT NORTHERN AVENUE,V2T0J6,ABBOTSFORD,Canada Not-for-profit Corporations Act,needs_review,889295846,CAMPUS CRUSADE FOR CHRIST FOUNDATION,100.0,43.13725490196079,fuzzy,,,,,,,,,,,bn_contradicts_fuzzy_match,,,
15759617,ON,corporations_canada,INTERNATIONAL FAMILY OFFICE ASSOCIATION INC.,,66 Mathersfield Drive,M4W3W5,Toronto,Canada Not-for-profit Corporations Act,needs_review,827232414,PACE FAMILY FOUNDATION,75.0,74.07407407407408,fuzzy,,,,,,,,,,,mid_band_score,,,
15728703,ON,corporations_canada,Calvary Baptist Church of Espanola,,599 Barber St,P5E1M9,Espanola,Canada Not-for-profit Corporations Act,needs_review,106831951,CALVARY BAPTIST CHURCH,76.92307692307692,,fuzzy,,,,,,,,,,,mid_band_score,,,
15661200,AB,corporations_canada,Big Rock Skating Club,,8 Cimarron Hill,T1S1M8,Okotoks,Canada Not-for-profit Corporations Act,needs_review,714024528,BIG ROCK SINGERS SOCIETY,81.25,37.5,fuzzy,,,,,,,,,,,mid_band_score,,,
15716799,ON,corporations_canada,Saint Simeon Stylites Melkite Catholic Church - Windsor,,8700 Jerome St,N8S1G8,Windsor,Canada Not-for-profit Corporations Act,needs_review,718045495,SAINT SIMEON STYLITES MELKITE CATHOLIC CHURCH,88.88888888888889,,fuzzy,,,,,,,,,,,mid_band_score,,,
15670942,SK,corporations_canada,Sikh society lloydminster,,3707 49 Ave,S9V0R7,Lloydminster,Canada Not-for-profit Corporations Act,needs_review,130063431,THE SPARK FOUNDATION OF LLOYDMINSTER,85.71428571428572,66.66666666666667,fuzzy,,,,,,,,,,,mid_band_score,,,
1841173,QC,corporations_canada,GIANT STEPS FOUNDATION - MONTREAL,LA FONDATION A PAS DE GEANTS - MONTREAL,4400 Rue Molson,H1Y0A3,Montréal,Canada Not-for-profit Corporations Act,needs_review,118969138,Centre À pas de géant,94.73684210526316,68.75,fuzzy,,,,,,,,,,,bn_contradicts_fuzzy_match,,,
15449332,ON,corporations_canada,Pembroke Islamic Centre,Centre Islamique de Pembroke,2770 B Line Road,K8A6W8,PEMBROKE,Canada Not-for-profit Corporations Act,needs_review,889051793,KINSMEN CLUB OF PEMBROKE INC.,76.47058823529412,75.0,fuzzy,,,,,,,,,,,mid_band_score,,,
16113478,ON,corporations_canada,HUMANIST KIDS,,12 MORGAN AVE,L3T1R1,MARKHAM,Canada Not-for-profit Corporations Act,needs_review,719676926,HUMANITI FOUNDATION,76.19047619047619,60.86956521739131,fuzzy,,,,,,,,,,,mid_band_score,,,
15955262,ON,corporations_canada,Kingdom of God Canadian Ministries,,81 Sky Harbour Drive,L6Y0T9,Brampton,Canada Not-for-profit Corporations Act,needs_review,855246468,KINGDOM DESTINY MINISTRIES,77.19298245614034,62.5,fuzzy,,,,,,,,,,,mid_band_score,,,
2318776,ON,corporations_canada,FCEF Friends of the Central Experimental Farm,,BUILDING 75 CENTRAL EXPERIMENTAL FARM,K1A0C6,OTTAWA,Canada Not-for-profit Corporations Act,needs_review,118913565,FCEF FRIENDS OF THE CENTRAL EXPERIMENTAL FARM,100.0,34.54545454545455,fuzzy,,,,,,,,,,,bn_contradicts_fuzzy_match,,,
16470394,AB,corporations_canada,Gusii Community Association,,58 Legacy Common SE,T0L0X0,Calgary,Canada Not-for-profit Corporations Act,needs_review,131125502,PRIDDIS COMMUNITY ASSOCIATION,75.0,72.72727272727273,fuzzy,,,,,,,,,,,mid_band_score,,,
11919695,ON,corporations_canada,Cpp Toronto,,362 Sackville Street,M4X1S1,Toronto,Canada Not-for-profit Corporations Act,needs_review,108114299,THE TORONTO DANCE FOUNDATION,75.0,75.0,fuzzy,,,,,,,,,,,mid_band_score,,,
16204996,ON,corporations_canada,Simcoe County Turkish Association,,148 Loon Avenue,L4N8X2,Barrie,Canada Not-for-profit Corporations Act,needs_review,702510496,Simcoe County YouthReach,75.55555555555556,64.0,fuzzy,,,,,,,,,,,mid_band_score,,,
16257984,QC,corporations_canada,Spiritualité Chretienne,,9458 1re Rue,H1E1G4,Montréal,Canada Not-for-profit Corporations Act,needs_review,766128920,Église chrétienne Maison de Prière de Montréal/Iglesia Cristiana Casa de Oracion Montréal,75.0,66.66666666666667,fuzzy,,,,,,,,,,,mid_band_score,,,
4511808,ON,corporations_canada,CHILDHOOD NOW,,37 Snowshoe Millway,M2L1T4,Toronto,Canada Not-for-profit Corporations Act,needs_review,840514954,Childhood Now,100.0,,fuzzy,,,,,,,,,,,bn_contradicts_fuzzy_match,,,
16776728,ON,corporations_canada,Men's United Foundation,,315-1252 Pentland St,L1G7X3,Oshawa,Canada Not-for-profit Corporations Act,needs_review,132154097,ST STEPHEN'S UNITED CHURCH,75.0,62.06896551724138,fuzzy,,,,,,,,,,,mid_band_score,,,
4540298,ON,corporations_canada,FOREVER CHAI FOUNDATION OF CANADA,,3080 Yonge Street,M4N3N1,Toronto,Canada Not-for-profit Corporations Act,needs_review,844412056,Forever Chai Foundation of Canada,100.0,52.17391304347826,fuzzy,,,,,,,,,,,bn_contradicts_fuzzy_match,,,
16949380,ON,corporations_canada,Rotary Club of Sault Ste. Marie Charitable Foundation,,364 Queen St. E.,P6A1Z1,Sault Ste. Marie,Canada Not-for-profit Corporations Act,needs_review,119141844,SAULT STE. MARIE ROTARY CLUB CHARITABLE TRUST,100.0,39.21568627450981,fuzzy,,,,,,,,,,,bn_contradicts_fuzzy_match,,,
2864096,NB,corporations_canada,BAPTIST WORLD MISSION,,46767 Homestead Road,E1G4H8,Steeves Mountain,Canada Not-for-profit Corporations Act,needs_review,890107063,BAPTIST WORLD MISSION,100.0,64.86486486486487,fuzzy,,,,,,,,,,,bn_contradicts_fuzzy_match,,,
10583120,ON,corporations_canada,Vankleek Hill and District Nature Society,,1243 May Crescent,K6A2R2,Hawkesbury,Canada Not-for-profit Corporations Act,needs_review,890655947,VANKLEEK HILL & DISTRICT NATURE SOCIETY,100.0,31.57894736842105,fuzzy,,,,,,,,,,,bn_contradicts_fuzzy_match,,,
17368585,ON,corporations_canada,Orillia Indian Community,,3111 Monarch Dr,L3V8K3,Orillia,Canada Not-for-profit Corporations Act,needs_review,820313609,ORILLIA COMMUNITY CHURCH,82.92682926829268,73.91304347826086,fuzzy,,,,,,,,,,,mid_band_score,,,
15244099,BC,corporations_canada,Cowichan Valley Mural Society,,6514 Wicks Rd,V9L5V2,Duncan,Canada Not-for-profit Corporations Act,needs_review,888526407,COWICHAN VALLEY NATURALISTS' SOCIETY,83.33333333333334,75.55555555555556,fuzzy,,,,,,,,,,,mid_band_score,,,
13678741,AB,corporations_canada,Terminator Foundation,,480 Auburn Bay Ave SE,T3M1T1,Calgary,Canada Not-for-profit Corporations Act,needs_review,751891730,THE TRI TERMINATOR FOUNDATION,83.33333333333334,,fuzzy,,,,,,,,,,,mid_band_score,,,
18080046,AB,corporations_canada,Bright future for Children Charitable Foundation-Canada,,303-1835 10 Ave SE,T2G5N7,Calgary,Canada Not-for-profit Corporations Act,needs_review,726794944,Bright Future 4 Children,91.66666666666666,,fuzzy,,,,,,,,,,,bn_contradicts_fuzzy_match,,,
11386794,ON,corporations_canada,The Voice of Community Foundation,,103-2727 Steeles Ave W,M3J3G9,Toronto,Canada Not-for-profit Corporations Act,needs_review,743907289,ELEVATE COMMUNITY CHURCH,75.0,68.29268292682926,fuzzy,,,,,,,,,,,mid_band_score,,,
17481870,ON,corporations_canada,Remnant Christian Network Canada (Camp David),,516 Barker Pkwy,L2V0K1,Thorold,Canada Not-for-profit Corporations Act,needs_review,726157944,REMNANT CHRISTIAN NETWORK CANADA,81.9672131147541,,fuzzy,,,,,,,,,,,mid_band_score,,,
9465944,ON,corporations_canada,Canadian Association of Chinese Reporters,,"Unit 205, 7050 Woodbine Ave",L3R4G8,Markham,Canada Not-for-profit Corporations Act,needs_review,769691924,CHINESE CANADIAN CHARITABLE FOUNDATION,76.19047619047619,65.625,fuzzy,,,,,,,,,,,mid_band_score,,,
11861794,ON,corporations_canada,3rd Heaven Ministries,,3301 Trafalgar Rd,L6H7C1,Oakville,Canada Not-for-profit Corporations Act,needs_review,791662919,3RD HEAVEN MINISTRIES,100.0,33.89830508474576,fuzzy,,,,,,,,,,,bn_contradicts_fuzzy_match,,,
17776241,AB,corporations_canada,Pillars Leadership and Community Development,,716 Langley Terrace SE,T4A3R1,Airdrie,Canada Not-for-profit Corporations Act,needs_review,857312359,Hope Shares Community Development Association,76.71232876712328,48.57142857142858,fuzzy,,,,,,,,,,,mid_band_score,,,
17713193,ON,corporations_canada,ISLAMIC SHIA ITHNA-ASHERI ASSOCIATION OF OTTAWA CANADA (NATIONAL CAPITAL REGION),,3856 Old Richmond Road,K2H5C4,Nepean,Canada Not-for-profit Corporations Act,needs_review,893347567,ISLAMIC SHIA ITHNA-ASHERI ASSOCIATION OF OTTAWA CANADA (NATIONAL CAPITAL REGION),100.0,,fuzzy,,,,,,,,,,,bn_contradicts_fuzzy_match,,,
17811250,ON,corporations_canada,DNB Ministries Inc.,,7190 Morrison St,L2E7K5,Niagara Falls,Canada Not-for-profit Corporations Act,needs_review,102415338,HS MINISTRIES  INC.,81.4814814814815,61.111111111111114,fuzzy,,,,,,,,,,,mid_band_score,,,
17723466,ON,corporations_canada,Canadian Friends of Tzedakah Meir Baal Haness of Jerusalem,,3625 Dufferin St,M3K1N5,Toronto,Canada Not-for-profit Corporations Act,needs_review,118832583,CANADIAN FRIENDS OF TZEDAKAH MEIR BAAL HANESS OF JERUSALEM,100.0,63.63636363636363,fuzzy,,,,,,,,,,,bn_contradicts_fuzzy_match,,,
8127441,ON,corporations_canada,CANADIAN MUSLIM FOUNDATION INC.,,70 BELFIELD RD.,M9W1G3,TORONTO,Canada Not-for-profit Corporations Act,needs_review,805215357,CANADIAN MUSLIM HERITAGE ASSOCIATION,76.92307692307692,63.63636363636363,fuzzy,,,,,,,,,,,mid_band_score,,,
3967689,ON,corporations_canada,Third Day Worship Centre,,999 SYDENHAM RD.,K7M3L8,KINGSTON,Canada Not-for-profit Corporations Act,needs_review,887369486,THIRD DAY WORSHIP CENTRE,100.0,38.095238095238095,fuzzy,,,,,,,,,,,bn_contradicts_fuzzy_match,,,
4500075,ON,corporations_canada,EDITH AND GORDON BENSON FOUNDATION,,512 DUFFERIN AVENUE,N6B2A2,LONDON,Canada Not-for-profit Corporations Act,needs_review,822360210,Edith and Gordon Benson Foundation,100.0,54.54545454545454,fuzzy,,,,,,,,,,,bn_contradicts_fuzzy_match,,,
1134558,AB,corporations_canada,HOCKEY CANADA,,SUITE 201-151 CANADA OLYMPIC ROAD SW,T3B6B7,CALGARY,Canada Not-for-profit Corporations Act,needs_review,865494694,Hockey Canada Foundation/Fondation Hockey Canada,100.0,25.0,fuzzy,,,,federal_grant_match,113724,HOCKEY CANADA,100.0,,36,30930993.0,bn_contradicts_fuzzy_match,,,
2108453,ON,corporations_canada,Ottawa Community Foundation,Fondation Communautaire d'Ottawa,301-75 ALBERT STREET,K1P5E7,OTTAWA,Canada Not-for-profit Corporations Act,needs_review,119227981,Ottawa Community Foundation / Fondation Communautaire d'Ottawa,100.0,62.857142857142854,fuzzy,,,,,,,,,,,bn_contradicts_fuzzy_match,,,
8365920,ON,corporations_canada,NORTH GRENVILLE COMMUNITY CHURCH,,2659 CONCESSION ROAD,K0G1J0,KEMPTVILLE,Canada Not-for-profit Corporations Act,needs_review,804413532,NORTH GRENVILLE COMMUNITY CHURCH,100.0,87.71929824561404,fuzzy,,,,,,,,,,,bn_contradicts_fuzzy_match,,,
471691,ON,corporations_canada,JEWISH IMMIGRANT AID SERVICES OF CANADA,,4600 BATHURST STREET,M2R3V3,TORONTO,Canada Not-for-profit Corporations Act,needs_review,107534869,JEWISH IMMIGRANT AID SERVICES OF CANADA,100.0,92.06349206349206,fuzzy,,,,,,,,,,,bn_contradicts_fuzzy_match,,,
1984691,BC,corporations_canada,"Citychurch, Inc.",,751  BEAUBIEN AVE.,V2J1S4,QUESNEL,Canada Not-for-profit Corporations Act,needs_review,119054575,CITYCHURCH  INC.,100.0,40.0,fuzzy,,,,,,,,,,,bn_contradicts_fuzzy_match,,,
8550310,ON,corporations_canada,Ottawa Torah Centre,,"111, LAMPLIGHTERS DRIVE",K2J0C2,OTTAWA,Canada Not-for-profit Corporations Act,needs_review,839016771,Ottawa Torah Centre,100.0,25.806451612903224,fuzzy,,,,,,,,,,,bn_contradicts_fuzzy_match,,,
8918619,ON,corporations_canada,Canadian Geriatrics Society,,20 Crown Steel Drive,L3R9X9,Markham,Canada Not-for-profit Corporations Act,needs_review,859147548,Canadian Geriatrics Society Scholarship Foundation,76.0,67.85714285714286,fuzzy,,,,,,,,,,,mid_band_score,,,
2954061,ON,corporations_canada,THE ROGERS FOUNDATION,,333 FLOOR STREET EAST,M4W1G9,TORONTO,Canada Not-for-profit Corporations Act,needs_review,889115176,THE ROGERS FOUNDATION,100.0,44.44444444444444,fuzzy,,,,,,,,,,,bn_contradicts_fuzzy_match,,,
957755,ON,corporations_canada,CANADIAN BIBLE SOCIETY,LA SOCIÉTÉ BIBLIQUE CANADIENNE,10 CARNFORTH ROAD,M4A2S4,TORONTO,Canada Not-for-profit Corporations Act,needs_review,118829647,CANADIAN BIBLE SOCIETY/LA SOCIETE BIBLIQUE CANADIENNE,100.0,,fuzzy,,,,,,,,,,,bn_contradicts_fuzzy_match,,,
4495802,ON,corporations_canada,Milliken Christian Community Church,,390 BAMBURGH CIRCLE,M1W3X3,TORONTO,Canada Not-for-profit Corporations Act,needs_review,803662899,MILLIKEN CHRISTIAN COMMUNITY CHURCH,100.0,34.92063492063492,fuzzy,,,,,,,,,,,bn_contradicts_fuzzy_match,,,
3836525,ON,corporations_canada,ELLIOT LAKE FELLOWSHIP BAPTIST CHURCH,,20 ROMAN AVENUE,P5A1R7,ELLIOT LAKE,Canada Not-for-profit Corporations Act,needs_review,107384398,ELLIOT LAKE FIRST BAPTIST CHURCH,80.0,,fuzzy,,,,,,,,,,,mid_band_score,,,
2060833,ON,corporations_canada,Chair of Ukrainian Studies Foundation,La Fondation de la Chaire des Etudes Ukrainiennes,620 SPADINA AVENUE,M5S2H4,TORONTO,Canada Not-for-profit Corporations Act,needs_review,100909753,Chair of Ukrainian Studies Foundation / La Fondation de la Chaire des Etudes Ukrainiennes,100.0,83.01886792452831,fuzzy,,,,,,,,,,,bn_contradicts_fuzzy_match,,,
8487588,ON,corporations_canada,P.O.M - UNITED,,485 Douglas Avenue,M5M1H6,TORONTO,Canada Not-for-profit Corporations Act,needs_review,816109441,P.O.M. - UNITED,100.0,,fuzzy,,,,,,,,,,,bn_contradicts_fuzzy_match,,,
3593380,ON,corporations_canada,ABO THER AL GHAFARI MOSQUE ASSOCIATION,,273 DONALD STREET,K1K1N1,OTTAWA,Canada Not-for-profit Corporations Act,needs_review,893017962,ABO THER AL GHAFARI MOSQUE ASSOCIATION,100.0,43.07692307692308,fuzzy,,,,,,,,,,,bn_contradicts_fuzzy_match,,,
2186675,QC,corporations_canada,THE ARMENIAN RELIEF SOCIETY OF CANADA (A.R.S.) INC.,LA CROIX DE SECOURS ARMENIENNE DU CANADA (A.R.S.) INC.,3401 OLIVAR-ASSELIN,H4J1L5,MONTREAL,Canada Not-for-profit Corporations Act,needs_review,873682868,THE ARMENIAN RELIEF SOCIETY OF CANADA (A.R.S.) FOUNDATION/FONDATION DE LA CROIX DE SECOURS ARMENIENNE DU CANADA (A.R.S.)DU CA NADA (A.R.S.),100.0,77.41935483870968,fuzzy,,,,,,,,,,,bn_contradicts_fuzzy_match,,,
4467337,ON,corporations_canada,Parkdale United Church Orchestra,,429 PARKDALE AVENUE,K1Y1H3,OTTAWA,Canada Not-for-profit Corporations Act,needs_review,107815201,PARKDALE UNITED CHURCH,75.0,24.489795918367353,fuzzy,,,,,,,,,,,mid_band_score,,,
3791548,ON,corporations_canada,Niagara Christian Community of Schools,,2619 NIAGARA PKWY,L2A5M4,FORT ERIE,Canada Not-for-profit Corporations Act,needs_review,119057164,NIAGARA CHRISTIAN COMMUNITY OF SCHOOLS,100.0,45.90163934426229,fuzzy,,,,,,,,,,,bn_contradicts_fuzzy_match,,,
329746,ON,corporations_canada,BROCKVILLE FLYING CLUB,,4620 AIRPORT ROAD,K6V5T7,BROCKVILLE,Canada Not-for-profit Corporations Act,needs_review,119217438,THE BROCKVILLE ROWING CLUB INCORPORATED,82.35294117647058,66.66666666666667,fuzzy,,,,,,,,,,,mid_band_score,,,
9941568,AB,corporations_canada,Smith Family Foundation,,442 Walker Road NW,T5T2X2,Edmonton,Canada Not-for-profit Corporations Act,needs_review,759803299,Smith Family Foundation,100.0,,fuzzy,,,,,,,,,,,bn_contradicts_fuzzy_match,,,
9486356,ON,corporations_canada,Stevens Johnson Syndrome Canada,,64 Gillespie Drive,N3T0J9,Brantford,Canada Not-for-profit Corporations Act,needs_review,819277393,STEVENS JOHNSON SYNDROME CANADA,100.0,,fuzzy,,,,,,,,,,,bn_contradicts_fuzzy_match,,,
9506004,AB,corporations_canada,Paul Band Bible Baptist Church,,2317 Township Road 552,T0E1V0,Onoway,Canada Not-for-profit Corporations Act,needs_review,815435961,Paul Band Bible Baptist Church,100.0,48.64864864864865,fuzzy,,,,,,,,,,,bn_contradicts_fuzzy_match,,,
2764580,ON,corporations_canada,The Institute on Governance,,"203 - 60, RUE GEORGE STREET",K1N1J4,OTTAWA,Canada Not-for-profit Corporations Act,needs_review,132056631,THE INSTITUTE ON GOVERNANCE,100.0,,fuzzy,,,,,,,,,,,bn_contradicts_fuzzy_match,,,
9551948,ON,corporations_canada,LABATT BETTER TOGETHER,,207 Queen's Quay,M5J1A7,Toronto,Canada Not-for-profit Corporations Act,needs_review,810964569,LABATT BETTER TOGETHER,100.0,25.806451612903224,fuzzy,,,,,,,,,,,bn_contradicts_fuzzy_match,,,
9687823,ON,corporations_canada,ABSOLUTE CONCEPT,,242-415 oakdale road,M3N1W7,Toronto,Canada Not-for-profit Corporations Act,needs_review,783737927,ABSOLUTE CONCEPT,100.0,26.66666666666667,fuzzy,,,,,,,,,,,bn_contradicts_fuzzy_match,,,
4542053,ON,corporations_canada,InterChange: International Institute for Community-Based Peacebuilding,,252 BLOOR ST. W.,M5S1V6,TORONTO,Canada Not-for-profit Corporations Act,needs_review,887101053,INTERCHANGE: INTERNATIONAL INSTUTUTE FOR COMMUNITY-BASED PEACEBUILDING,98.18181818181819,42.85714285714286,fuzzy,,,,,,,,,,,bn_contradicts_fuzzy_match,,,
1403206,ON,corporations_canada,CHURCHILL SOCIETY FOR THE ADVANCEMENT OF PARLIAMENTARY DEMOCRACY,,48 CAMERON CRESCENT,M4G1Z8,TORONTO,Canada Not-for-profit Corporations Act,needs_review,893028365,CHURCHILL SOCIETY FOR THE ADVANCEMENT OF PARLIAMENTARY,88.63636363636364,,fuzzy,,,,,,,,,,,mid_band_score,,,
10361429,ON,corporations_canada,"Goodwill Industries, Ontario Great Lakes, Career Centre",,255 Horton Street East,N6B1L1,London,Canada Not-for-profit Corporations Act,needs_review,119023810,GOODWILL INDUSTRIES  ONTARIO GREAT LAKES,91.76470588235294,69.04761904761905,fuzzy,,,,federal_grant_match,368390,"Goodwill Industries, Ontario Great Lakes Career Centre",100.0,,1,933535.0,bn_contradicts_fuzzy_match,,,
10190926,ON,corporations_canada,Orillia Cricket Club,,7 Skyline drive,L3V3V8,Orillia,Canada Not-for-profit Corporations Act,needs_review,892281577,ORILLIA CHRISTIAN CENTRE,75.0,74.07407407407408,fuzzy,,,,,,,,,,,mid_band_score,,,
9935207,QC,corporations_canada,CONCORDIA UNIVERSITY PRESS,LES PRESSES DE L’UNIVERSITÉ CONCORDIA,1455 De Maisonneuve Blvd. W.,H3G1M8,Montreal,Canada Not-for-profit Corporations Act,needs_review,106966591,UNIVERSITE CONCORDIA,83.33333333333334,54.16666666666667,fuzzy,,,,,,,,,,,mid_band_score,,,
4391543,ON,corporations_canada,WORLD HERITAGE MEDIA,,209265 Hwy 26,L9Y0T7,The Blue Mountains,Canada Not-for-profit Corporations Act,needs_review,850414129,WORLD HERITAGE FOUNDATION,82.35294117647058,32.55813953488372,fuzzy,,,,,,,,,,,mid_band_score,,,
9867953,AB,corporations_canada,Care for a Child Foundation,,59 Jacobs Close,T8N7S3,St. Albert,Canada Not-for-profit Corporations Act,needs_review,807860168,Care for a Child Foundation,100.0,,fuzzy,,,,,,,,,,,bn_contradicts_fuzzy_match,,,
10777234,ON,corporations_canada,Olde Town Stoney Creek Community Association,,3 1st Street South,L8G1P7,Hamilton,Canada Not-for-profit Corporations Act,needs_review,138661814,STONEY CREEK COMMUNITY FOODBANK,79.36507936507937,62.745098039215684,fuzzy,,,,,,,,,,,mid_band_score,,,
2598477,ON,corporations_canada,The Shakespeare Globe Centre of Canada,,650 briar hill ave apt 401,M5N1N3,toronto,Canada Not-for-profit Corporations Act,needs_review,121303135,THE SHAKESPEARE GLOBE CENTRE OF CANADA,100.0,,fuzzy,,,,,,,,,,,bn_contradicts_fuzzy_match,,,
2746719,AB,corporations_canada,CANADIAN FELLOWSHIP OF CHRISTIAN COWBOYS,,1012 - 9TH Street West,T1V1B1,HIGH RIVER,Canada Not-for-profit Corporations Act,needs_review,890212194,ALBERTA FELLOWSHIP OF CHRISTIAN COWBOYS,84.93150684931507,33.89830508474576,fuzzy,,,,,,,,,,,mid_band_score,,,
4401506,AB,corporations_canada,Rotary International District 5370,,10045 156 Street NW,T5P2P7,EDMONTON,Canada Not-for-profit Corporations Act,needs_review,889886024,ROTARY DISTRICT 5370 CHARITABLE FOUNDATION,100.0,36.0,fuzzy,,,,,,,,,,,bn_contradicts_fuzzy_match,,,
10543489,ON,corporations_canada,BUDDHIST SOCIETY OF ONTARIO(BSO) INC.,,10 HARROW STREET,L4T1J3,MISSISSAUGA,Canada Not-for-profit Corporations Act,needs_review,793142936,BUDDHIST SOCIETY OF ONTARIO,88.88888888888889,,fuzzy,,,,,,,,,,,mid_band_score,,,
1048082,QC,corporations_canada,LE THEATRE DE LA LIGUE NATIONALE D'IMPROVISATION INC.,,"2121, rue Parthenais",H2K3T1,Montréal,Canada Not-for-profit Corporations Act,needs_review,128115854,LE THEATRE DE LA LIGUE NATIONALE D'IMPROVISATION INC.,100.0,100.0,fuzzy,,,,,,,,,,,bn_contradicts_fuzzy_match,,,
1360744,ON,corporations_canada,THE VIETNAMESE CANADIAN FEDERATION,LA FEDERATION VIETNAMIENNE DU CANADA,119 Margrave Avenue,K1T3X9,Ottawa,Canada Not-for-profit Corporations Act,needs_review,834537011,VIETNAMESE CANADIAN BUDDHIST ASSOCIATION,80.85106382978724,60.60606060606061,fuzzy,,,,,,,,,,,mid_band_score,,,
11592149,ON,corporations_canada,Waterloo County F.C,,176 Coach Hill Drive,N2E1P4,Kitchener,Canada Not-for-profit Corporations Act,needs_review,891675647,WATERLOO ROTARY CLUB CHARITABLE FOUNDATION,80.0,57.14285714285714,fuzzy,,,,,,,,,,,mid_band_score,,,
3475522,ON,corporations_canada,Scottish Studies Society,,30 Exeter Road,L1S2J6,Ajax,Canada Not-for-profit Corporations Act,needs_review,119253490,THE SCOTTISH STUDIES FOUNDATION INC.,100.0,,fuzzy,,,,,,,,,,,bn_contradicts_fuzzy_match,,,
4540271,NS,corporations_canada,THE SCOTTISH RITE CHARITABLE FOUNDATION LEARNING CENTRE FOR HALIFAX INC.,,"10 Morris Drive, Unit 37",B3B1K8,DARTMOUTH,Canada Not-for-profit Corporations Act,needs_review,838413854,THE SCOTTISH RITE CHARITABLE FOUNDATION LEARNING CENTRE FOR HALIFAX INC.,100.0,30.76923076923077,fuzzy,,,,,,,,,,,bn_contradicts_fuzzy_match,,,
12620588,PE,corporations_canada,Black Cultural Society of Prince Edward Island Inc.,,"176 Great George St., Suite L05",C1A4K9,Charlottetown,Canada Not-for-profit Corporations Act,needs_review,898825575,THE PRINCE EDWARD ISLAND COUNCIL OF THE ARTS,76.47058823529412,76.19047619047619,fuzzy,,,,federal_grant_match,99880,Black Cultural Society of Prince Edward Island Inc.,100.0,,10,411000.0,mid_band_score,,,
12224283,ON,corporations_canada,Pumpkin's Acres Rabbit Rescue Inc.,,70 Winslow Crescent,L2V3S4,Thorold,Canada Not-for-profit Corporations Act,needs_review,722435476,Pumpkin's Acres Rabbit Rescue,100.0,,fuzzy,,,,,,,,,,,bn_contradicts_fuzzy_match,,,
12345170,ON,corporations_canada,Peterborough Hockey Association,,266 Charlotte Street,K9J2V4,Peterborough,Canada Not-for-profit Corporations Act,needs_review,786545111,Peterborough City Church,83.33333333333334,80.0,fuzzy,,,,,,,,,,,mid_band_score,,,
255297,AB,corporations_canada,Full Gospel Business Men’s Fellowship in Canada (1977),,4309-49 St.,T0A3A4,St. Paul,Canada Not-for-profit Corporations Act,needs_review,107409252,FULL GOSPEL BUSINESS MEN'S FELLOWSHIP IN CANADA,93.82716049382715,40.54054054054054,fuzzy,,,,,,,,,,,bn_contradicts_fuzzy_match,,,
12757176,ON,corporations_canada,Living Hope Family Church,,73 Nabob Crescent,M1B2Z1,Toronto,Canada Not-for-profit Corporations Act,needs_review,839514932,Living Hope Family Church,100.0,,fuzzy,,,,,,,,,,,bn_contradicts_fuzzy_match,,,
9426540,ON,corporations_canada,Northumberland Makers,,739 D'Arcy St,K9A0G1,Cobourg,Canada Not-for-profit Corporations Act,needs_review,870609443,NORTHUMBERLAND HUMANE SOCIETY,85.71428571428572,80.0,fuzzy,,,,federal_grant_match,314090,Northumberland Makers,100.0,,4,53055.0,mid_band_score,,,
13508471,ON,corporations_canada,London Arts and Sports Club,,1325 HIGHBURY AVE NORTH,N5Y1B7,LONDON,Canada Not-for-profit Corporations Act,needs_review,890960040,LONDON ARTS PLUS,82.35294117647058,59.45945945945945,fuzzy,,,,,,,,,,,mid_band_score,,,
4227921,ON,corporations_canada,FAITH FACTOR MINISTRIES INTERNATIONAL,,9527 MCLEOD ROAD,L2H0Z4,NIAGARA FALLS,Canada Not-for-profit Corporations Act,needs_review,861294528,FAITH FACTOR MINISTRIES INTERNATIONAL,100.0,,fuzzy,,,,,,,,,,,bn_contradicts_fuzzy_match,,,
10387142,ON,corporations_canada,Society for the Preservation of Canada's Nuclear Heritage Inc,Société pour la préservation du patrimoine nucléaire du Canada,51 Poplar Street,K0J1P0,Deep River,Canada Not-for-profit Corporations Act,needs_review,733739924,Society for the Preservation of Canada's Nuclear Heritage,100.0,48.275862068965516,fuzzy,,,,,,,,,,,bn_contradicts_fuzzy_match,,,
13526135,MB,corporations_canada,Heavenly King Orthodox Academy,,104 Yale Avenue,R3M0L6,Winnipeg,Canada Not-for-profit Corporations Act,needs_review,757130505,Heavenly King Orthodox Academy,100.0,40.0,fuzzy,,,,,,,,,,,bn_contradicts_fuzzy_match,,,
3717011,ON,corporations_canada,Innis Point Bird Observatory,,801-415 Greenview Ave.,K2B8G5,Ottawa,Canada Not-for-profit Corporations Act,needs_review,119071215,INNIS POINT BIRD OBSERVATORY,100.0,,fuzzy,,,,,,,,,,,bn_contradicts_fuzzy_match,,,
8913846,ON,corporations_canada,CANADIAN SOCIETY OF CARDIOVASCULAR NUCLEAR AND CT IMAGING,SOCIÉTÉ CANADIENNE DE CARDIOLOGIE NUCLÉAIRE ET DE TOMODENSITOMÉTRIE,150 Elgin Street,K2P1L4,OTTAWA,Canada Not-for-profit Corporations Act,needs_review,867857443,Canadian Cardiovascular Foundation / Fondation cardiovasculaire du Canada,75.60975609756098,49.43820224719101,fuzzy,,,,,,,,,,,mid_band_score,,,
3357376,ON,corporations_canada,MIDDLE EAST CHRISTIAN OUTREACH (CANADA),,1377 WALKERS LINE,L7M0Z1,BURLINGTON,Canada Not-for-profit Corporations Act,needs_review,119039980,MIDDLE EAST CHRISTIAN OUTREACH (CANADA),100.0,43.333333333333336,fuzzy,,,,,,,,,,,bn_contradicts_fuzzy_match,,,
13582221,ON,corporations_canada,SOUTHERN ONTARIO TRES DIAS,,12 Alice Crescent,N0B2H0,Petersburg,Canada Not-for-profit Corporations Act,needs_review,824910186,Southern Ontario Tres Dias,100.0,45.614035087719294,fuzzy,,,,,,,,,,,bn_contradicts_fuzzy_match,,,
13825809,ON,corporations_canada,Lost Forest Community Association,,4449 Milburough Line,L7P0C5,Burlington,Canada Not-for-profit Corporations Act,needs_review,118918135,FIRST COMMUNITY CHURCH OF MILTON,79.06976744186046,48.484848484848484,fuzzy,,,,,,,,,,,mid_band_score,,,
14320344,QC,corporations_canada,Armenian Orphans Fund,Fond des Orphelins Arméniens,6970 Louis-Paul-Perron,H7L0B9,Laval,Canada Not-for-profit Corporations Act,needs_review,860740745,ARMENIAN ORPHANS FUND,100.0,,fuzzy,,,,,,,,,,,bn_contradicts_fuzzy_match,,,
13957543,ON,corporations_canada,25 Al;ve Canada Limited,,14012 Leslie Street,L4G7C2,Aurora,Canada Not-for-profit Corporations Act,needs_review,749148748,25 Al;ve Canada Foundation,100.0,27.27272727272727,fuzzy,,,,,,,,,,,bn_contradicts_fuzzy_match,,,
10252093,ON,corporations_canada,Rotary Club of D7040 Passport,,1357 Borden Crescent,K6V5X7,Brockville,Canada Not-for-profit Corporations Act,needs_review,738845213,ROTARY CLUB OF D7040 PASSPORT CHARITABLE FOUNDATION,100.0,,fuzzy,,,,,,,,,,,bn_contradicts_fuzzy_match,,,
4540301,QC,corporations_canada,COALITION SOLIDARITÉ DÉVELOPPEMENT DURABLE (CSDD),,211-103 Rue Angora,H9B1W6,Dollard-Des-Ormeaux,Canada Not-for-profit Corporations Act,needs_review,836121855,Coalition solidarité développement durable,91.80327868852459,,fuzzy,,,,,,,,,,,bn_contradicts_fuzzy_match,,,
3589005,MB,corporations_canada,Manitoba Possible Inc.,,1857 NOTRE DAME AVE,R3E3E7,Winnipeg,Canada Not-for-profit Corporations Act,needs_review,888405644,Manitoba Possible Foundation Inc.,100.0,79.06976744186046,fuzzy,,,,,,,,,,,bn_contradicts_fuzzy_match,,,
4512103,ON,corporations_canada,ARTISTS OF UXBRIDGE,,7 Furlan Court,L9P1Z8,Uxbridge,Canada Not-for-profit Corporations Act,needs_review,851917179,UXBRIDGE BAPTIST CHURCH,87.5,75.0,fuzzy,,,,,,,,,,,mid_band_score,,,
15068941,ON,corporations_canada,Carleton Place Muslim Association,,16 Stanzel Drive,K7C0H8,Carleton Place,Canada Not-for-profit Corporations Act,needs_review,812388031,CARLETON PLACE MUSIC SOCIETY,92.6829268292683,80.0,fuzzy,,,,,,,,,,,bn_contradicts_fuzzy_match,,,
14598229,ON,corporations_canada,Timmins Tigers Cricket Club Inc.,,704 LAVIGNE BLVD,P4N8M7,TIMMINS,Canada Not-for-profit Corporations Act,needs_review,119259166,THE TIMMINS CONCERT SINGERS INC.,80.0,70.0,fuzzy,,,,,,,,,,,mid_band_score,,,
15054427,ON,corporations_canada,LIVING BRIDGES MINISTRIES,,1224 Lawrence Avenue West,M6A1E3,Toronto,Canada Not-for-profit Corporations Act,needs_review,866382690,Living Bridges Ministries,100.0,53.06122448979591,fuzzy,,,,,,,,,,,bn_contradicts_fuzzy_match,,,
12688166,ON,corporations_canada,Caring Canadians Society,,39-1010 Fanshawe Park Road East,N5X0K9,London,Canada Not-for-profit Corporations Act,needs_review,892221847,SOCIETA CANADESE PER GLI STUDI D'ITALIANISTICA/CANADIAN SOCI,75.86206896551724,43.90243902439024,fuzzy,,,,,,,,,,,mid_band_score,,,
3348695,ON,corporations_canada,"SIMCOE GOSPEL CHAPEL, INC.",,4152 Highway #3 Box 25,N3Y4K8,Simcoe,Canada Not-for-profit Corporations Act,needs_review,107981441,SIMCOE GOSPEL CHAPEL INC.,100.0,58.82352941176471,fuzzy,,,,,,,,,,,bn_contradicts_fuzzy_match,,,
13502716,ON,corporations_canada,North Bay / French River Algonquins,,924 McIntyre Street West,P1B3A4,North Bay,Canada Not-for-profit Corporations Act,needs_review,107557118,L'ARCHE NORTH BAY,75.0,72.0,fuzzy,,,,,,,,,,,mid_band_score,,,
15362083,ON,corporations_canada,SCARBOROUGH MUSLIM ORGANIZATION,,304-4 TREEWOOD STREET,M1P3J4,SCARBOROUGH,Canada Not-for-profit Corporations Act,needs_review,889756441,SCARBOROUGH MUSLIM ASSOCIATION,100.0,80.0,fuzzy,,,,,,,,,,,bn_contradicts_fuzzy_match,,,
10667358,ON,corporations_canada,PARKDALE NEIGHBOURHOOD LAND TRUST,,27 Madison Ave,M5R2S2,Toronto,Canada Not-for-profit Corporations Act,needs_review,802720235,THE NEIGHBOURHOOD LAND TRUST,80.0,40.0,fuzzy,,,,,,,,,,,mid_band_score,,,
8548897,ON,corporations_canada,CANADIAN DEFENCE LAWYERS ASSOCIATION,,3-1136 Centre Street,L4J3M8,Vaughan,Canada Not-for-profit Corporations Act,needs_review,815582960,CANADIAN DEFENCE LAWYERS FOUNDATION,100.0,41.666666666666664,fuzzy,,,,,,,,,,,bn_contradicts_fuzzy_match,,,
15313821,ON,corporations_canada,Parspolis Community Foundation,,506 - 90 Absolute Ave,L4Z0A3,Mississauga,Canada Not-for-profit Corporations Act,needs_review,863376737,CROSS COMMUNITY,76.47058823529412,70.27027027027026,fuzzy,,,,,,,,,,,mid_band_score,,,
15400643,ON,corporations_canada,Brampton Arts Organization,,8 Nelson Street West,L6X1B7,Brampton,Canada Not-for-profit Corporations Act,needs_review,864587811,BRAMPTON INTERNATIONAL BAPTIST CHURCH,82.75862068965517,76.19047619047619,fuzzy,,,,federal_grant_match,244043,BRAMPTON ARTS ORGANIZATION,100.0,,3,64530.0,mid_band_score,,,
3276180,ON,corporations_canada,W. O. W. Women of Worth Ministries,,11613 Bramalea Rd,L6R0C2,BRAMPTON,Canada Not-for-profit Corporations Act,needs_review,889681946,W O W WOMEN OF WORTH MINISTRIES,100.0,58.53658536585367,fuzzy,,,,,,,,,,,bn_contradicts_fuzzy_match,,,
9732233,MB,corporations_canada,Fireseeds North Foundation,,63 Temple Bay,R3T2V1,Winnipeg,Canada Not-for-profit Corporations Act,needs_review,777185125,Fireseeds North Foundation,100.0,,fuzzy,,,,,,,,,,,bn_contradicts_fuzzy_match,,,
1726633,AB,corporations_canada,CAUSE CANADA,,"330, 1010 8 ave SW",T2P1J2,Calgary,Canada Not-for-profit Corporations Act,needs_review,118841428,CAUSE CANADA,100.0,12.121212121212121,fuzzy,,,,,,,,,,,bn_contradicts_fuzzy_match,,,
15452210,ON,corporations_canada,Canadian National Council of Hindus,,270 Export Boulevard,L5S1Y9,Mississauga,Canada Not-for-profit Corporations Act,needs_review,888267440,CANADIAN COUNCIL OF HINDUS (1985),76.66666666666666,44.44444444444444,fuzzy,,,,,,,,,,,mid_band_score,,,
8702055,ON,corporations_canada,CAPITALIZE FOR KIDS,,1 ST. CLAIR AVE W UNIT 300,M4V1K6,TORONTO,Canada Not-for-profit Corporations Act,needs_review,815601760,CAPITALIZE FOR KIDS FOUNDATION,100.0,47.36842105263158,fuzzy,,,,federal_grant_match,284703,Capitalize for Kids,100.0,,1,0.0,bn_contradicts_fuzzy_match,,,
15604427,ON,corporations_canada,ISLAMIC SOCIETY OF PEMBROKE,,360a Pembroke Street West,K8A4N8,Pembroke,Canada Not-for-profit Corporations Act,needs_review,844025197,Kiwanis Club of Pembroke Inc. Charitable Trust,75.0,75.0,fuzzy,,,,,,,,,,,mid_band_score,,,
7935943,NU,corporations_canada,The Arctic Eider Society,Société des Eiders de L'Arctique,"Building 410, no 234",X0A0W0,Sanikiluaq,Canada Not-for-profit Corporations Act,needs_review,846211712,ARCTIC EIDER SOCIETY,100.0,,fuzzy,,,,,,,,,,,bn_contradicts_fuzzy_match,,,
9303472,ON,corporations_canada,CANADIAN TREASURERS ASSOCIATION INC.,ASSOCIATION CANADIENNE DES TRÉSORIERS INC.,56 Inverhuron Trail,L6H5Z7,Oakville,Canada Not-for-profit Corporations Act,needs_review,891563173,THE CANADIAN ROSE SOCIETY,75.0,52.63157894736843,fuzzy,,,,,,,,,,,mid_band_score,,,
16489001,ON,corporations_canada,Apex Impact,,129 Avondale Ave,M2N2V4,North York,Canada Not-for-profit Corporations Act,needs_review,851605410,Agape Impact,86.95652173913044,61.53846153846154,fuzzy,,,,,,,,,,,mid_band_score,,,
9607480,ON,corporations_canada,LA FONDATION CONSEIL 3056 DE HEARST,,61 Park Avenue RR2,P0L1N0,HEARST,Canada Not-for-profit Corporations Act,needs_review,107608192,LE CONSEIL DES ARTS DE HEARST,78.94736842105263,78.94736842105263,fuzzy,,,,,,,,,,,mid_band_score,,,
14977475,ON,corporations_canada,Canadian Chinese New Media Association,,18 WATER WALK DR,L3R6L5,UNIONVILLE,Canada Not-for-profit Corporations Act,needs_review,769691924,CHINESE CANADIAN CHARITABLE FOUNDATION,76.19047619047619,68.75,fuzzy,,,,,,,,,,,mid_band_score,,,
16062237,ON,corporations_canada,The Redeemed Christian Church of God - Restoration House Paris,,7 Burnley Ave,N3R1T5,Brantford,Canada Not-for-profit Corporations Act,needs_review,742973886,THE REDEEMED CHRISTIAN CHURCH OF GOD - RESTORATION HOUSE BRANTFORD,83.33333333333334,,fuzzy,,,,,,,,,,,mid_band_score,,,
16028004,ON,corporations_canada,All Saints Community Centre,,315 Dundas St E,M5A2A2,Toronto,Canada Not-for-profit Corporations Act,needs_review,736806894,ALL SAINTS CHURCH - COMMUNITY CENTRE,100.0,53.06122448979591,fuzzy,,,,,,,,,,,bn_contradicts_fuzzy_match,,,
16511252,ON,corporations_canada,Bangladesh Association of Peterborough Canada,,734 Mountain Ash Rd,K9J8K1,Peterborough,Canada Not-for-profit Corporations Act,needs_review,119251056,THE PETERBOROUGH HUMANE SOCIETY,76.19047619047619,73.46938775510203,fuzzy,,,,,,,,,,,mid_band_score,,,
10467073,ON,corporations_canada,Abilities Canada,,35 Madison Ave,M5R2S2,Toronto,Canada Not-for-profit Corporations Act,needs_review,814799730,Abilities Centre Foundation,100.0,40.0,fuzzy,,,,,,,,,,,bn_contradicts_fuzzy_match,,,
344974,AB,corporations_canada,Canadian Catholic School Trustees Association,Association canadienne des commissaires d'écoles catholiques,"#205, 9940 106 Street",T5K2N2,Edmonton,Canada Not-for-profit Corporations Act,needs_review,862235769,THE CANADIAN CATHOLIC SCHOOL TRUSTEE CHARITABLE FOUNDATION,98.46153846153847,83.07692307692307,fuzzy,,,,,,,,,,,bn_contradicts_fuzzy_match,,,
4369041,ON,corporations_canada,"CHURCH ON THE HILL, ORILLIA",,96 Quinn Ave,L3V3H5,Orillia,Canada Not-for-profit Corporations Act,needs_review,132636259,CHURCH-ON-THE-HILL  ORILLIA,100.0,,fuzzy,,,,,,,,,,,bn_contradicts_fuzzy_match,,,
16798012,ON,corporations_canada,Karen Baptist Church of Kitchener (KBCK),,36 Daytona Street,N2M5M3,Kitchener,Canada Not-for-profit Corporations Act,needs_review,832076228,Kitchener Chin Baptist Church,76.0,50.0,fuzzy,,,,,,,,,,,mid_band_score,,,
16780580,ON,corporations_canada,The Chinese Christian Church of Ottawa,,116 Empress Ave,K1R7G2,Ottawa,Canada Not-for-profit Corporations Act,needs_review,137603981,CHINESE CHRISTIAN CHURCH OF OTTAWA,100.0,,fuzzy,,,,,,,,,,,bn_contradicts_fuzzy_match,,,
2085933,QC,corporations_canada,HEALTH PARTNERS INTERNATIONAL OF CANADA,PARTENAIRES CANADIENS POUR LA SANTÉ INTERNATIONALE,93 Ste-Anne,H9X1L9,Ste-Anne de Bellevue,Canada Not-for-profit Corporations Act,needs_review,119031524,Health Partners International of Canada / Partenaires canadiens pour la santé internationale,100.0,40.0,fuzzy,,,,,,,,,,,bn_contradicts_fuzzy_match,,,
13637891,AB,corporations_canada,RUTH'S HOUSE,,8500 Macleod Trail SE,T2H2N1,Calgary,Canada Not-for-profit Corporations Act,needs_review,762327211,RUTH'S HOUSE SOCIETY,100.0,36.36363636363637,fuzzy,,,,,,,,,,,bn_contradicts_fuzzy_match,,,
4541766,AB,corporations_canada,France-Edmonton Society,Société France-Edmonton,9047 90 St,T6C3L8,Edmonton,Canada Not-for-profit Corporations Act,needs_review,118893965,EDMONTON MORAVIAN CHURCH,75.0,72.22222222222221,fuzzy,,,,,,,,,,,mid_band_score,,,
12668360,PE,corporations_canada,BIPOC USHR Prince Edward Island Inc.,,120 Prince St,C1A4R4,Charlottetown,Canada Not-for-profit Corporations Act,needs_review,706447471,Prince Edward Island Sikh Association Inc.,82.14285714285714,77.96610169491525,fuzzy,,,,federal_grant_match,157262,BIPOC USHR Prince Edward Island Inc,100.0,,6,306828.81,mid_band_score,,,
16984487,AB,corporations_canada,RISE Cold Lake,,5016 45 St,T9M1Z2,Cold Lake,Canada Not-for-profit Corporations Act,needs_review,846298560,COLD LAKE SENIORS' SOCIETY,77.41935483870968,66.66666666666667,fuzzy,,,,,,,,,,,mid_band_score,,,
17037881,ON,corporations_canada,The Reign of Jesus Christ International Ministries,,23 Merrian Rd,M1K3M6,Scarborough,Canada Not-for-profit Corporations Act,needs_review,793273087,Jesus First Christian Ministries Canada,75.40983606557377,65.57377049180329,fuzzy,,,,,,,,,,,mid_band_score,,,
16953719,ON,corporations_canada,Remnant Generation Holiness Church,,1151 North River Rd,K1K3W5,Ottawa,Canada Not-for-profit Corporations Act,needs_review,759733116,REMNANT GENERATION HOLINESS CHURCH,100.0,53.65853658536586,fuzzy,,,,,,,,,,,bn_contradicts_fuzzy_match,,,
9837159,ON,corporations_canada,Scarborough Chinese Canadian Association,,8 Glen Watford Dr. #G58,M1S2C1,SCARBOROUGH,Canada Not-for-profit Corporations Act,needs_review,775414675,Scarborough Chinese Bible Church,79.24528301886792,64.0,fuzzy,,,,federal_grant_match,161666,Scarborough Chinese Canadian Association,100.0,,2,50000.0,mid_band_score,,,
18015716,ON,corporations_canada,EVANGELICAT CATHOLIC ORTHODOX CHURCH,,192 Darling St,N3S3W7,Brantford,Canada Not-for-profit Corporations Act,needs_review,118962828,EVANGELICAL CATHOLIC ORTHODOX CHURCH,96.55172413793103,,fuzzy,,,,,,,,,,,bn_contradicts_fuzzy_match,,,
17384653,ON,corporations_canada,GKF Church Mississauga,,3291 Gretchen Road,L5C1X8,Mississauga,Canada Not-for-profit Corporations Act,needs_review,892395112,Mississauga Foundation,84.61538461538461,70.58823529411764,fuzzy,,,,,,,,,,,mid_band_score,,,
16630685,NB,corporations_canada,ASSOCIATION COMMUNAUTAIRE TUNISIENNE AU NOUVEAU BRUNSWICK,,351-240 Mapleton Rd,E1C0G5,Moncton,Canada Not-for-profit Corporations Act,needs_review,719383523,New Brunswick Refugee Foundation Inc. / Fondation des réfugiés du Nouveau-Brunswick Inc.,77.77777777777779,66.66666666666667,fuzzy,,,,,,,,,,,mid_band_score,,,
15999812,ON,corporations_canada,HOUSE OF PRAISE AND PRAYER,,746 Barton St E,L8L3B1,Hamilton,Canada Not-for-profit Corporations Act,needs_review,791597495,HOUSE OF PRAISE AND PRAYER,100.0,,fuzzy,,,,,,,,,,,bn_contradicts_fuzzy_match,,,
13641180,ON,corporations_canada,Windsor of Change,,1949 Fuller Crescent,N8W5S2,Windsor,Canada Not-for-profit Corporations Act,needs_review,890493562,WINDSOR CANCER CENTRE FOUNDATION,85.71428571428572,73.33333333333334,fuzzy,,,,,,,,,,,mid_band_score,,,
17498756,BC,corporations_canada,Truth Project International Ministries,,7-2070 Harvey Ave,V1Y8P8,Kelowna,Canada Not-for-profit Corporations Act,needs_review,136536323,REACHOUT YOUTH MINISTRIES  INC,77.55102040816327,66.66666666666667,fuzzy,,,,,,,,,,,mid_band_score,,,
17490551,ON,corporations_canada,The Cedars Ministry,,256 Doris Ave,M2N6X8,Toronto,Canada Not-for-profit Corporations Act,needs_review,851917377,THE CHANNELS MINISTRY,75.0,56.52173913043479,fuzzy,,,,,,,,,,,mid_band_score,,,
17524269,ON,corporations_canada,Bradford Chinese Church,,2465 Line 9,L3Z3T1,Bradford West Gwillimbury,Canada Not-for-profit Corporations Act,needs_review,724684006,A Bradford Christmas,76.47058823529412,70.96774193548387,fuzzy,,,,,,,,,,,mid_band_score,,,
17910932,ON,corporations_canada,MILTON 1ST FOUNDATION,,1349 Argall Ct,L9T7K6,Milton,Canada Not-for-profit Corporations Act,needs_review,845492115,MILTON BAPTIST CHURCH,75.0,69.56521739130434,fuzzy,,,,,,,,,,,mid_band_score,,,
8066612,ON,corporations_canada,Animal Justice,,100 KING STREET WEST,M5X1C7,TORONTO,Canada Not-for-profit Corporations Act,needs_review,803997212,Justice for Animals Foundation,84.84848484848484,77.77777777777779,fuzzy,,,,,,,,,,,mid_band_score,,,
3107141,ON,corporations_canada,INTERNATIONAL TAOIST TAI CHI SOCIETY,SOCIÉTÉ INTERNATIONALE DE TAI CHI TAOÏSTE,134 D'ARCY STREET,M5T1K3,TORONTO,Canada Not-for-profit Corporations Act,needs_review,119258655,TAOIST TAI CHI SOCIETY OF CANADA/LA SOCIETE DE TAI CHI TAOIST DU CANADA,100.0,44.067796610169495,fuzzy,,,,,,,,,,,bn_contradicts_fuzzy_match,,,
8228213,QC,corporations_canada,MISSION ÉVANGÉLIQUE DU CHRISTIANISME (CANADA),,"9366, 2IEME AVENUE",H1Z2T1,MONTREAL,Canada Not-for-profit Corporations Act,needs_review,895306199,MISSION EVANGELIQUE DU CHRISTIANISME,100.0,,fuzzy,,,,,,,,,,,bn_contradicts_fuzzy_match,,,
2358247,ON,corporations_canada,CANADIAN ASSOCIATION OF RADIATION ONCOLOGY,ASSOCIATION CANADIENNE DE RADIO-ONCOLOGIE,20 CROWN STEEL DRIVE,L3R9X9,MARKHAM,Canada Not-for-profit Corporations Act,needs_review,837837129,Canadian Radiation Oncology Foundation/Fondation canadienne de radio-oncologie,100.0,60.86956521739131,fuzzy,,,,,,,,,,,bn_contradicts_fuzzy_match,,,
345890,ON,corporations_canada,Canadian Dental Association,Association dentaire canadienne,1815 ALTA VISTA DRIVE,K1G3Y6,OTTAWA,Canada Not-for-profit Corporations Act,needs_review,138603006,DENTISTRY CANADA FUND/FONDS DENTAIRE CANADIEN,94.44444444444444,,fuzzy,,,,,,,,,,,bn_contradicts_fuzzy_match,,,
7537328,ON,corporations_canada,Vision Thailand Canada,,1 KEEFER RAOD,L2M6K4,ST.CATHARINE,Canada Not-for-profit Corporations Act,needs_review,837299262,Vision Thailand Canada,100.0,,fuzzy,,,,,,,,,,,bn_contradicts_fuzzy_match,,,
466069,ON,corporations_canada,INUIT TAPIRIIT KANATAMI,,75 ALBERT STREET,K1P5E7,OTTAWA,Canada Not-for-profit Corporations Act,needs_review,118971233,INUIT TAPIRIIT KANATAMI,100.0,40.90909090909091,fuzzy,,,,,,,,,,,bn_contradicts_fuzzy_match,,,
2979519,QC,corporations_canada,Vulture Peak Buddhist Association,Association Bouddhique Sommet du Vautour,"6015, RUE HOCHELAGA",H1N1X5,MONTREAL,Canada Not-for-profit Corporations Act,needs_review,140984840,Vulture Peak Buddhist Association/ Association Bouddhique Sommet du Vautour,100.0,,fuzzy,,,,,,,,,,,bn_contradicts_fuzzy_match,,,
1687719,QC,corporations_canada,La Famille Mère Paul-Marie inc.,,626 ROUTE DU SANCTUAIRE,G0R1S0,LAC-ETCHEMIN,Canada Not-for-profit Corporations Act,needs_review,140450081,FONDATION MERE PAUL-MARIE INC.,78.94736842105263,68.18181818181819,fuzzy,,,,,,,,,,,mid_band_score,,,
3814653,ON,corporations_canada,Chinese Gospel Church of Toronto,,450 DUNDAS ST. W.,M5T1G7,TORONTO,Canada Not-for-profit Corporations Act,needs_review,118853241,CHINESE GOSPEL CHURCH,77.77777777777779,,fuzzy,,,,,,,,,,,mid_band_score,,,
2680785,QC,corporations_canada,ARMENIAN PRELACY OF CANADA INC.,PRÉLATURE ARMÉNIENNE DU CANADA INC.,3401 Olivar-Asselin,H4J1L5,Montreal,Canada Not-for-profit Corporations Act,needs_review,886093798,Prelature Armenienne du Canada Inc/Armenian prelacy of Canada Inc.,100.0,77.41935483870968,fuzzy,,,,,,,,,,,bn_contradicts_fuzzy_match,,,
4320875,ON,corporations_canada,WOODVALE PENTECOSTAL CHURCH CONSTRUCTION CORPORATION,,205 GREENBANK ROAD,K2H8K9,OTTAWA,Canada Not-for-profit Corporations Act,needs_review,852463124,WOODVALE PENTECOSTAL CHURCH,75.47169811320755,64.51612903225806,fuzzy,,,,,,,,,,,mid_band_score,,,
347582,ON,corporations_canada,CANADIAN INSTITUTE OF FORESTRY,INSTITUT FORESTIER DU CANADA,6905 HWY. 17 WEST,P0H1V0,MATTAWA,Canada Not-for-profit Corporations Act,needs_review,106846348,CANADIAN FORESTRY ASSOCIATION/ASSOCIATION FORESTIERE CANADIENNE,77.27272727272727,50.90909090909091,fuzzy,,,,federal_grant_match,100084,Canadian Institute of Forestry-Institut forestier du Canada,100.0,,16,706628.0,mid_band_score,,,
7501137,ON,corporations_canada,LISTEN TO LEARN INTERNATIONAL,,19 SANTA’S VILLAGE ROAD,P1L1C7,BRACEBRIDGE,Canada Not-for-profit Corporations Act,needs_review,862795051,Listen to Learn International,100.0,,fuzzy,,,,,,,,,,,bn_contradicts_fuzzy_match,,,
9007733,QC,corporations_canada,Paroisse Notre-Dame du Liban,,"46, avenue du Crochet",H7N3Z4,Laval-des-Rapides,Canada Not-for-profit Corporations Act,needs_review,821453156,La Fabrique de la paroisse de Notre-Dame du Liban,100.0,,fuzzy,,,,,,,,,,,bn_contradicts_fuzzy_match,,,
4461142,ON,corporations_canada,Niagara Land Trust Foundation,,27-200 FITCH STREET,L3C4V9,WELLAND,Canada Not-for-profit Corporations Act,needs_review,858533151,Niagara Land Trust Foundation,100.0,,fuzzy,,,,,,,,,,,bn_contradicts_fuzzy_match,,,
620297,ON,corporations_canada,Ukrainian Youth Association of Canada,,9 PLASTICS AVE.,M8Z4B6,TORONTO,Canada Not-for-profit Corporations Act,needs_review,108148461,UKRAINIAN YOUTH ASSOCIATION'S CHARITABLE TRUST,100.0,43.90243902439024,fuzzy,,,,federal_grant_match,121694,Ukrainian Youth Association of Canada Etobicoke Branch,100.0,,14,176774.0,bn_contradicts_fuzzy_match,,,
3745287,ON,corporations_canada,SIKH NATIONAL ARCHIVES OF CANADA,,1181 CECIL AVENUE,K1H7Z6,OTTAWA,Canada Not-for-profit Corporations Act,needs_review,865817274,SIKH NATIONAL ARCHIVES OF CANADA,100.0,,fuzzy,,,,,,,,,,,bn_contradicts_fuzzy_match,,,
551988,ON,corporations_canada,The Ottawa Flying Club,,20 LINDBERGH PRIVATE,K1V1H7,OTTAWA,Canada Not-for-profit Corporations Act,needs_review,118777341,ACTION LIFE OTTAWA INC.,75.0,64.0,fuzzy,,,,federal_grant_match,106611,The Ottawa Flying Club,100.0,,5,87658.0,mid_band_score,,,
1550691,QC,corporations_canada,THÉÂTRE ST-BRUNO PLAYERS,,1585 RUE MONTARVILLE,J3V3T8,SAINT-BRUNO-DE-MONTARVILLE,Canada Not-for-profit Corporations Act,needs_review,119214443,Théâtre St-Bruno Players,100.0,58.06451612903225,fuzzy,,,,,,,,,,,bn_contradicts_fuzzy_match,,,
2180111,BC,corporations_canada,UNITED PENTECOSTAL CHURCH OF CANADA,,207 - 22561 Dewdney Trunk Road,V2X3K1,Maple Ridge,Canada Not-for-profit Corporations Act,needs_review,132787730,UNITED PENTECOSTAL CHURCH OF CANADA,100.0,69.23076923076923,fuzzy,,,,,,,,,,,bn_contradicts_fuzzy_match,,,
2427524,NS,corporations_canada,HARBOUR AUTHORITY OF LUNENBURG,,32 BLUENOSE DRIVE,B0J2C0,LUNENBURG,Canada Not-for-profit Corporations Act,needs_review,120613203,LUNENBURG FOLK HARBOUR SOCIETY,77.55102040816327,71.11111111111111,fuzzy,,,,federal_grant_match,301373,Lunenburg Harbour Authority I Lunenburg Harbour Authority,100.0,,1,5353.25,mid_band_score,,,
2444577,ON,corporations_canada,Multicultural Arts for Schools and Communities,Arts Multiculturel dans les ecoles et les Collectivites,250 HOLLAND AVE,K1Y0Y5,OTTAWA,Canada Not-for-profit Corporations Act,needs_review,124127192,MULTICULTURAL ARTS FOR SCHOOLS AND COMMUNITIES/ARTS MULTICULTUREL DANS LES ECOLES ET LES COLECTIVITES,100.0,,fuzzy,,,,,,,,,,,bn_contradicts_fuzzy_match,,,
3842428,ON,corporations_canada,Ukrainian World Congress,,145 EVANS AVENUE,M8Z5X8,TORONTO,Canada Not-for-profit Corporations Act,needs_review,888897063,Ukrainian World Congress Foundation,100.0,64.40677966101696,fuzzy,,,,,,,,,,,bn_contradicts_fuzzy_match,,,
2762463,QC,corporations_canada,Panday Tinig Choral Ensemble,,5355 CUMBERLAND,H4V2P1,MONTREAL,Canada Not-for-profit Corporations Act,needs_review,130931736,THE PANDAY TINIG CHORAL ENSEMBLE,100.0,,fuzzy,,,,,,,,,,,bn_contradicts_fuzzy_match,,,
3225780,ON,corporations_canada,"LAKE ST. PETER WORD OF LIFE OUTREACH, INC.",,2016 HWY. 127,K0L2K0,LAKE ST. PETER,Canada Not-for-profit Corporations Act,needs_review,140784380,WORD OF LIFE OUTREACH,76.59574468085107,,fuzzy,,,,,,,,,,,mid_band_score,,,
2834260,ON,corporations_canada,Family Council of Extendicare/ Starwood,,114 Starwood Road,K2G3N5,Nepean,Canada Not-for-profit Corporations Act,needs_review,891320947,THE FAMILY SUPPORT GROUP OF EXTENDICARE/STARWOOD,100.0,,fuzzy,,,,,,,,,,,bn_contradicts_fuzzy_match,,,
2364417,ON,corporations_canada,SEF Foundation,,220 Duncan Mill Road,M3B3J5,Toronto,Canada Not-for-profit Corporations Act,needs_review,887613156,SEF FOUNDATION,100.0,15.384615384615385,fuzzy,,,,,,,,,,,bn_contradicts_fuzzy_match,,,
9293906,ON,corporations_canada,The NetWork Gravenhurst,,100-D Muskoka Road South Box 524,P1P1T8,Gravenhurst,Canada Not-for-profit Corporations Act,needs_review,891556847,ROTARY CLUB OF GRAVENHURST  CHARITABLE TRUST,75.67567567567568,65.21739130434783,fuzzy,,,,,,,,,,,mid_band_score,,,
9512594,ON,corporations_canada,Canadian Dental Relief International,,203 Parkside Dr.,M6R2Z2,Toronto,Canada Not-for-profit Corporations Act,needs_review,802815787,CANADIAN DENTAL RELIEF INTERNATIONAL,100.0,,fuzzy,,,,,,,,,,,bn_contradicts_fuzzy_match,,,
9542086,ON,corporations_canada,Springboard to Music,,3739 Kingston Road,M1J3H4,Scarborough,Canada Not-for-profit Corporations Act,needs_review,815543525,Springboard to Music,100.0,44.44444444444444,fuzzy,,,,,,,,,,,bn_contradicts_fuzzy_match,,,
2300095,ON,corporations_canada,ASSOCIATION DES DIPLÔMÉS DE L'UNIVERSITÉ D'OTTAWA INC.,ALUMNI ASSOCIATION OF THE UNIVERSITY OF OTTAWA INC.,157 Séraphin-Marion PVT,K1N6N5,Ottawa,Canada Not-for-profit Corporations Act,needs_review,119278877,UNIVERSITY OF OTTAWA / UNIVERSITÉ D'OTTAWA,82.92682926829268,40.625,fuzzy,,,,,,,,,,,mid_band_score,,,
4395590,ON,corporations_canada,Macedonia 2025,Macédoine 2025,"100 King Street West, Suite 1600",M5X1G5,Toronto,Canada Not-for-profit Corporations Act,needs_review,762220317,Macedonia 2025 Charitable Foundation,100.0,31.999999999999996,fuzzy,,,,,,,,,,,bn_contradicts_fuzzy_match,,,
10010545,BC,corporations_canada,FONDATION TCHEUGOUE DJEUGA,TCHEUGOUE DJEUGA FOUNDATION,209-5868 Olive Ave,V5H2P4,Burnaby,Canada Not-for-profit Corporations Act,needs_review,768621724,FONDATION TCHEUGOUE DJEUGA,100.0,,fuzzy,,,,,,,,,,,bn_contradicts_fuzzy_match,,,
10014966,ON,corporations_canada,ADULT AND TEEN CHALLENGE CANADA,,9340 Sharon Road,N6P1R6,Lambeth,Canada Not-for-profit Corporations Act,needs_review,108066663,Teen Challenge Canada Inc.,82.35294117647058,,fuzzy,,,,,,,,,,,mid_band_score,,,
2128578,ON,corporations_canada,POLLOCK FAMILY FOUNDATION,FONDATION DE LA FAMILLE POLLOCK,5 MILLBANK AVENUE,M5P1S3,TORONTO,Canada Not-for-profit Corporations Act,needs_review,890676174,Pollock Family Foundation/Fondation de la famille pollock,100.0,73.33333333333334,fuzzy,,,,,,,,,,,bn_contradicts_fuzzy_match,,,
3906591,AB,corporations_canada,CATA EDUCATION & RESEARCH FOUNDATION,,"300, 400 5TH AVENUE S.W.",T2P0L6,CALGARY,Canada Not-for-profit Corporations Act,needs_review,862051380,CALGARY SURGICAL EDUCATION AND RESEARCH TRUST,75.86206896551724,68.08510638297872,fuzzy,,,,,,,,,,,mid_band_score,,,
3691357,ON,corporations_canada,Faith City Church Geraldton,,202 Fourth Ave SE,P0T1M0,Geraldton,Canada Not-for-profit Corporations Act,needs_review,884905522,Faith City Church Geraldton,100.0,59.57446808510638,fuzzy,,,,,,,,,,,bn_contradicts_fuzzy_match,,,
10126624,ON,corporations_canada,Farmhouse Garden Animal Home,,76 Serene Way,L4J9A2,Vaughan,Canada Not-for-profit Corporations Act,needs_review,783486814,Farmhouse Garden Animal Home,100.0,,fuzzy,,,,,,,,,,,bn_contradicts_fuzzy_match,,,
2423499,ON,corporations_canada,THE FIELD FAMILY FOUNDATION,,20 TORONTO STREEET,M5C2B8,TORONTO,Canada Not-for-profit Corporations Act,needs_review,886070994,THE FIELD FAMILY FOUNDATION,100.0,26.086956521739136,fuzzy,,,,,,,,,,,bn_contradicts_fuzzy_match,,,
10376612,ON,corporations_canada,THE KOREAN SOCIETY OF METROPOLITAN WINDSOR,,506 IRVINE AVE.,N8X2T2,WINDSOR,Canada Not-for-profit Corporations Act,needs_review,889887667,THE KOREAN SOCIETY OF METROPOLITAN WINDSOR,100.0,,fuzzy,,,,,,,,,,,bn_contradicts_fuzzy_match,,,
1844873,QC,corporations_canada,THE MINISTRY TO SEAFARERS OF THE CHRISTIAN REFORMED CHURCH,,200 RUE DE LA COMMUNE,H2Y4B2,MONTREAL,Canada Not-for-profit Corporations Act,needs_review,129688396,THE MINISTRY TO SEAFARERS OF THE CHRISTIAN REFORMED CHURCH,100.0,48.10126582278481,fuzzy,,,,,,,,,,,bn_contradicts_fuzzy_match,,,
876577,ON,corporations_canada,Commonwealth Games Association of Canada Inc.,Association Canadienne des Jeux du Commonwealth Inc.,2451 Riverside Drive,K1H7X7,Ottawa,Canada Not-for-profit Corporations Act,needs_review,119227924,THE COMMONWEALTH GAMES FOUNDATION OF CANADA INC/LA FONDATIONCANADIENNE DES JEUX DU COMMONWEALTH INC,100.0,46.51162790697675,fuzzy,,,,,,,,,,,bn_contradicts_fuzzy_match,,,
3620247,ON,corporations_canada,Emmanuel Evangelical Missionary Church - Elmira,,2 FIRST STREET WEST,N3B1G2,ELMIRA,Canada Not-for-profit Corporations Act,needs_review,131801557,EMMANUEL EVANGELICAL MISSIONARY CHURCH - ELMIRA,100.0,,fuzzy,,,,,,,,,,,bn_contradicts_fuzzy_match,,,
11403753,ON,corporations_canada,Starbiz Community,,206 Featherstone Avenue,L3S4J1,Markham,Canada Not-for-profit Corporations Act,needs_review,763573672,TAMIL COMMUNITY CENTRE,81.25,56.41025641025641,fuzzy,,,,,,,,,,,mid_band_score,,,
10339857,ON,corporations_canada,West Niagara Baseball,,516 Main Street West,L3M1T5,Grimsby,Canada Not-for-profit Corporations Act,needs_review,856998604,WEST NIAGARA FAMILY CENTRE INC.,75.0,65.11627906976744,fuzzy,,,,,,,,,,,mid_band_score,,,
10993883,NB,corporations_canada,Proudly New Brunswick,Fièrement Nouveau-Brunswick,1 Germain Street,E2L4V1,Saint John,Canada Not-for-profit Corporations Act,needs_review,119132447,Symphony New Brunswick Inc./Symphonie Nouveau-Brunswick Inc.,79.06976744186046,79.06976744186046,fuzzy,,,,,,,,,,,mid_band_score,,,
11294890,ON,corporations_canada,The Holy Family Chaldean Catholic Church,,686 Marentette Avenue,N9A1Z4,Windsor,Canada Not-for-profit Corporations Act,needs_review,870641560,THE HOLY FAMILY CHALDEAN CATHOLIC CHURCH,100.0,,fuzzy,,,,,,,,,,,bn_contradicts_fuzzy_match,,,
9390251,ON,corporations_canada,THEATRE OF THE BEAT INC.,,2174 Danforth Avenue,M4C1K3,Toronto,Canada Not-for-profit Corporations Act,needs_review,819267931,THEATRE OF THE BEAT INC.,100.0,28.57142857142857,fuzzy,,,,,,,,,,,bn_contradicts_fuzzy_match,,,
351229,ON,corporations_canada,Athletics Canada,Athlétisme Canada,105-2141 Thurston Drive,K1G6C9,Ottawa,Canada Not-for-profit Corporations Act,needs_review,890852544,ATHLETICS CANADA FOUNDATION,100.0,,fuzzy,,,,,,,,,,,bn_contradicts_fuzzy_match,,,
9130713,ON,corporations_canada,Save African Child Uganda,,6625 Matchette Rd,N9J2J9,Lasalle,Canada Not-for-profit Corporations Act,needs_review,773941331,Save African Child Uganda,100.0,,fuzzy,,,,,,,,,,,bn_contradicts_fuzzy_match,,,
11624121,ON,corporations_canada,FONDATION POUR LES SOINS DE SANTÉ ET LES SERVICES COMMUNAUTAIRES STE-ANNE,,500 Old St Patrick Street,K1N9G4,Ottawa,Canada Not-for-profit Corporations Act,needs_review,119172047,CENTRE DE SERVICES PROFESSIONNELS COMMUNAUTAIRES STE-ANNE INC,75.29411764705883,44.067796610169495,fuzzy,,,,,,,,,,,mid_band_score,,,
10989975,ON,corporations_canada,HARRIS BRAND HOMES INC.,,"7171 GOREWAY DRIVE, UNIT 4 SUITE 160",L4T2T5,MISSISSAUGA,Canada Not-for-profit Corporations Act,needs_review,793944513,THE HARRIS BRAND FOUNDATION,80.0,36.36363636363637,fuzzy,,,,,,,,,,,mid_band_score,,,
613541,ON,corporations_canada,Thunder Bay Flying Club,,202 Red River Road,P7B1A4,Thunder Bay,Canada Not-for-profit Corporations Act,needs_review,108108432,THUNDER BAY COUNSELLING CENTRE,78.04878048780488,77.77777777777779,fuzzy,,,,,,,,,,,mid_band_score,,,
12178630,ON,corporations_canada,Legacy United,,5 Church Street East,L6V1E8,Brampton,Canada Not-for-profit Corporations Act,needs_review,118944768,GRACE UNITED CHURCH,80.0,42.42424242424242,fuzzy,,,,federal_grant_match,181965,12178630 CANADA ASSOCIATION,100.0,,1,25210.0,mid_band_score,,,
12637863,ON,corporations_canada,THE RIVER INTERNATIONAL CHURCH,,1221 WILSON STREET EAST,L8S4K6,HAMILTON,Canada Not-for-profit Corporations Act,needs_review,108221268,THE RIVER INTERNATIONAL CHURCH,100.0,,fuzzy,,,,,,,,,,,bn_contradicts_fuzzy_match,,,
3807746,ON,corporations_canada,CANADIAN RHEUMATOLOGY ASSOCIATION,LA SOCIÉTÉ CANADIENNE DE RHUMATOLOGIE,280-13300 Tecumseh Rd. E.,N8N4R8,Tecumseh,Canada Not-for-profit Corporations Act,needs_review,758461867,CANADIAN RHEUMATOLOGY ASSOCIATION FOUNDATION,100.0,,fuzzy,,,,federal_grant_match,121125,THE CANADIAN RHEUMATOLOGY ASSOCATION,100.0,,40,478198.0,bn_contradicts_fuzzy_match,,,
12388871,ON,corporations_canada,Cottam Baptist Church,,161 Talbot Street,N0R1B0,Cottam,Canada Not-for-profit Corporations Act,needs_review,118877398,COTTAM BAPTIST CHURCH,100.0,62.06896551724138,fuzzy,,,,,,,,,,,bn_contradicts_fuzzy_match,,,
12417065,ON,corporations_canada,COMMUNITY ART & LIFE SOCIETY,,121 Kitchener Ave,M6E2B8,York,Canada Not-for-profit Corporations Act,needs_review,132487802,New Life Community Church,77.77777777777779,66.66666666666667,fuzzy,,,,,,,,,,,mid_band_score,,,
12395061,AB,corporations_canada,Canadian Association of Women Dentists,Association Canadienne des Femme Dentistes,10126 118 Street Northwest,T5K1Y4,Edmonton,Canada Not-for-profit Corporations Act,needs_review,782656532,Canadian Women in Action Society,80.0,56.00000000000001,fuzzy,,,,,,,,,,,mid_band_score,,,
9348883,MB,corporations_canada,INTERNATIONAL GOSPEL CHRISTIAN MINISTRIES,,302 8th Street,R7A3X4,Brandon,Canada Not-for-profit Corporations Act,needs_review,726129901,Love In The City International Ministries,76.0,72.72727272727273,fuzzy,,,,federal_grant_match,340122,International Gospel Christian Ministries,100.0,,1,100000.0,mid_band_score,,,
12371766,ON,corporations_canada,THE POWER OF GOD MINISTRY,,368 Queens Drive,M6L1M5,Toronto,Canada Not-for-profit Corporations Act,needs_review,752572735,POWER OF GOD INTERNATIONAL FAITH MINISTRIES INC.,77.27272727272727,52.17391304347826,fuzzy,,,,,,,,,,,mid_band_score,,,
3982688,ON,corporations_canada,iSisters Technology Mentoring Incorporated,,3781 Strandherd Road,K2J5B1,OTTAWA,Canada Not-for-profit Corporations Act,needs_review,874302714,ISISTERS TECHNOLOGY MENTORING INC.,100.0,44.44444444444444,fuzzy,,,,,,,,,,,bn_contradicts_fuzzy_match,,,
12881594,ON,corporations_canada,Marillac Place,,109 Young Street,N2H4Z2,Kitchener,Canada Not-for-profit Corporations Act,needs_review,138942156,Marillac Place,100.0,33.333333333333336,fuzzy,,,,,,,,,,,bn_contradicts_fuzzy_match,,,
13518019,ON,corporations_canada,BARRHAVEN CRICKET CLUB INC.,,693 Lauraleaf Crescent,K2J6G9,Ottawa,Canada Not-for-profit Corporations Act,needs_review,710415134,BARRHAVEN HARVEST CHURCH,76.47058823529412,72.72727272727273,fuzzy,,,,,,,,,,,mid_band_score,,,
7922698,ON,corporations_canada,EXETER PENTECOSTAL TABERNACLE,,670 Main St,N0M1S1,Exeter,Canada Not-for-profit Corporations Act,needs_review,107356719,EXETER PENTECOSTAL TABERNACLE,100.0,38.297872340425535,fuzzy,,,,,,,,,,,bn_contradicts_fuzzy_match,,,
2372568,ON,corporations_canada,THE HERMANT FAMILY FOUNDATION,,11 Astley Avenue,M4W3B3,Toronto,Canada Not-for-profit Corporations Act,needs_review,826635534,THE SHEN FAMILY CHARITABLE FOUNDATION,80.0,76.92307692307692,fuzzy,,,,,,,,,,,mid_band_score,,,
2672359,ON,corporations_canada,Unifor Social Justice Fund,Le fonds de justice sociale d'Unifor,115 Gordon Baker Road,M2H0A8,Toronto,Canada Not-for-profit Corporations Act,needs_review,135323756,UNIFOR SOCIAL JUSTICE FUND / LE FONDS DE JUSTICE SOCIALE D'UNIFOR,100.0,47.36842105263158,fuzzy,,,,,,,,,,,bn_contradicts_fuzzy_match,,,
502634,QC,corporations_canada,LES APÔTRES DE L'AMOUR INFINI CANADA,THE APOSTLES OF INFINITE LOVE CANADA,290 7E RANG,J8E1Y4,MONT-TREMBLANT,Canada Not-for-profit Corporations Act,needs_review,119014462,Les apotres de l'amour infini Canada/The apostles of infinite love Canada,100.0,47.82608695652174,fuzzy,,,,,,,,,,,bn_contradicts_fuzzy_match,,,
14184271,NB,corporations_canada,Perth-Andover House of Assisi,,8 Fort Rd.,E7H2B7,Perth-Andover,Canada Not-for-profit Corporations Act,needs_review,889959391,PERTH ANDOVER HOTEL DIEU FOUNDATION INC,76.0,72.34042553191489,fuzzy,,,,,,,,,,,mid_band_score,,,
14223101,ON,corporations_canada,INTERNATIONAL ALLIANCE FELLOWSHIP & MINISTRIES,,2794 CASTLEBRIDGE DRIVE,L5M5J2,MISSISSAUGA,Canada Not-for-profit Corporations Act,needs_review,842032252,INTERNATIONAL SION FELLOWSHIP MINISTRIES,75.0,59.154929577464785,fuzzy,,,,,,,,,,,mid_band_score,,,
14255411,SK,corporations_canada,The Islamic Association of Prince Albert Inc.,,2727 - 2nd Avenue West,S6V5E5,Prince Albert,Canada Not-for-profit Corporations Act,needs_review,890893993,PRINCE ALBERT HISTORICAL SOCIETY,80.0,79.06976744186046,fuzzy,,,,,,,,,,,mid_band_score,,,
14109538,AB,corporations_canada,Innovate Cochrane,,225 Railway St E,T4C2C3,Cochrane,Canada Not-for-profit Corporations Act,needs_review,768574154,Impact Church - Cochrane,75.0,70.96774193548387,fuzzy,,,,,,,,,,,mid_band_score,,,
8222541,AB,corporations_canada,NOTRE DAME PIETAS FOUNDATION,,10055 106 Street Northwest,T5J2Y2,Edmonton,Canada Not-for-profit Corporations Act,needs_review,837811702,Notre Dame Pietas Foundation,100.0,27.692307692307693,fuzzy,,,,,,,,,,,bn_contradicts_fuzzy_match,,,
14950925,PE,corporations_canada,Charlottetown Community Church,,21 Rankin Court,C1A8T2,Charlottetown,Canada Not-for-profit Corporations Act,needs_review,119124519,ROTARY CLUB OF CHARLOTTETOWN CHARITABLE TRUST,79.06976744186046,79.06976744186046,fuzzy,,,,,,,,,,,mid_band_score,,,
14481585,ON,corporations_canada,Fields of Harvest Church,,10 Wantanopa Crescent,M1H2B3,Toronto,Canada Not-for-profit Corporations Act,needs_review,826885139,FIELDS OF HARVEST CHURCH (FOHC),84.84848484848484,31.818181818181824,fuzzy,,,,,,,,,,,mid_band_score,,,
3861091,BC,corporations_canada,Equestrian Order Of The Holy Sepulchre Of Jerusalem Foundation (Lieutenancy Of Canada Vancouver),,300-1208 West Pender Street,V6E2S8,Vancouver,Canada Not-for-profit Corporations Act,needs_review,879044766,EQUESTRIAN ORDER OF THE HOLY SEPULCHRE OF JERUSALEM FOUNDATION (LIEUTENANCY OF CANADA VANCOUVER),100.0,44.9438202247191,fuzzy,,,,,,,,,,,bn_contradicts_fuzzy_match,,,
344249,ON,corporations_canada,Canadian Association of Radiologists,,1120-220 Laurier Ave W,K1P5Z9,Ottawa,Canada Not-for-profit Corporations Act,needs_review,871123337,CANADIAN RADIOLOGICAL FOUNDATION/FONDATION RADIOLOGIQUE CAN ADIENNE,85.71428571428572,38.297872340425535,fuzzy,,,,federal_grant_match,246806,Canadian Association of Radiologists,100.0,,1,4509.0,mid_band_score,,,
3923509,BC,corporations_canada,PALADIN FOUNDATION,,300-1208 West Pender Street,V6E2S8,Vancouver,Canada Not-for-profit Corporations Act,needs_review,866037013,PALADIN FOUNDATION,100.0,53.333333333333336,fuzzy,,,,,,,,,,,bn_contradicts_fuzzy_match,,,
4371381,BC,corporations_canada,URBAN RURAL MISSION GLOBAL PARTNERS FUND,,300-1208 West Pender Street,V6E2S8,Vancouver,Canada Not-for-profit Corporations Act,needs_review,846860567,URBAN RURAL MISSION GLOBAL PARTNERS FOUNDATION,93.33333333333333,62.5,fuzzy,,,,,,,,,,,bn_contradicts_fuzzy_match,,,
445517,ON,corporations_canada,CANADIAN PRINTING INDUSTRIES ASSOCIATION,ASSOCIATION CANADIENNE DE L'IMPRIMERIE,1750 The Queensway,M9C5H5,Toronto,Canada Not-for-profit Corporations Act,needs_review,852683853,PKD Foundation of Canada / Fondation canadienne de la MPR,80.0,35.89743589743589,fuzzy,,,,,,,,,,,mid_band_score,,,
349224,ON,corporations_canada,SPINAL CORD INJURY CANADA,,520 Sutherland Drive,M4G3V9,Toronto,Canada Not-for-profit Corporations Act,needs_review,118835081,SPINAL CORD INJURY ONTARIO,81.81818181818181,38.888888888888886,fuzzy,,,,,,,,,,,mid_band_score,,,
15187834,QC,corporations_canada,FONDATION T4,,2170 Boulevard René-Lévesque Ouest,H3H2T8,Montréal,Canada Not-for-profit Corporations Act,needs_review,790380158,Fondation T4,100.0,28.57142857142857,fuzzy,,,,,,,,,,,bn_contradicts_fuzzy_match,,,
14920767,ON,corporations_canada,Seeds of Community,,228 Valley Road,N7L5K9,Chatham,Canada Not-for-profit Corporations Act,needs_review,766404685,EVANGEL COMMUNITY CHURCH,75.0,47.61904761904761,fuzzy,,,,,,,,,,,mid_band_score,,,
9153926,ON,corporations_canada,DALCROZE CANADA,,52 Miramar Drive,L6E1Z7,Markham,Canada Not-for-profit Corporations Act,needs_review,803742774,DALCROZE CANADA,100.0,,fuzzy,,,,,,,,,,,bn_contradicts_fuzzy_match,,,
382132,ON,corporations_canada,CANADIAN ZIONIST FEDERATION,,909 Alness Street,M3J2J1,Toronto,Canada Not-for-profit Corporations Act,needs_review,108075748,CANADIAN ZIONIST CULTURAL ASSOCIATION,78.04878048780488,63.1578947368421,fuzzy,,,,,,,,,,,mid_band_score,,,
15308348,ON,corporations_canada,Abbeyfield Houses Society of Ontario,,211 Bronson Avenue,K1R6H5,Ottawa,Canada Not-for-profit Corporations Act,needs_review,132041013,ABBEYFIELD HOUSES SOCIETY OF CANADA,80.95238095238095,48.88888888888889,fuzzy,,,,,,,,,,,mid_band_score,,,
11461966,AB,corporations_canada,Al-Ansaar Islamic Foundation,,4231 109 Ave NE,T3N2B1,Calgary,Canada Not-for-profit Corporations Act,needs_review,742507130,Al-Ansaar Islamic Foundation,100.0,,fuzzy,,,,,,,,,,,bn_contradicts_fuzzy_match,,,
11619586,ON,corporations_canada,Family Prayer Mission (Canada) Inc.,,12,K8V6J4,Trenton,Canada Not-for-profit Corporations Act,needs_review,135164515,FAMILY PRAYER MISSION (ONTARIO),84.0,,fuzzy,,,,,,,,,,,mid_band_score,,,
15899958,ON,corporations_canada,Liboke United Foundation,Fondation Liboke Unis,23 Benadir Ave,L7C3N1,Caledon,Canada Not-for-profit Corporations Act,needs_review,118962281,HOME UNITED CHURCH,75.0,64.28571428571428,fuzzy,,,,,,,,,,,mid_band_score,,,
902730,QC,corporations_canada,The Native Women's Association of Canada,,120 Promenade du Portage,J8X2K1,Gatineau,Canada Not-for-profit Corporations Act,needs_review,792004806,The Native Women's Association of Canada Fund,82.75862068965517,,fuzzy,,,,federal_grant_match,117777,Native Women's Association of Canada,100.0,,54,103697632.05,mid_band_score,,,
15643139,ON,corporations_canada,Pakistani Youth Education Fund,,33 Forsythe Avenue,K7M2M1,Kingston,Canada Not-for-profit Corporations Act,needs_review,787264126,Pakistani Youth Education Fund,100.0,,fuzzy,,,,,,,,,,,bn_contradicts_fuzzy_match,,,
15474370,ON,corporations_canada,Peterborough and Kawarthas Malayalee Association,,313 George Street South,K9J3C8,Peterborough,Canada Not-for-profit Corporations Act,needs_review,121871198,THE ART GALLERY OF PETERBOROUGH,75.0,66.66666666666667,fuzzy,,,,,,,,,,,mid_band_score,,,
15582105,QC,corporations_canada,Shawinigan High School Foundation,,1125 Avenue des Cèdres,G9N1P7,Shawinigan,Canada Not-for-profit Corporations Act,needs_review,118925197,FONDATION SHAWINIGAN HIGH SCHOOL FOUNDATION,100.0,,fuzzy,,,,,,,,,,,bn_contradicts_fuzzy_match,,,
15914833,ON,corporations_canada,INTER NIAGARA FC,,7708 sycamore drive,L2H0N6,Niagara Fall,Canada Not-for-profit Corporations Act,needs_review,131253593,NIAGARA CONCERTS,75.0,62.857142857142854,fuzzy,,,,,,,,,,,mid_band_score,,,
10684325,ON,corporations_canada,Barrie Pride,,30 Campbell Ave,L4N2T2,Barrie,Canada Not-for-profit Corporations Act,needs_review,852768928,Life Church Barrie,78.26086956521739,78.26086956521739,fuzzy,,,,federal_grant_match,118298,Barrie Pride,100.0,,1,65000.0,mid_band_score,,,
10108634,ON,corporations_canada,Kincardine Pride Inc.,,230 Penetangore Row,N2Z2P5,Kincardine,Canada Not-for-profit Corporations Act,needs_review,129945580,KINCARDINE UNITED CHURCH,78.78787878787878,68.96551724137932,fuzzy,,,,,,,,,,,mid_band_score,,,
16084010,ON,corporations_canada,Toronto Service Battalion Capital Fund,,315 Princess Avenue,M2N3S5,Toronto,Canada Not-for-profit Corporations Act,needs_review,119267383,TORONTO SERVICE BATTALION CAPITAL FUND,100.0,63.63636363636363,fuzzy,,,,,,,,,,,bn_contradicts_fuzzy_match,,,
15980321,ON,corporations_canada,Canadian Internet & Ecommerce Association,,421 Bentley St,L3R9T2,Markham,Canada Not-for-profit Corporations Act,needs_review,891972663,CANADIAN INTENSIVE CARE FOUNDATION/FONDATION CANADIENNE POUR LES SOINS INTENSIFS,76.0,69.56521739130434,fuzzy,,,,,,,,,,,mid_band_score,,,
16478689,ON,corporations_canada,Debbie Rich Ministries Canada,,708 Caithness Street E,N3W1E3,Caledonia,Canada Not-for-profit Corporations Act,needs_review,836915470,DEBBIE RICH MINISTRIES,100.0,,fuzzy,,,,,,,,,,,bn_contradicts_fuzzy_match,,,
16490956,ON,corporations_canada,WELCOME FRIEND FOUNDATION,,76 DAWSON STREET,P0R1L0,THESSALON,Canada Not-for-profit Corporations Act,needs_review,830794715,WELCOME FRIEND ASSOCIATION,100.0,54.54545454545454,fuzzy,,,,,,,,,,,bn_contradicts_fuzzy_match,,,
16008739,ON,corporations_canada,Sikh Society of Cornwall,,2148 Concorde Ave,K6H7E2,Cornwall,Canada Not-for-profit Corporations Act,needs_review,781033402,CORNWALL ISLAMIC FOUNDATION,75.86206896551724,68.96551724137932,fuzzy,,,,,,,,,,,mid_band_score,,,
2662272,ON,corporations_canada,Friends of We Care Inc.,Les Amis de Nous Aidons Inc.,3100 Steeles Ave W,L4K3R1,Vaughan,Canada Not-for-profit Corporations Act,needs_review,862057569,FRIENDS OF WE CARE FOUNDATION INC.,100.0,32.786885245901644,fuzzy,,,,,,,,,,,bn_contradicts_fuzzy_match,,,
4455614,ON,corporations_canada,CANADIAN URBAN LIBRARIES COUNCIL,CONSEIL DES BIBLIOTHÈQUES URBAINES DU CANADA,192 Spadina Avenue,M5T2C2,Toronto,Canada Not-for-profit Corporations Act,needs_review,106868474,CANADIAN UNITARIAN COUNCIL,79.3103448275862,54.83870967741935,fuzzy,,,,,,,,,,,mid_band_score,,,
3794628,ON,corporations_canada,PEACE COMMUNITY CHURCH OF CANADA -,ÉGLISE COMMUNAUTAIRE DE LA PAIX DU CANADA,302 - 310 Hunt Club Rd East,K1V1C1,Ottawa,Canada Not-for-profit Corporations Act,needs_review,801839010,Canada Post Community Foundation/Fondation Communautaire de Postes Canada,75.86206896551724,52.83018867924528,fuzzy,,,,,,,,,,,mid_band_score,,,
3667545,ON,corporations_canada,CATHOLIC MISSIONS IN CANADA,,1155 Yonge St,M4T1W1,Toronto,Canada Not-for-profit Corporations Act,needs_review,119220531,CATHOLIC MISSIONS IN CANADA,100.0,59.45945945945945,fuzzy,,,,,,,,,,,bn_contradicts_fuzzy_match,,,
11503022,BC,corporations_canada,Message Trust Canada Ministries,,#200 - 5828 176 Street,V3S4E2,Surrey,Canada Not-for-profit Corporations Act,needs_review,850854969,FRESHSTART MINISTRIES SOCIETY,76.92307692307692,68.42105263157895,fuzzy,,,,,,,,,,,mid_band_score,,,
12188236,ON,corporations_canada,Grenfell Ministries,,210 12th St E,N4K1V8,Owen Sound,Canada Not-for-profit Corporations Act,needs_review,711479683,Grenfell Ministries,100.0,,fuzzy,,,,,,,,,,,bn_contradicts_fuzzy_match,,,
2718537,QC,corporations_canada,Fonds Louis Garneau inc.,,245 chemin de la Butte,G3A1W7,Saint-Augustin-de-Desmaures,Canada Not-for-profit Corporations Act,needs_review,729427096,Fondation Louis Garneau,100.0,58.33333333333333,fuzzy,,,,,,,,,,,bn_contradicts_fuzzy_match,,,
16341411,QC,corporations_canada,Katimavik Foundation,Fondation Katimavik,3500 Blvd. De Maisonneuve Ouest,H3Z3C1,Westmount,Canada Not-for-profit Corporations Act,needs_review,868962523,KATIMAVIK FOUNDATION/FONDATION KATIMAVIK,100.0,58.82352941176471,fuzzy,,,,,,,,,,,bn_contradicts_fuzzy_match,,,
389528,BC,corporations_canada,Christian Service Brigade of Canada,,1511 Sprice Avenue,V3J2P5,Coquitlam,Canada Not-for-profit Corporations Act,needs_review,118857762,CHRISTIAN SERVICE BRIGADE,100.0,,fuzzy,,,,,,,,,,,bn_contradicts_fuzzy_match,,,
16407609,BC,corporations_canada,Vancouver Youth Music Foundation,,5969 Athlone St,V6M3A3,Vancouver,Canada Not-for-profit Corporations Act,needs_review,890947245,VANCOUVER WESTCOAST MUSIC SOCIETY,78.26086956521739,57.89473684210527,fuzzy,,,,,,,,,,,mid_band_score,,,
13341054,ON,corporations_canada,Caledon United Soccer Club,,2 McKee Drive South,L7C1G8,Caledon East,Canada Not-for-profit Corporations Act,needs_review,889112843,CALEDON EAST UNITED CHURCH,80.0,70.27027027027026,fuzzy,,,,,,,,,,,mid_band_score,,,
16723063,BC,corporations_canada,Disability Alliance Canada,,1450 - 605 Robson St,V6B5J3,Vancouver,Canada Not-for-profit Corporations Act,needs_review,106777758,DISABILITY ALLIANCE BC SOCIETY,92.6829268292683,28.57142857142857,fuzzy,,,,,,,,,,,bn_contradicts_fuzzy_match,,,
12116979,ON,corporations_canada,Uuttuvak Foundation,,615 Spring Valley Dr,K1W0C6,Ottawa,Canada Not-for-profit Corporations Act,needs_review,764366738,Uuttuvak Foundation,100.0,,fuzzy,,,,,,,,,,,bn_contradicts_fuzzy_match,,,
645630,ON,corporations_canada,World Federalist Movement - Canada,Mouvement fédéraliste mondial (Canada),418-139 Father David Bauer Drive,N2L6L1,Waterloo,Canada Not-for-profit Corporations Act,needs_review,123998957,WORLD FEDERALIST FOUNDATION,78.04878048780488,,fuzzy,,,,,,,,,,,mid_band_score,,,
2242303,BC,corporations_canada,Canadian Association for Neuroscience,Association Canadienne des Neurosciences,2661 Queenswood Dr,V8N1X6,Victoria,Canada Not-for-profit Corporations Act,needs_review,891524548,Canadian Association for Neurosciences Foundation,98.0392156862745,,fuzzy,,,,,,,,,,,bn_contradicts_fuzzy_match,,,
457345,QC,corporations_canada,THE HYLCAN FOUNDATION,LA FONDATION HYLCAN,24 Windsor Avenue,H3Y2L6,Westmount,Canada Not-for-profit Corporations Act,needs_review,118966019,Hylcan Foundation / La Fondation Hylcan,100.0,,fuzzy,,,,,,,,,,,bn_contradicts_fuzzy_match,,,
16953743,ON,corporations_canada,The Michael Young Family Foundation,,"77 Charles St W, PH2",M5S0B2,Toronto,Canada Not-for-profit Corporations Act,needs_review,890287618,THE MICHAEL YOUNG FAMILY FOUNDATION,100.0,,fuzzy,,,,,,,,,,,bn_contradicts_fuzzy_match,,,
17295481,ON,corporations_canada,Ahmadiyya Muslim Lawyers Association Canada,,10610 Jane St.,L6A3A2,Vaughan,Canada Not-for-profit Corporations Act,needs_review,113891717,AHMADIYYA MUSLIM JAMA'AT CANADA INC.,75.0,,fuzzy,,,,,,,,,,,mid_band_score,,,
16737714,ON,corporations_canada,Boursepad Education Foundation,Fondation pour l'Éducation Boursepad,27 Korda Gate,L4K0P6,Vaughan,Canada Not-for-profit Corporations Act,needs_review,118882935,CIBPA EDUCATION FOUNDATION,76.47058823529412,56.00000000000001,fuzzy,,,,,,,,,,,mid_band_score,,,
17419651,ON,corporations_canada,Port Burwell Historical Society,,"96 Robinson Street,",N0J1T0,Port Burwell,Canada Not-for-profit Corporations Act,needs_review,894376672,THE PORT BURWELL HISTORICAL SOCIETY,100.0,61.81818181818181,fuzzy,,,,,,,,,,,bn_contradicts_fuzzy_match,,,
17337914,ON,corporations_canada,Yasser Islamic Community Centre,,1925 Weston Rd,M9N1W7,Toronto,Canada Not-for-profit Corporations Act,needs_review,825615388,SALAMA COMMUNITY ASSOCIATION,75.0,61.904761904761905,fuzzy,,,,,,,,,,,mid_band_score,,,
18060461,ON,corporations_canada,Ottawa Bluesfest Foundation,,450 Churchill Ave N,K1Z5E2,Ottawa,Canada Not-for-profit Corporations Act,needs_review,869362780,OTTAWA BLUESFEST,100.0,64.28571428571428,fuzzy,,,,,,,,,,,bn_contradicts_fuzzy_match,,,
13334139,ON,corporations_canada,Muskoka Community Land Trust,,10B Kimberley Ave,P1L0A6,Bracebridge,Canada Not-for-profit Corporations Act,needs_review,840597751,MUSKOKA COMMUNITY FOUNDATION,87.17948717948718,77.27272727272727,fuzzy,,,,federal_grant_match,243864,Muskoka Community Land Trust,100.0,,2,348624.0,mid_band_score,,,
3754529,ON,corporations_canada,THE MISSION OF TAO-CONFUCIANISM CANADA,,420 Horner Ave,M8W2A4,Etobicoke,Canada Not-for-profit Corporations Act,needs_review,896362167,THE MISSION OF TAO-CONFUCIANISM,100.0,,fuzzy,,,,,,,,,,,bn_contradicts_fuzzy_match,,,
17544634,ON,corporations_canada,Zion Christian Church - Chatham,,820 Park Avenue West,N7M0M9,Chatham,Canada Not-for-profit Corporations Act,needs_review,133968628,ZION CHRISTIAN CHURCH,77.77777777777779,,fuzzy,,,,,,,,,,,mid_band_score,,,
2076331,NB,corporations_canada,Block Parent Program of Canada Inc.,Programme Parents-Secours du Canada Inc.,#109 - 65 Brayson Blvd,E2V0J2,Oromocto,Canada Not-for-profit Corporations Act,needs_review,892644477,Block Parent Program of Canada Inc/Programme Parents-Secoursdu Canada Inc.,100.0,55.81395348837209,fuzzy,,,,,,,,,,,bn_contradicts_fuzzy_match,,,
3088715,QC,corporations_canada,LE FONDS EZRATH TORAH/,EZRATH TORAH FUND,6819 DECARIE BLVD.,H3W3E4,MONTREAL,Canada Not-for-profit Corporations Act,needs_review,118904994,EZRATH TORAH FUND,100.0,37.2093023255814,fuzzy,,,,,,,,,,,bn_contradicts_fuzzy_match,,,
17782861,ON,corporations_canada,Elliott Heights Baptist Church,,1300 Fennell Avenue East,L8T1T6,Hamilton,Canada Not-for-profit Corporations Act,needs_review,107296972,ELLIOTT HEIGHTS BAPTIST CHURCH,100.0,,fuzzy,,,,,,,,,,,bn_contradicts_fuzzy_match,,,
17883935,QC,corporations_canada,LES AMIS DU COLLEGE MESIVTA OF LAKEWOOD,,5663 Av. Durocher,H2V3Y3,Montréal,Canada Not-for-profit Corporations Act,needs_review,890642796,LES AMIS DU COLLEGE MESTIVA OF LAKEWOOD,96.55172413793103,45.90163934426229,fuzzy,,,,,,,,,,,bn_contradicts_fuzzy_match,,,
343897,ON,corporations_canada,CANADIAN ASSOCIATION OF CHIEFS OF POLICE,ASSOCIATION CANADIENNE DES CHEFS DE POLICE,300 TERRY FOX DRIVE,K2K0E3,KANATA,Canada Not-for-profit Corporations Act,needs_review,118829332,CANADIAN ASSOCIATION OF CHIEFS OF POLICE RESEARCH FOUNDATION,83.01886792452831,,fuzzy,,,,federal_grant_match,344862,Canadian Association of Chiefs of Police / Association canadienne des chefs de police ,100.0,,1,62011.38,mid_band_score,,,
4476671,ON,corporations_canada,Warkworth Free Methodist Church,,56 MILL STREET,K0K3K0,WARKWORTH,Canada Not-for-profit Corporations Act,needs_review,137292520,WARWORTH FREE METHODIST CHURCH,97.87234042553192,60.46511627906976,fuzzy,,,,,,,,,,,bn_contradicts_fuzzy_match,,,
8849323,BC,corporations_canada,Guildford Islamic Community Association,,1 – 10523 Holly Park Lane,V3R6X8,Surrey,Canada Not-for-profit Corporations Act,needs_review,889380135,GUILDFORD COMMUNITY PARTNERS SOCIETY,76.36363636363637,70.0,fuzzy,,,,,,,,,,,mid_band_score,,,
2843277,ON,corporations_canada,A.C.E.D. - THE ASSOCIATION FOR CULTURAL AND EDUCATIONAL DEVELOPMENT,A.C.E.D. - L'ASSOCIATION POUR LE DEVELOPPEMENT CULTUREL ET EDUCATIONNEL,"30, GOULBURN AVENUE",K1N8C8,OTTAWA,Canada Not-for-profit Corporations Act,needs_review,899613871,THE ASSOCIATION FOR CULTURAL AND EDUCATIONAL DEVELOPMENT,100.0,,fuzzy,,,,,,,,,,,bn_contradicts_fuzzy_match,,,
2632462,ON,corporations_canada,Braille Literacy Canada,Littératie braille Canada,1929 BAYVIEW AVENUE,M4G3E8,TORONTO,Canada Not-for-profit Corporations Act,needs_review,889010799,Braille Literacy Canada / Littératie braille Canada,100.0,40.90909090909091,fuzzy,,,,federal_grant_match,181951,Braille Literacy Canada / Littératie braille Canada,100.0,,1,4918.0,bn_contradicts_fuzzy_match,,,
1224930,QC,corporations_canada,La société d'aide au développement de la collectivité des Îles-de-la-Madeleine,,735 CHEMIN PRINCIPAL,G4T1G8,CAP-AUX-MEULES,Canada Not-for-profit Corporations Act,needs_review,829107150,CUISINE COLLECTIVE ÎLES-DE-LA MADELEINE,80.0,72.41379310344827,fuzzy,,,,,,,,,,,mid_band_score,,,
1505025,ON,corporations_canada,"ADVANCED CORONARY TREATMENT (ACT) FOUNDATION OF CANADA, INC.",,379 HOLLAND AVENUE,K1Y0Y9,OTTAWA,Canada Not-for-profit Corporations Act,needs_review,131966178,ADVANCED CORONARY TREATMENT (ACT) FOUNDATION OF CANADA  INC.,100.0,,fuzzy,,,,,,,,,,,bn_contradicts_fuzzy_match,,,
409324,ON,corporations_canada,Douglas Coldwell Layton Foundation,Fondation Douglas Coldwell Layton,300-279 LAURIER AVENUE WEST,K1P5J9,OTTAWA,Canada Not-for-profit Corporations Act,needs_review,118887561,DOUGLAS COLDWELL FOUNDATION/FOUNDATION DOUGLAS COLDWELL,82.05128205128204,,fuzzy,,,,,,,,,,,mid_band_score,,,
9280421,ON,corporations_canada,Emmanuel Church (Pentecostal),,2123 PARKWOOD AVENUE,N8W2J8,WINDSOR,Canada Not-for-profit Corporations Act,needs_review,815349782,EMMANUEL CHURCH (PENTECOSTAL),100.0,57.14285714285714,fuzzy,,,,,,,,,,,bn_contradicts_fuzzy_match,,,
2915758,AB,corporations_canada,CANADIAN ANGUS FOUNDATION INC.,,292140 WAGON WHEEL BLVD.,T4A0E2,ROCKY VIEW COUNTY,Canada Not-for-profit Corporations Act,needs_review,886997998,CANADIAN ANGUS FOUNDATION INC,100.0,40.0,fuzzy,,,,,,,,,,,bn_contradicts_fuzzy_match,,,
7547684,AB,corporations_canada,The Chronic Pain Association of Canada,,11247 11TH AVENUE NW,T6J6S3,EDMONTON,Canada Not-for-profit Corporations Act,needs_review,889563862,THE CHRONIC PAIN ASSOCIATION OF CANADA - ALBERTA,75.0,52.17391304347826,fuzzy,,,,,,,,,,,mid_band_score,,,
8582009,ON,corporations_canada,Fasoho Chapel Ministries,,4 MADDYBETH CRESCENT,L6Y5R7,BRAMPTON,Canada Not-for-profit Corporations Act,needs_review,811270933,FASOHO CHAPEL MINISTRIES,100.0,57.692307692307686,fuzzy,,,,,,,,,,,bn_contradicts_fuzzy_match,,,
3858987,ON,corporations_canada,Community Foundation of Campbellford/Seymour and Northumberland,,39 DOXSEE AVENUE NORTH,K0L1L0,CAMPBELLFORD,Canada Not-for-profit Corporations Act,needs_review,898077912,COMMUNITY FOUNDATION OF CAMPBELLFORD/SEYMOUR AND NORTHUMBERLAND,100.0,78.04878048780488,fuzzy,,,,,,,,,,,bn_contradicts_fuzzy_match,,,
3789560,QC,corporations_canada,Association des Anciens de l'Ecole Secondaire Loyola,Loyola High School Alumni Association,7272 SHERBROOKE STREET WEST,H4B1R2,MONTREAL,Canada Not-for-profit Corporations Act,needs_review,103402186,La Fondation École Secondaire Loyola /Loyola High School Foundation,83.72093023255813,83.72093023255813,fuzzy,,,,,,,,,,,mid_band_score,,,
9384472,ON,corporations_canada,ART SPIN TORONTO,,113 Beaconsfield Avenue,M6J3J5,Toronto,Canada Not-for-profit Corporations Act,needs_review,825673783,TORONTO BIENNIAL OF ART,77.77777777777779,66.66666666666667,fuzzy,,,,federal_grant_match,317824,ART SPIN TORONTO,100.0,,1,20000.0,mid_band_score,,,
620271,ON,corporations_canada,Ukrainian National Federation of Canada,La Fédération Nationale Ukrainienne du Canada,145 EVANS AVENUE,M8Z5X8,TORONTO,Canada Not-for-profit Corporations Act,needs_review,890808744,Toronto Ukrainian Foundation / Fondation ukrainienne de Toronto,75.0,70.0,fuzzy,,,,federal_grant_match,222293,Ukrainian National Federation of Canada,100.0,,4,18179.0,mid_band_score,,,
3660567,ON,corporations_canada,The Church of Jesus Christ - Acts 2:38,,5040 FALLINGBROOK DR.,L5V1Y9,MISSISSAUGA,Canada Not-for-profit Corporations Act,needs_review,867798548,THE CHURCH OF JESUS CHRIST ACTS 2:38,100.0,50.0,fuzzy,,,,,,,,,,,bn_contradicts_fuzzy_match,,,
2737329,ON,corporations_canada,"VICTORY BAPTIST CHURCH OF FORT FRANCES, INC.",,8 CHURCH ROAD,P9A3M2,FORT FRANCES,Canada Not-for-profit Corporations Act,needs_review,137516977,VICTORY BAPTIST CHURCH OF FORT FRANCES INC,100.0,36.92307692307693,fuzzy,,,,,,,,,,,bn_contradicts_fuzzy_match,,,
9460918,ON,corporations_canada,Heritage Fellowship Baptist Church,,557 Garner Road West,L9G3K9,Ancaster,Canada Not-for-profit Corporations Act,needs_review,107478968,HERITAGE FELLOWSHIP BAPTIST CHURCH,100.0,40.816326530612244,fuzzy,,,,,,,,,,,bn_contradicts_fuzzy_match,,,
9510281,ON,corporations_canada,Caledonia Lions Community Centre Corporation,,100 Haddington Street,N3W1G4,Caledonia,Canada Not-for-profit Corporations Act,needs_review,861019743,Caledonia Community Foundation,86.36363636363636,69.38775510204081,fuzzy,,,,,,,,,,,mid_band_score,,,
2223848,ON,corporations_canada,THE AIDS COMMITTEE OF OTTAWA,LE COMITE DU SIDA D'OTTAWA,19 Main Street,K1S1A9,Ottawa,Canada Not-for-profit Corporations Act,needs_review,108070749,THE AIDS COMMITTEE OF OTTAWA/LE COMITE DU SIDA D'OTTAWA,100.0,,fuzzy,,,,federal_grant_match,225237,THE AIDS COMMITTEE OF OTTAWA ,100.0,,4,444774.0,bn_contradicts_fuzzy_match,,,
344125,ON,corporations_canada,Canadian Association of Movers,,1347 Falgarwood Drive,L6H2P4,Oakville,Canada Not-for-profit Corporations Act,needs_review,891563173,THE CANADIAN ROSE SOCIETY,78.57142857142857,50.0,fuzzy,,,,,,,,,,,mid_band_score,,,
9909419,ON,corporations_canada,Believers Eastern Church,,245 King Street East,L8G1L9,Stoney Creek,Canada Not-for-profit Corporations Act,needs_review,719590887,Believers Eastern Church Diocese of Canada,80.95238095238095,15.384615384615385,fuzzy,,,,,,,,,,,mid_band_score,,,
431699,ON,corporations_canada,CANADIAN AUTOMOBILE DEALERS' ASSOCIATION (CADA),CORPORATION DES ASSOCIATIONS DE DÉTAILLANTS D'AUTOMOBILES (CADA),123 COMMERCE VALLEY DRIVE EAST,L3T7W8,THORNHILL,Canada Not-for-profit Corporations Act,needs_review,883591828,CANADIAN AUTOMOBILE DEALERS ASSOCIATION FOUNDATION/LA FONDATION DE LA CORPORATION DES ASSOCIATIONS DE DETAILLANTS D'AUTOMOBILES,93.5064935064935,,fuzzy,,,,,,,,,,,bn_contradicts_fuzzy_match,,,
1609017,ON,corporations_canada,The Hunger Project in Canada,,5160 Explorer Drive,L4W4T7,Mississauga,Canada Not-for-profit Corporations Act,needs_review,130303829,THE HUNGER PROJECT,90.32258064516128,35.89743589743589,fuzzy,,,,,,,,,,,bn_contradicts_fuzzy_match,,,
7036655,ON,corporations_canada,Myiesha Inc.,,2879 Crosscurrent Drive,L5N6K9,Mississauga,Canada Not-for-profit Corporations Act,needs_review,839150372,CONGREGATION YESHUA,76.92307692307692,50.0,fuzzy,,,,,,,,,,,mid_band_score,,,
3953807,ON,corporations_canada,THE J. AND B. CARROLL FAMILY FOUNDATION,,"61 Saint Clair Avenue West, Suite 1508",M4V2Y8,Toronto,Canada Not-for-profit Corporations Act,needs_review,863973012,THE J. AND B. CAROLL FAMILY FOUNDATION,96.2962962962963,40.0,fuzzy,,,,,,,,,,,bn_contradicts_fuzzy_match,,,
4475062,NS,corporations_canada,The Etruscan Foundation,La Fondation Etruscan,1550 Bedford Highway,B4A1E6,Bedford,Canada Not-for-profit Corporations Act,needs_review,804416410,The Etruscan Foundation/La Fondation Etruscan,100.0,17.021276595744684,fuzzy,,,,,,,,,,,bn_contradicts_fuzzy_match,,,
2785846,BC,corporations_canada,GIRLS' AND BOYS' ACADEMY OF INDIA,,202 - 1437 Kingsway,V5N2R6,Vancouver,Canada Not-for-profit Corporations Act,needs_review,887848265,GIRLS'AND BOYS'ACADEMY OF INDIA,100.0,,fuzzy,,,,,,,,,,,bn_contradicts_fuzzy_match,,,
1602276,MB,corporations_canada,SPINA BIFIDA AND HYDROCEPHALUS ASSOCIATION OF CANADA,,SUITE 472 - 167 AV. LOMBARD AVENUE,R3B0T6,WINNIPEG,Canada Not-for-profit Corporations Act,needs_review,107999328,SPINA BIFIDA AND HYDROCEPHALUS ASSOCIATION OF CANADA,100.0,,fuzzy,,,,,,,,,,,bn_contradicts_fuzzy_match,,,
11314866,ON,corporations_canada,BULGARIAN CANADIAN YOGA AND HEALTH SOCIETY,,86 Crendon Drive,M9C3H3,Toronto,Canada Not-for-profit Corporations Act,needs_review,118820885,BULGARIAN CANADIAN SOCIETY OF TORONTO,75.0,53.333333333333336,fuzzy,,,,,,,,,,,mid_band_score,,,
10187038,ON,corporations_canada,The Phoebe Rose Rocks Foundation,,44 Laval St,K1L1R2,Ottawa,Canada Not-for-profit Corporations Act,needs_review,759041924,Phoebe Rose Rocks Foundation,100.0,48.64864864864865,fuzzy,,,,,,,,,,,bn_contradicts_fuzzy_match,,,
9620567,QC,corporations_canada,ACTION MALI-CANADA,,8725,H2M2M7,Montreal,Canada Not-for-profit Corporations Act,needs_review,784995896,Action Mali-Canada,100.0,,fuzzy,,,,,,,,,,,bn_contradicts_fuzzy_match,,,
350010,ON,corporations_canada,CANADIAN HOSPITALITY FOUNDATION,,1155 Queen Street West,M6J1J4,Toronto,Canada Not-for-profit Corporations Act,needs_review,100765882,CANADIAN HOSPITALITY FOUNDATION,100.0,29.411764705882348,fuzzy,,,,,,,,,,,bn_contradicts_fuzzy_match,,,
10841978,AB,corporations_canada,Rocky Mountain Curling Association,,2000 8 Avenue,T1W1Y2,Canmore,Canada Not-for-profit Corporations Act,needs_review,871542585,ROCKY MOUNTAIN HERITAGE FOUNDATION,80.0,61.53846153846154,fuzzy,,,,,,,,,,,mid_band_score,,,
11165453,ON,corporations_canada,Park Lawn Baptist Church,,276 Park Lawn Road,M8Y3J9,Etobicoke,Canada Not-for-profit Corporations Act,needs_review,107816027,PARK LAWN BAPTIST CHURCH,100.0,,fuzzy,,,,,,,,,,,bn_contradicts_fuzzy_match,,,
433098,ON,corporations_canada,The Alva Foundation,,138 Mainprize Cres.,L0G1M0,Mount Albert,Canada Not-for-profit Corporations Act,needs_review,890915978,THE ALVA FOUNDATION,100.0,23.076923076923073,fuzzy,,,,,,,,,,,bn_contradicts_fuzzy_match,,,
1624547,MB,corporations_canada,INTERLAKE TRIBAL DIVISION FOR SCHOOLS INC.,,Gen. Del.,R0C0X0,Fairford,Canada Not-for-profit Corporations Act,needs_review,107510299,INTERLAKE SCHOOL DIVISION,80.64516129032258,55.172413793103445,fuzzy,,,,,,,,,,,mid_band_score,,,
11412078,ON,corporations_canada,CRESCENT VILLAGE CARE CORPORATION,,138 Yorkland Street,L4S1J1,Richmond Hill,Canada Not-for-profit Corporations Act,needs_review,857086375,CRESCENT VILLAGE TRUST,86.48648648648648,,fuzzy,,,,,,,,,,,mid_band_score,,,
11181815,YT,corporations_canada,Porter Foundation Yukon,,1409 Holly Street,Y1A4V2,Whitehorse,Canada Not-for-profit Corporations Act,needs_review,133955039,PIVOT THEATRE YUKON SOCIETY,78.26086956521739,72.72727272727273,fuzzy,,,,,,,,,,,mid_band_score,,,
1835467,ON,corporations_canada,The Association of Palestinian Arab Canadians - Capital Region,,46 Grenfell Crescent,K2G0G4,Ottawa,Canada Not-for-profit Corporations Act,needs_review,871587473,CANADIAN PALESTINIAN CENTRE FOR CAPITAL REGION INC,87.5,53.84615384615385,fuzzy,,,,,,,,,,,mid_band_score,,,
11836013,QC,corporations_canada,Maison du lac – Lac Brome,Brome Lake - Lake House,22 Stockwell Street,J0E1V0,Lac-Brome,Canada Not-for-profit Corporations Act,needs_review,118819804,THÉÂTRE DE LAC-BROME/BROME LAKE THEATRE,81.81818181818181,81.81818181818181,fuzzy,,,,,,,,,,,mid_band_score,,,
512958,SK,corporations_canada,Maple Creek Flying Club,,Airport Avenue,S0N1N0,MAPLE CREEK,Canada Not-for-profit Corporations Act,needs_review,131555492,MAPLE CREEK FAMILY CHURCH INCORPORATED,83.33333333333334,72.22222222222221,fuzzy,,,,,,,,,,,mid_band_score,,,
11755455,ON,corporations_canada,Sistema Walkerton,,633 Victoria Street South,N0G2V0,Walkerton,Canada Not-for-profit Corporations Act,needs_review,119287902,WALKERTON BAPTIST CHURCH,76.47058823529412,68.42105263157895,fuzzy,,,,,,,,,,,mid_band_score,,,
12645611,ON,corporations_canada,The AGAPE House Church,,11 West Normandy Drive,L6B0B1,Markham,Canada Not-for-profit Corporations Act,needs_review,841281835,The Agape House Canada,100.0,,fuzzy,,,,,,,,,,,bn_contradicts_fuzzy_match,,,
349186,ON,corporations_canada,CANADIAN PAEDIATRIC SOCIETY,SOCIETE CANADIENNE DE PEDIATRIE,2305 ST. LAURENT BOULEVARD,K1G4J8,OTTAWA,Canada Not-for-profit Corporations Act,needs_review,118920412,CANADIAN PAEDIATRIC FOUNDATION/FONDATION CANADIENNE DE PEDIARIE,100.0,40.0,fuzzy,,,,federal_grant_match,165773,CANADIAN PAEDIATRIC SOCIETY ,100.0,,23,6619920.0,bn_contradicts_fuzzy_match,,,
12422921,ON,corporations_canada,Glory House Ministries,,142 Soleil Avenue,K4A0V8,Ottawa,Canada Not-for-profit Corporations Act,needs_review,849275227,GLORY HOUSE MINISTRIES,100.0,35.55555555555555,fuzzy,,,,,,,,,,,bn_contradicts_fuzzy_match,,,
12457920,ON,corporations_canada,Road to Care,,15 Amelia Street,L8P2V3,Hamilton,Canada Not-for-profit Corporations Act,needs_review,814687620,Road to Care,100.0,31.25,fuzzy,,,,,,,,,,,bn_contradicts_fuzzy_match,,,
12769450,AB,corporations_canada,CANADIAN SOUTHERN BAPTIST SEMINARY,,200 Seminary View,T4C2G1,Cochrane,Canada Not-for-profit Corporations Act,needs_review,132291642,CANADIAN SOUTHERN BAPTIST SEMINARY,100.0,,fuzzy,,,,,,,,,,,bn_contradicts_fuzzy_match,,,
9527818,ON,corporations_canada,Canada 2050,,33 Marquette Avenue,M6A1X8,Toronto,Canada Not-for-profit Corporations Act,needs_review,792977100,The 200 Foundation,85.71428571428572,0,fuzzy,,,,,,,,,,,mid_band_score,,,
12772345,ON,corporations_canada,Strathroy Pride,,9 Front Street West,N7G1X5,Strathroy,Canada Not-for-profit Corporations Act,needs_review,730940954,STRATHROY HOSPICE,81.25,63.41463414634146,fuzzy,,,,,,,,,,,mid_band_score,,,
13091180,ON,corporations_canada,Path to Success G.E.D Program,,212 Yorkshire Drive,L3Y6J7,Newmarket,Canada Not-for-profit Corporations Act,needs_review,792019200,Path to Success G.E.D Program,100.0,,fuzzy,,,,,,,,,,,bn_contradicts_fuzzy_match,,,
4455401,ON,corporations_canada,LEGACY PRIVATE TRUST FOUNDATION,,35 Madison Ave.,M5R2S2,Toronto,Canada Not-for-profit Corporations Act,needs_review,827598152,Legacy Private Trust Foundation,100.0,40.0,fuzzy,,,,,,,,,,,bn_contradicts_fuzzy_match,,,
13106021,ON,corporations_canada,Somali Community in Hamilton,,627 Main St E,L8M1J5,Hamilton,Canada Not-for-profit Corporations Act,needs_review,845413749,SOMALI COMMUNITY IN HAMILTON,100.0,48.97959183673469,fuzzy,,,,,,,,,,,bn_contradicts_fuzzy_match,,,
4046293,ON,corporations_canada,Victoria Village Projects,,78 Ross Street,L4N1G3,BARRIE,Canada Not-for-profit Corporations Act,needs_review,888826039,VICTORIA VILLAGE INC.,78.04878048780488,37.93103448275862,fuzzy,,,,federal_grant_match,161668,Victoria Village Projects Inc.,100.0,,3,71500.0,mid_band_score,,,
13125173,ON,corporations_canada,LIFE FOUNTAIN MINISTRIES INC,,90 Signet Drive,M9L1T5,Toronto,Canada Not-for-profit Corporations Act,needs_review,899047906,LIFE FOUNTAIN MINISTRIES INC.,100.0,61.224489795918366,fuzzy,,,,,,,,,,,bn_contradicts_fuzzy_match,,,
11336274,AB,corporations_canada,Help a Buddy Fund,,600 Bellerose Drive,T8N7T5,St. Albert,Canada Not-for-profit Corporations Act,needs_review,776490732,Help a Buddy Fund,100.0,43.75,fuzzy,,,,,,,,,,,bn_contradicts_fuzzy_match,,,
9991409,ON,corporations_canada,Canadian Critical Care Trials Group,Groupe canadien de recherche en soins intensifs,20 Crown Steel Drive,L3R9X9,Markham,Canada Not-for-profit Corporations Act,needs_review,891972663,CANADIAN INTENSIVE CARE FOUNDATION/FONDATION CANADIENNE POUR LES SOINS INTENSIFS,80.0,57.57575757575757,fuzzy,,,,,,,,,,,mid_band_score,,,
4512286,ON,corporations_canada,CANADIAN SOCIETY OF CARDIAC SURGEONS,SOCIÉTÉ CANADIENNE DES CHIRURGIENS CARDIAQUES,150 Elgin Street,K2P1L4,OTTAWA,Canada Not-for-profit Corporations Act,needs_review,867857443,Canadian Cardiovascular Foundation / Fondation cardiovasculaire du Canada,75.0,50.0,fuzzy,,,,,,,,,,,mid_band_score,,,
14361032,NB,corporations_canada,The Refugee Centre Greater Moncton,Le Centre des réfugiés du Grand Moncton,80 Mapleton Road,E1C7W8,Moncton,Canada Not-for-profit Corporations Act,needs_review,119044444,GREATER MONCTON Y.M.C.A. FOUNDATION INC.,78.94736842105263,78.94736842105263,fuzzy,,,,,,,,,,,mid_band_score,,,
11310143,ON,corporations_canada,HUMANITI INTERNATIONAL,,155 COMMERCE VALLEY DRIVE,L3T7T2,MARKHAM,Canada Not-for-profit Corporations Act,needs_review,719676926,HUMANITI FOUNDATION,100.0,,fuzzy,,,,,,,,,,,bn_contradicts_fuzzy_match,,,
10369187,ON,corporations_canada,WASAGA BEACH MINISTERIAL FOOD BANK,,"818 Mosley Street, Unit  2",L9Z2C5,Wasaga Beach,Canada Not-for-profit Corporations Act,needs_review,856025721,WASAGA BEACH MINISTERIAL FOOD BANK,100.0,66.66666666666667,fuzzy,,,,,,,,,,,bn_contradicts_fuzzy_match,,,
14723091,ON,corporations_canada,The Baptist Church of London,,1045 Frances Street,N5W2L8,London,Canada Not-for-profit Corporations Act,needs_review,786836353,London Karen Baptist Church,82.35294117647058,59.25925925925925,fuzzy,,,,,,,,,,,mid_band_score,,,
14496655,ON,corporations_canada,Achim Toronto,,1-11 Fraserwood Avenue,M6B2N3,Toronto,Canada Not-for-profit Corporations Act,needs_review,776916132,ACHIM TORONTO,100.0,,fuzzy,,,,,,,,,,,bn_contradicts_fuzzy_match,,,
14507631,ON,corporations_canada,Hellenic Ministries - Canada,,17 Roman Road,L3T4J8,Markham,Canada Not-for-profit Corporations Act,needs_review,871852299,HELLENIC MINISTRIES - CANADA,100.0,,fuzzy,,,,,,,,,,,bn_contradicts_fuzzy_match,,,
14806417,ON,corporations_canada,Cedarview Church Paris,,20 Cedar Street,N3L0A1,Paris,Canada Not-for-profit Corporations Act,needs_review,134664804,Cedarview Church Paris,100.0,31.57894736842105,fuzzy,,,,,,,,,,,bn_contradicts_fuzzy_match,,,
12988861,ON,corporations_canada,North Hastings Community Trust,,19 Valleyview Drive,K0L1C0,Bancroft,Canada Not-for-profit Corporations Act,needs_review,860219864,North Hastings Community Trust,100.0,90.56603773584906,fuzzy,,,,,,,,,,,bn_contradicts_fuzzy_match,,,
793108,ON,corporations_canada,ASSOCIATION OF CANADIAN ARCHIVISTS,ASSOCIATION CANADIENNE DES ARCHIVISTES,130 Albert Street,K1P5G4,Ottawa,Canada Not-for-profit Corporations Act,needs_review,804138477,ASSOCIATION OF CANADIAN ARCHIVISTS FOUNDATION,100.0,80.85106382978724,fuzzy,,,,,,,,,,,bn_contradicts_fuzzy_match,,,
3314014,ON,corporations_canada,Augustine College,,152 Metcalfe Street,K2P1N9,Ottawa,Canada Not-for-profit Corporations Act,needs_review,775313521,Augustine College Trust,100.0,41.860465116279066,fuzzy,,,,,,,,,,,bn_contradicts_fuzzy_match,,,
9646272,ON,corporations_canada,Amherst Island Community Cafe,,5660 Front Road,K0H2S0,Stella,Canada Not-for-profit Corporations Act,needs_review,783454069,Amherst Island Community Medical Clinic,76.47058823529412,38.80597014925373,fuzzy,,,,federal_grant_match,218987,Amherst Island Community Cafe,100.0,,7,82926.0,mid_band_score,,,
15222613,ON,corporations_canada,Christian's Dream Foundation,,5080 Fairview Street,L7L7E9,Burlington,Canada Not-for-profit Corporations Act,needs_review,890618242,DYNES CHRISTIAN CENTRE,80.0,48.484848484848484,fuzzy,,,,,,,,,,,mid_band_score,,,
12257271,ON,corporations_canada,MERCY ARENA MINISTRIES,,7580 Darcel Avenue,L4T2Y1,Mississauga,Canada Not-for-profit Corporations Act,needs_review,746993526,MERCY ARENA MINISTRIES,100.0,,fuzzy,,,,,,,,,,,bn_contradicts_fuzzy_match,,,
15679478,QC,corporations_canada,Fonds Villa Maria,Villa Maria Fund,"4245, boulevard Décarie",H4A3K4,Montréal,Canada Not-for-profit Corporations Act,needs_review,119286193,VILLA MARIA,100.0,100.0,fuzzy,,,,,,,,,,,bn_contradicts_fuzzy_match,,,
15656583,BC,corporations_canada,Edgewater Arts Retreat,,Seel Rd,V0A1E0,Edgewater,Canada Not-for-profit Corporations Act,needs_review,836558940,EDGEWATER RECREATION SOCIETY,76.19047619047619,34.14634146341463,fuzzy,,,,,,,,,,,mid_band_score,,,
4087526,ON,corporations_canada,CANADIAN ASSOCIATION OF SCHOOLS OF NURSING,ASSOCIATION CANADIENNE DES ÉCOLES DE SCIENCES INFIRMIÈRES,1 Antares Drive,K2E8C4,OTTAWA,Canada Not-for-profit Corporations Act,needs_review,889243648,Canadian Association of Schools of Nursing (CASN) / Association canadienne des études de sciences infirmières (ACESI),90.56603773584906,,fuzzy,,,,,,,,,,,bn_contradicts_fuzzy_match,,,
2184052,ON,corporations_canada,Canadian Environmental Network,Réseau Canadien de l'Environnement,951 Pinewood Crescent,K2B5Y3,Ottawa,Canada Not-for-profit Corporations Act,needs_review,119129971,Canadian National Network,83.63636363636364,44.44444444444444,fuzzy,,,,federal_grant_match,107308,Canadian Environmental Network,100.0,,8,179427.75,mid_band_score,,,
16041906,ON,corporations_canada,Canadian Society for Iranian and Persian Studies,Société canadienne des études iraniennes et persanes,4 Bancroft Ave,M5S1C1,Toronto,Canada Not-for-profit Corporations Act,needs_review,131306193,THE CANADIAN SOCIETY FOR MESOPOTAMIAN STUDIES,75.36231884057972,48.484848484848484,fuzzy,,,,,,,,,,,mid_band_score,,,
3076156,ON,corporations_canada,Community Bible Study Canada,Cercle Communautaire d'Etude de la Bible Canada,Suite 71- 7181,L3T0C7,Markham,Canada Not-for-profit Corporations Act,needs_review,890788193,Community Bible Study Canada/Cercle Communautaire d'Etude de la Bible Canada,100.0,42.10526315789473,fuzzy,,,,,,,,,,,bn_contradicts_fuzzy_match,,,
14809637,AB,corporations_canada,Divine Transformation Ministries Foundation,,864 Secord Blvd NW,T5T7R9,Edmonton,Canada Not-for-profit Corporations Act,needs_review,790790323,Divine Restoration Ministries Edmonton,77.14285714285715,63.49206349206349,fuzzy,,,,,,,,,,,mid_band_score,,,
16372813,ON,corporations_canada,Christ Jesus Kingdom Apostolic International,,13 Ledgerock Rd,L6P2L8,Brampton,Canada Not-for-profit Corporations Act,needs_review,864815139,TRUE WORD APOSTOLIC CHURCH OF JESUS CHRIST,77.41935483870968,76.19047619047619,fuzzy,,,,,,,,,,,mid_band_score,,,
12767465,ON,corporations_canada,Revival Waves of Christ,,C - 391 Matheson Blvd E,L4Z2H2,Mississauga,Canada Not-for-profit Corporations Act,needs_review,761597673,REVIVAL WAVES OF CHRIST,100.0,,fuzzy,,,,,,,,,,,bn_contradicts_fuzzy_match,,,
16218164,ON,corporations_canada,Kids Help Phone Foundation,Fondation du Jeunesse J'ecoute,439 University Avenue,M5G1Y8,Toronto,Canada Not-for-profit Corporations Act,needs_review,118830132,"""KIDS HELP FOUNDATION/LA FONDATION JEUNESSE  J'ECOUTE""",100.0,100.0,fuzzy,,,,,,,,,,,bn_contradicts_fuzzy_match,,,
7306504,ON,corporations_canada,ZAOGA FORWARD IN FAITH INCORPORATED,,10 AVOCET GATE,L7A2W8,BRAMPTON,Canada Not-for-profit Corporations Act,needs_review,873943401,FORWARD IN FAITH CHURCH,84.21052631578947,45.45454545454546,fuzzy,,,,,,,,,,,mid_band_score,,,
16318142,ON,corporations_canada,Praise Music Festival,,40 Callalily Rd,L7A0M2,Brampton,Canada Not-for-profit Corporations Act,needs_review,119087906,PEEL MUSIC FESTIVAL,85.0,48.0,fuzzy,,,,,,,,,,,mid_band_score,,,
16253865,SK,corporations_canada,Saskatchewan Arabs Society,,"131B 113 St W, Saskatoon, SK, Canada",S7N1V9,Saskatoon,Canada Not-for-profit Corporations Act,needs_review,138619242,SASKATCHEWAN ELKS FOUNDATION CORP,80.0,71.42857142857143,fuzzy,,,,,,,,,,,mid_band_score,,,
9607021,ON,corporations_canada,Innocence Canada,,106 Front St E,M5A1E1,Toronto,Canada Not-for-profit Corporations Act,needs_review,855145462,Innocence Canada Foundation,100.0,,fuzzy,,,,,,,,,,,bn_contradicts_fuzzy_match,,,
584177,QC,corporations_canada,RICHELIEU INTERNATIONAL,,206-180 boul Mont-bleu,J8Z3J5,Gatineau,Canada Not-for-profit Corporations Act,needs_review,128791449,FONDATION RICHELIEU-INTERNATIONAL,100.0,34.78260869565217,fuzzy,,,,,,,,,,,bn_contradicts_fuzzy_match,,,
16274862,MB,corporations_canada,"CHURCH OF GOD MISSION INTERNATIONAL, WINNIPEG",,Dale Blvd,R3R3Y9,Winnipeg,Canada Not-for-profit Corporations Act,needs_review,886683390,GLOBAL MISSIONS THE CHURCH AT WINNIPEG,80.85106382978724,54.54545454545454,fuzzy,,,,,,,,,,,mid_band_score,,,
3667341,QC,corporations_canada,PROTECH FOUNDATION,FONDATION PROTECH,"7700 boul. Henri Bourassa, Ouest",H4S1W3,Montreal,Canada Not-for-profit Corporations Act,needs_review,893187120,PROTECH FOUNDATION/FONDATION PROTECH,100.0,,fuzzy,,,,,,,,,,,bn_contradicts_fuzzy_match,,,
12468638,AB,corporations_canada,LifeSpring Revival Network,,1122 Coopers Dr SW,T4B0Z8,Airdrie,Canada Not-for-profit Corporations Act,needs_review,765100508,LIFESPRING REVIVAL NETWORK,100.0,,fuzzy,,,,,,,,,,,bn_contradicts_fuzzy_match,,,
16622976,ON,corporations_canada,Mission Projects International,,27 Truro Cir,L7A4E4,Brampton,Canada Not-for-profit Corporations Act,needs_review,762018109,Mission Projects International,100.0,,fuzzy,,,,,,,,,,,bn_contradicts_fuzzy_match,,,
16619258,ON,corporations_canada,Faith Sanctuary Pentecostal Church,,1901 Jane St,M9N3T9,Toronto,Canada Not-for-profit Corporations Act,needs_review,119277960,FAITH SANCTUARY PENTECOSTAL CHURCH,100.0,,fuzzy,,,,,,,,,,,bn_contradicts_fuzzy_match,,,
1109375,ON,corporations_canada,CANADIAN ASSOCIATION OF LAW LIBRARIES,ASSOCIATION CANADIENNE DES BIBLIOTHEQUES DE DROIT,"40 Eglinton Ave E,",M4P3A2,Toronto,Canada Not-for-profit Corporations Act,needs_review,890673171,CANADIAN HEALTH LIBRARIES ASSOCIATION/ASSOCIATION DES BIBLIOTHEQUES DE LA SANTE DU CANADA,85.1063829787234,35.483870967741936,fuzzy,,,,,,,,,,,mid_band_score,,,
16862543,ON,corporations_canada,FutureEra Research Institute,,1080 Bay St.,M5S0A5,Toronto,Canada Not-for-profit Corporations Act,needs_review,118965342,HUNGARIAN RESEARCH INSTITUTE OF CANADA,78.57142857142857,67.6056338028169,fuzzy,,,,,,,,,,,mid_band_score,,,
10550892,ON,corporations_canada,NEW HOPE COMMUNITY CHURCH Toronto,,48 Bloem Ave,M6E1S1,Toronto,Canada Not-for-profit Corporations Act,needs_review,891081143,NEW HOPE COMMUNITY CHURCH,81.81818181818181,,fuzzy,,,,,,,,,,,mid_band_score,,,
17037139,ON,corporations_canada,Chabad Kingston Community,,251 Brock St,K7L1S3,Kingston,Canada Not-for-profit Corporations Act,needs_review,761532688,CHABAD OF KINGSTON,75.0,,fuzzy,,,,,,,,,,,mid_band_score,,,
17339381,ON,corporations_canada,"First Baptist Church, Arnprior",,279 Alicia St,K7S1H6,Arnprior,Canada Not-for-profit Corporations Act,needs_review,108082108,First Baptist Church  Arnprior,100.0,,fuzzy,,,,,,,,,,,bn_contradicts_fuzzy_match,,,
16684149,ON,corporations_canada,Chabad Collingwood,,72 Lockerbie Cres,L9Y0Y8,Collingwood,Canada Not-for-profit Corporations Act,needs_review,132734963,CHURCH OF CHRIST  COLLINGWOOD,77.77777777777779,75.86206896551724,fuzzy,,,,,,,,,,,mid_band_score,,,
16363423,ON,corporations_canada,Guelph Chinese Baptist Church,,,,,Canada Not-for-profit Corporations Act,needs_review,,,,,,,,,,,,,,,,no_blocking_key,,,
17457162,ON,corporations_canada,Humaniti International Foundation,,155 Commerce Valley Dr E,L3T7T2,Markham,Canada Not-for-profit Corporations Act,needs_review,719676926,HUMANITI FOUNDATION,100.0,,fuzzy,,,,,,,,,,,bn_contradicts_fuzzy_match,,,
17852959,ON,corporations_canada,Afghan Church of the GTA,,30 Elm Dr E,L5A4C3,Mississauga,Canada Not-for-profit Corporations Act,needs_review,731175881,Afghan Church of the GTA,100.0,,fuzzy,,,,,,,,,,,bn_contradicts_fuzzy_match,,,
8972923,ON,corporations_canada,CHARITÉ LEO (LEADERSHIP - ESPOIR - OPPORTUNITÉ),LEO (LEADERSHIP - ESPOIR - OPPORTUNITÉ) CHARITY,2 CARLTON STREET,M5B1J3,TORONTO,Canada Not-for-profit Corporations Act,needs_review,841839590,CHARITE LEO (LEADERSHIP-ESPOIR-OPPORTUNITE)/LEO(LEADERSHIP- ESPOIR-OPPORTUNITE) CHARITY,100.0,43.75,fuzzy,,,,,,,,,,,bn_contradicts_fuzzy_match,,,
17684428,ON,corporations_canada,Windsor Dives Inc.,,952 Ford Blvd,N8S2E9,Windsor,Canada Not-for-profit Corporations Act,needs_review,792248080,Windsor Destiny Centre,78.57142857142857,75.0,fuzzy,,,,,,,,,,,mid_band_score,,,
17952970,QC,corporations_canada,CANADIAN CENTRE FOR ARCHITECTURE FOUNDATION,FONDATION DU CENTRE CANADIEN D'ARCHITECTURE,1920 Baile Street,H3H2S6,Montréal,Canada Not-for-profit Corporations Act,needs_review,118830009,CANADIAN CENTRE FOR ARCHITECTURE / CENTRE CANADIEN D'ARCHITECTURE,100.0,,fuzzy,,,,,,,,,,,bn_contradicts_fuzzy_match,,,
1133748,QC,corporations_canada,TERRE SANS FRONTIÈRES,,23-399 RUE DES CONSEILLERS,J5R4H6,LA PRAIRIE,Canada Not-for-profit Corporations Act,needs_review,130594492,Terre sans frontières,100.0,35.89743589743589,fuzzy,,,,,,,,,,,bn_contradicts_fuzzy_match,,,
8129355,ON,corporations_canada,Newcastle Fellowship Baptist Church,,200 KING AVENUE EAST,L1B1H5,NEWCASTLE,Canada Not-for-profit Corporations Act,needs_review,133897561,NEWCASTLE BAPTIST CHURCH,75.55555555555556,38.095238095238095,fuzzy,,,,,,,,,,,mid_band_score,,,
2612631,ON,corporations_canada,Nelson House of Ottawa-Carleton,,"MERIVAL DEPOT, BOX 5381",K2C3J1,NEPEAN,Canada Not-for-profit Corporations Act,needs_review,130630338,NELSON HOUSE OF OTTAWA-CARLETON,100.0,60.31746031746032,fuzzy,,,,,,,,,,,bn_contradicts_fuzzy_match,,,
3986438,QC,corporations_canada,Corporation du Collège de Bois-de-Boulogne,,10 555 AVENUE DE BOIS-DE-BOULOGNE,H4N1L4,MONTREAL,Canada Not-for-profit Corporations Act,needs_review,128966454,LA FONDATION DU COLLEGE DE BOIS-DE-BOULOGNE,100.0,54.54545454545454,fuzzy,,,,federal_grant_match,122613,Corporation du Collège de Bois-de-Boulogne,100.0,,27,1324344.0,bn_contradicts_fuzzy_match,,,
2219867,ON,corporations_canada,THE CANADIAN FOUNDATION FOR GEOTECHNIQUE,LA FONDATION CANADIENNE DE GEOTECHNIQUE,1125 COLONEL BY DRIVE,K1S5B6,OTTAWA,Canada Not-for-profit Corporations Act,needs_review,891558793,THE CANADIAN FOUNDATION FOR GEOTECHNIQUE/LA FONDATION CANADIENNE DE GEOTECHNIQUE,100.0,57.692307692307686,fuzzy,,,,,,,,,,,bn_contradicts_fuzzy_match,,,
8765600,ON,corporations_canada,NATIONAL CHILDREN'S BOTANICAL GARDEN OF CANADA,JARDIN BOTANIQUE NATIONAL DU CANADA POUR ENFANTS,24 Avonmore Crescent,K2G6J7,Ottawa,Canada Not-for-profit Corporations Act,needs_review,842442030,National Children's Botanical Garden of Canada / Jardin Botanique national du Canada pour enfants,100.0,,fuzzy,,,,,,,,,,,bn_contradicts_fuzzy_match,,,
349861,ON,corporations_canada,The Canadian Real Estate Association,L'Association canadienne de l'immobilier,200 CATHERINE STREET,K2P2K9,OTTAWA,Canada Not-for-profit Corporations Act,needs_review,857174528,CANADIAN REALTORS CARE FOUNDATION,76.19047619047619,43.07692307692308,fuzzy,,,,,,,,,,,mid_band_score,,,
1811665,ON,corporations_canada,THE LITTLE PEOPLE OF CANADA,LES PETITS GENS DU CANADA,180 ROSEDALE HEIGHTS DRIVE,M4T1C6,TORONTO,Canada Not-for-profit Corporations Act,needs_review,889278974,LITTLE PEOPLE OF ONTARIO / L P O,76.47058823529412,29.629629629629626,fuzzy,,,,federal_grant_match,286758,THE LITTLE PEOPLE OF CANADA  LES PETITS GENS DU CANADA,100.0,,1,17027.0,mid_band_score,,,
3345602,ON,corporations_canada,WEENEEBAYKO EEYOU,,62 HOSPITAL DRIVE BOX 4,P0L1W0,MOOSE FACTORY,Canada Not-for-profit Corporations Act,needs_review,897234795,WEENEEBAYKO FOUNDATION,78.57142857142857,56.00000000000001,fuzzy,,,,,,,,,,,mid_band_score,,,
2721791,QC,corporations_canada,Montreal Holocaust Museum,Musée de l'Holocauste Montréal,5151 COTE-STE-CATHERINE RD,H3W1M6,MONTREAL,Canada Not-for-profit Corporations Act,needs_review,890837941,Montreal Holocaust Museum / Musée de l'Holocauste Montréal,100.0,48.0,fuzzy,,,,,,,,,,,bn_contradicts_fuzzy_match,,,
2740842,ON,corporations_canada,AFGHAN CANADIAN ISLAMIC COMMUNITY,,22 HOBSON AVE.,M4A1Y2,TORONTO,Canada Not-for-profit Corporations Act,needs_review,132976168,Afghan Canadian Islamic Community,100.0,,fuzzy,,,,,,,,,,,bn_contradicts_fuzzy_match,,,
2205939,QC,corporations_canada,Pregnancy Counselling Centre (Quebec),Centre Conseils Grossesse (Québec),"7394, 19th AVENUE",H2A2L7,MONTREAL,Canada Not-for-profit Corporations Act,needs_review,119098218,CENTRE CONSEILS GROSSESSE  QUEBEC,100.0,,fuzzy,,,,,,,,,,,bn_contradicts_fuzzy_match,,,
4231830,ON,corporations_canada,Black Youth Helpline,,700 HUMBERWOOD BLVD.,M9W7J4,TORONTO,Canada Not-for-profit Corporations Act,needs_review,878672807,BLACK YOUTH HELPLINE,100.0,,fuzzy,,,,,,,,,,,bn_contradicts_fuzzy_match,,,
9199381,AB,corporations_canada,Raymond Auxiliary to Health Care Facilities,,150N- 100 East,T0K2S0,Raymond,Canada Not-for-profit Corporations Act,needs_review,821815586,RAYMOND AUXILIARY TO HEALTHCARE FACILITIES,89.41176470588236,55.072463768115945,fuzzy,,,,,,,,,,,mid_band_score,,,
3890732,ON,corporations_canada,FAIRVIEW BAPTIST CHURCH (LINDSAY),,130 COLBORNE STREET WEST,K9V3T5,LINDSAY,Canada Not-for-profit Corporations Act,needs_review,118910827,FAIRVIEW BAPTIST CHURCH (LINDSAY),100.0,,fuzzy,,,,,,,,,,,bn_contradicts_fuzzy_match,,,
2803780,QC,corporations_canada,ROYAL MONTREAL REGIMENT FOUNDATION,FONDATION ROYAL MONTREAL REGIMENT,"4625 SAINT CATHERINE STREET, WEST",H3Z1S4,WESTMOUNT,Canada Not-for-profit Corporations Act,needs_review,891421844,Royal Montreal Regiment Foundation/Fondation Royal Montréal Régiment,100.0,22.22222222222222,fuzzy,,,,,,,,,,,bn_contradicts_fuzzy_match,,,
9268014,QC,corporations_canada,Institut de la liberté de conscience au Canada,Freedom of Conscience Institute in Canada,8063 avenue Henri-Julien,H2R2B9,Montréal,Canada Not-for-profit Corporations Act,needs_review,825623382,Institut de la liberté de conscience au Canada/Freedom of Conscience Institute in Canada,100.0,,fuzzy,,,,,,,,,,,bn_contradicts_fuzzy_match,,,
9282661,ON,corporations_canada,POTTER FAMILY 2015 FOUNDATION,,62 JOHN STREET,K1M1M3,OTTAWA,Canada Not-for-profit Corporations Act,needs_review,848606620,THE POTTER FAMILY FOUNDATION,83.87096774193549,,fuzzy,,,,,,,,,,,mid_band_score,,,
9424814,NS,corporations_canada,For the Region,,1454 Dresden Row,B3J3T5,Halifax,Canada Not-for-profit Corporations Act,needs_review,108160011,United Way/Centraide (Central N.B./Region Du Centre du N.B.)Inc.,75.0,55.172413793103445,fuzzy,,,,,,,,,,,mid_band_score,,,
9976434,ON,corporations_canada,Canadian Aniridia Foundation,,126 Joshua St.,K1W0A3,Orleans,Canada Not-for-profit Corporations Act,needs_review,748922291,Canadian Aniridia Foundation,100.0,,fuzzy,,,,,,,,,,,bn_contradicts_fuzzy_match,,,
9803726,SK,corporations_canada,Creative Kids Canada Inc.,,#404 - 2125 11th Avenue,S4P3X3,Regina,Canada Not-for-profit Corporations Act,needs_review,787257922,Creative Kids Canada Inc.,100.0,31.57894736842105,fuzzy,,,,,,,,,,,bn_contradicts_fuzzy_match,,,
3369854,ON,corporations_canada,WATER OF LIFE FAMILY CHURCH,,924 ELEVENTH AVENUE NORTH,P9N3K8,KENORA,Canada Not-for-profit Corporations Act,needs_review,893627463,WATER OF LIFE FAMILY CHURCH,100.0,,fuzzy,,,,,,,,,,,bn_contradicts_fuzzy_match,,,
4441907,ON,corporations_canada,STEM Camp,,123 Huron St.,N0J1J0,Embro,Canada Not-for-profit Corporations Act,needs_review,733038319,Stem Camp Foundation,100.0,40.0,fuzzy,,,,federal_grant_match,122625,STEM Camp,100.0,,337,12464293.0,bn_contradicts_fuzzy_match,,,
9861807,SK,corporations_canada,CONCENTUS CITIZENSHIP EDUCATION FOUNDATION,,200-123 2ND AVENUE SOUTH,S7K7E6,Saskatoon,Canada Not-for-profit Corporations Act,needs_review,809303332,CONCENTUS CITIZENSHIP EDUCATION FOUNDATION,100.0,,fuzzy,,,,,,,,,,,bn_contradicts_fuzzy_match,,,
9878670,AB,corporations_canada,Love New Canadians,,252 Citadel Hills Place NW,T3G3V6,Calgary,Canada Not-for-profit Corporations Act,needs_review,797761699,Love New Canadians,100.0,,fuzzy,,,,,,,,,,,bn_contradicts_fuzzy_match,,,
3674894,BC,corporations_canada,Showers Of Blessing International,,36406 CARNARVON COURT,V3G3G4,ABBOTSFORD,Canada Not-for-profit Corporations Act,needs_review,870820388,SHOWERS OF BLESSING INTERNATIONAL,100.0,20.833333333333336,fuzzy,,,,,,,,,,,bn_contradicts_fuzzy_match,,,
3930769,ON,corporations_canada,MISHKAOWJIWAN : THE NATIVE CENTRE FOUNDATION,,16 SPADINA ROAD,M5R2S7,TORONTO,Canada Not-for-profit Corporations Act,needs_review,880423314,MISHKAOWJIWAN: THE NATIVE CENTRE FOUNDATION,100.0,51.162790697674424,fuzzy,,,,,,,,,,,bn_contradicts_fuzzy_match,,,
497746,ON,corporations_canada,The Lithuanian-Canadian Community,,1 RESURRECTION ROAD,M9A5G1,TORONTO,Canada Not-for-profit Corporations Act,needs_review,119021236,LITHUANIAN CANADIAN FOUNDATION,79.16666666666666,60.41666666666667,fuzzy,,,,,,,,,,,mid_band_score,,,
10383619,ON,corporations_canada,Sufi Council of Toronto,,22 Brownell Street,L1R0C6,Whitby,Canada Not-for-profit Corporations Act,needs_review,717629299,Sufi Council of Toronto,100.0,,fuzzy,,,,,,,,,,,bn_contradicts_fuzzy_match,,,
10402877,PE,corporations_canada,CHANCES Foundation,,77 Upper Prince Street,C1A4S6,Charlottetown,Canada Not-for-profit Corporations Act,needs_review,701513897,CHANCES Foundation,100.0,25.0,fuzzy,,,,,,,,,,,bn_contradicts_fuzzy_match,,,
10190560,BC,corporations_canada,Canadian Disaster Animal Response Team National Society,,8298 Cedar Street,V2V3N6,Mission,Canada Not-for-profit Corporations Act,needs_review,755361524,CANADIAN DISASTER ANIMAL RESPONSE TEAM SOUTHWEST BC SOCIETY,77.55102040816327,50.98039215686274,fuzzy,,,,,,,,,,,mid_band_score,,,
10182737,ON,corporations_canada,Brescia University College Students' Council,,1285 Western Road,N6G1H2,London,Canada Not-for-profit Corporations Act,needs_review,888206646,BRESCIA UNIVERSITY COLLEGE FOUNDATION,75.36231884057972,,fuzzy,,,,,,,,,,,mid_band_score,,,
3713229,ON,corporations_canada,Storytellers of Canada,Conteurs du Canada,173 - 601 Christie Street,M6G4C7,TORONTO,Canada Not-for-profit Corporations Act,needs_review,867741373,STORYTELLERS OF CANADA/CONTEURS DU CANADA,100.0,61.53846153846154,fuzzy,,,,,,,,,,,bn_contradicts_fuzzy_match,,,
3664678,ON,corporations_canada,Association Francophone de Parents d'Enfants Dyslexiques ou ayant tout autre trouble d'apprentissage (AFPED+),,105-240 Centrum Boulevard,K1E3J4,Orléans,Canada Not-for-profit Corporations Act,needs_review,898998521,ASSOCIATION FRANCOPHONE DE PARENTS D'ENFANTS DYSLEXIQUES OU AYANT TOUT AUTRE TROUBLE D'APPRENTISSAGE (AFPED+),100.0,40.23668639053254,fuzzy,,,,,,,,,,,bn_contradicts_fuzzy_match,,,
9736034,NT,corporations_canada,Metis Council of the Northwest Territories,,121 Curry Drive,X1A0G4,Yellowknife,Canada Not-for-profit Corporations Act,needs_review,119305795,INCLUSION NORTHWEST TERRITORIES,78.78787878787878,72.5,fuzzy,,,,,,,,,,,mid_band_score,,,
10903841,ON,corporations_canada,Strathroy East Christian Reformed Church,,476 Metcalfe Street East,N7G1R5,Strathroy,Canada Not-for-profit Corporations Act,needs_review,118890458,EAST CHRISTIAN REFORMED CHURCH,82.14285714285714,77.77777777777779,fuzzy,,,,,,,,,,,mid_band_score,,,
3966135,ON,corporations_canada,CAROLYN E. AND ROBERT J. McCORMICK FOUNDATION,,92 Chancery Drive,L9G4M1,Hamilton,Canada Not-for-profit Corporations Act,needs_review,888564614,CAROLYN E. AND ROBERT J. MCCORMICK FOUNDATION,100.0,,fuzzy,,,,,,,,,,,bn_contradicts_fuzzy_match,,,
350991,ON,corporations_canada,Canadian Sugar Institute,L'Institut canadien du sucre,"277 Wellington Street West, SUITE 801",M5V3E4,Toronto,Canada Not-for-profit Corporations Act,needs_review,129814570,CANADIAN CROSSROADS INTERNATIONAL/CARREFOUR CANADIEN INTERNATIONAL,75.0,62.06896551724138,fuzzy,,,,,,,,,,,mid_band_score,,,
265730,ON,corporations_canada,The Ireland Fund of Canada,Le fonds Irlande du Canada,"44 Victoria Street, Suite 1620",M5C1Y2,Toronto,Canada Not-for-profit Corporations Act,needs_review,124640889,THE IRELAND FUND OF CANADA - LE FONDS IRLANDE DU CANADA,75.0,43.90243902439024,fuzzy,,,,,,,,,,,mid_band_score,,,
4540735,ON,corporations_canada,BANGLADESH HINDU COMMUNITY CENTRE IN CANADA INC.,,C/O SUSHITAL CHOUDHURY,M1K1N3,SCARBOROUGH,Canada Not-for-profit Corporations Act,needs_review,856097860,BANGLADESH HINDU COMMUNITY CENTRE IN CANADA INC.,100.0,32.786885245901644,fuzzy,,,,,,,,,,,bn_contradicts_fuzzy_match,,,
9227369,ON,corporations_canada,Canadian Reporters,,215 Lake Shore Boulevard East,M5A3W9,Toronto,Canada Not-for-profit Corporations Act,needs_review,119219558,CANADIAN OPERA FOUNDATION,75.0,72.72727272727273,fuzzy,,,,,,,,,,,mid_band_score,,,
11539655,ON,corporations_canada,Johnston Sisters Memorial Foundation,,3 Clayton Drive,L3R8N3,Markham,Canada Not-for-profit Corporations Act,needs_review,725349880,Johnston Sisters Memorial Foundation (JSMF),90.9090909090909,40.0,fuzzy,,,,,,,,,,,bn_contradicts_fuzzy_match,,,
11631497,ON,corporations_canada,The Georgian Bay Centre for the Arts,,938 2nd Avenue East,N4K2H6,Owen Sound,Canada Not-for-profit Corporations Act,needs_review,118937267,GEORGIAN BAY FOLK SOCIETY,78.94736842105263,63.829787234042556,fuzzy,,,,federal_grant_match,218820,The Georgian Bay Centre for the Arts,100.0,,3,29813.0,mid_band_score,,,
3221768,ON,corporations_canada,ST. JOHN COUNCIL FOR FEDERAL DISTRICT,SAINT-JEAN CONSEIL DU DISTRICT FÉDÉRAL,1050 Morrison Drive,K2H8K7,Ottawa,Canada Not-for-profit Corporations Act,needs_review,108022252,ST. JOHN COUNCIL FOR FEDERAL DISTRICT/SAINT-JEAN CONSEIL DU DISTRICT FEDERAL,100.0,39.34426229508197,fuzzy,,,,,,,,,,,bn_contradicts_fuzzy_match,,,
11657755,ON,corporations_canada,The Joseph & Antoinette Sorbara Charitable Foundation,,7 Cedarwood Avenue,M2L1L7,Toronto,Canada Not-for-profit Corporations Act,needs_review,751730276,The Joseph & Antoinette Sorbara Charitable Foundation,100.0,,fuzzy,,,,,,,,,,,bn_contradicts_fuzzy_match,,,
11671219,AB,corporations_canada,Chaloner Children's Charity Canada,,8639 48 AVE NW,T3B2B3,Calgary,Canada Not-for-profit Corporations Act,needs_review,838619179,CHALONER CHILDREN'S CHARITY CANADA,100.0,,fuzzy,,,,,,,,,,,bn_contradicts_fuzzy_match,,,
11987992,ON,corporations_canada,L’ÉGLISE ÉVANGÉLIQUE MISSIONNAIRE DES ASSEMBLÉES DE DIEU DE TORONTO,,51 Scarlett Road,M6N4J8,Toronto,Canada Not-for-profit Corporations Act,needs_review,799381462,Eglise Evangelique Missionaire Des Assemblees De Dieu De Toronto,98.59154929577466,,fuzzy,,,,,,,,,,,bn_contradicts_fuzzy_match,,,
10507873,ON,corporations_canada,Toronto Chinese Film Association,,TH1 - 205 Bonis Avenue,M1T3W6,Toronto,Canada Not-for-profit Corporations Act,needs_review,891730244,TORONTO CHINESE EVANGELICAL CHURCH,76.59574468085107,66.66666666666667,fuzzy,,,,,,,,,,,mid_band_score,,,
4475135,ON,corporations_canada,AHMADIYYA MUSLIM JAMA'AT INC.,,25 Zafarullah Khan Crescent,L6A3A5,Maple,Canada Not-for-profit Corporations Act,needs_review,113891717,AHMADIYYA MUSLIM JAMA'AT CANADA INC.,100.0,64.0,fuzzy,,,,federal_grant_match,118003,Ahmadiyya Muslim Jama'at,100.0,,13,311762.0,bn_contradicts_fuzzy_match,,,
3411176,ON,corporations_canada,Immunodeficiency Canada,Immunodéficience Canada,439 University Avenue,M5G1Y8,TORONTO,Canada Not-for-profit Corporations Act,needs_review,872760897,Immunodefiency Canada / Immunodéficience Canada,100.0,32.25806451612904,fuzzy,,,,,,,,,,,bn_contradicts_fuzzy_match,,,
9807772,ON,corporations_canada,FORWARD IN FAITH CHURCH CANADA,,31 Bushmill Circle,L7A0K8,Brampton,Canada Not-for-profit Corporations Act,needs_review,873943401,FORWARD IN FAITH CHURCH,100.0,40.90909090909091,fuzzy,,,,,,,,,,,bn_contradicts_fuzzy_match,,,
1671570,ON,corporations_canada,Pembroke Flying Club Inc.,,84 Pembroke St. W.,K8A5M6,Pembroke,Canada Not-for-profit Corporations Act,needs_review,763530896,THE GRIND PEMBROKE,75.86206896551724,70.96774193548387,fuzzy,,,,,,,,,,,mid_band_score,,,
11813889,MB,corporations_canada,Fountain of Grace Ministries International,,875 Rue Camiel Sys Street,R2J3N5,Winnipeg,Canada Not-for-profit Corporations Act,needs_review,892383464,LEON FONTAINE MINISTRIES INC.,81.63265306122449,68.08510638297872,fuzzy,,,,,,,,,,,mid_band_score,,,
13379931,BC,corporations_canada,Abu Sina Education,,9005 144 street,V3V5Z9,Surrey,Canada Not-for-profit Corporations Act,needs_review,107957805,SATNAM EDUCATION SOCIETY OF BC,81.08108108108108,52.0,fuzzy,,,,,,,,,,,mid_band_score,,,
4532147,ON,corporations_canada,The Hogervorst Foundation,,90 Essex Street,N7A3Z8,Goderich,Canada Not-for-profit Corporations Act,needs_review,821477494,THE HOGERVORST FOUNDATION,100.0,,fuzzy,,,,,,,,,,,bn_contradicts_fuzzy_match,,,
8425850,NS,corporations_canada,Evangeline Pentecostal Camp,,309 East Folly Mountain Road,B0M1G0,Debert,Canada Not-for-profit Corporations Act,needs_review,871610341,EVANGELINE PENTECOSTAL CAMP,100.0,39.21568627450981,fuzzy,,,,,,,,,,,bn_contradicts_fuzzy_match,,,
13418294,QC,corporations_canada,Association des pompiers et pompières de Stoneham-et-Tewkesbury,,"201, chemin de la Grande Ligne",G3C0X7,Stoneham-et-Tewkesbury,Canada Not-for-profit Corporations Act,needs_review,864277231,SOCIETE D'HISTOIRE DE STONEHAM-TEWKESBURY,75.75757575757575,40.0,fuzzy,,,,,,,,,,,mid_band_score,,,
13586596,ON,corporations_canada,Windsor Karen Baptist Church,,1568 Ellrose Avenue,N8Y3X5,Windsor,Canada Not-for-profit Corporations Act,needs_review,849494653,Evangelical Baptist Church of Windsor,75.0,63.829787234042556,fuzzy,,,,,,,,,,,mid_band_score,,,
13591972,NB,corporations_canada,THE NORTH SHORE (NEW BRUNSWICK) REGIMENT ASSOCIATION INC.,L'ASSOCIATION DU NORTH SHORE (NEW BRUNSWICK) REGIMENT INC.,1820 King Avenue,E2A4Z7,Bathurst,Canada Not-for-profit Corporations Act,needs_review,880102520,THE NORTH SHORE (NEW BRUNSWICK) REGIMENT HERITAGE FOUNDATION INC. / LE FOND PATRIMOINIAL DU NORTH SHORE (NEW BRUNSWICK) REGIMENT INC.,88.31168831168831,,fuzzy,,,,,,,,,,,mid_band_score,,,
364541,ON,corporations_canada,The C. L. Copland Family Foundation Inc.,,1367 Everett Lane,K0H2T0,Sydenham,Canada Not-for-profit Corporations Act,needs_review,118865252,CL COPLAND FAMILY FOUNDATION INC.,90.32258064516128,42.85714285714286,fuzzy,,,,,,,,,,,bn_contradicts_fuzzy_match,,,
13501248,ON,corporations_canada,CHRISTIAN SENSE NETWORK,,204 WINTERBERRY BLVD,L2V0C2,THOROLD,Canada Not-for-profit Corporations Act,needs_review,726157944,REMNANT CHRISTIAN NETWORK CANADA,83.33333333333334,53.65853658536586,fuzzy,,,,,,,,,,,mid_band_score,,,
11567659,ON,corporations_canada,Christ Apostolic Church Of God Mission Canada,,47 Bushmill Circle,L7A0K8,Brampton,Canada Not-for-profit Corporations Act,needs_review,723738498,Christ Apostolic Church of God Mission Canada,100.0,40.90909090909091,fuzzy,,,,,,,,,,,bn_contradicts_fuzzy_match,,,
343692,ON,corporations_canada,CANADIAN ANESTHESIOLOGISTS' SOCIETY,SOCIETE CANADIENNE DES ANESTHESIOLOGISTES,455 Danforth Avenue,M4K1P1,TORONTO,Canada Not-for-profit Corporations Act,needs_review,889212577,Canadian Anesthesiologists' Society International Education Foundation,83.87096774193549,65.45454545454545,fuzzy,,,,,,,,,,,mid_band_score,,,
12884615,ON,corporations_canada,Canadian Society of Cardiovascular MRI,,150 Elgin Street,K2P1L4,Ottawa,Canada Not-for-profit Corporations Act,needs_review,867857443,Canadian Cardiovascular Foundation / Fondation cardiovasculaire du Canada,92.0,51.515151515151516,fuzzy,,,,,,,,,,,bn_contradicts_fuzzy_match,,,
13709604,ON,corporations_canada,Amazing Love Development Organization,,83 Sandford Crescent,L1R2S1,Whitby,Canada Not-for-profit Corporations Act,needs_review,824775852,AMAZING LOVE DEVELOPMENT ORGANIZATION,100.0,33.333333333333336,fuzzy,,,,,,,,,,,bn_contradicts_fuzzy_match,,,
12611201,AB,corporations_canada,Calgary Parish Celestial Church of Christ,,1420 40 Avenue Northeast (Bay 1),T2E4P9,Calgary,Canada Not-for-profit Corporations Act,needs_review,804920585,CELESTIAL CHURCH OF CHRIST GIFTED LIGHTHOUSE PARISH  CALGARY,77.5,61.81818181818181,fuzzy,,,,,,,,,,,mid_band_score,,,
345148,ON,corporations_canada,THE CANADIAN CHIROPRACTIC ASSOCIATION,,184 Front Street East,M5A4N3,Toronto,Canada Not-for-profit Corporations Act,needs_review,118853613,CANADIAN CHIROPRACTIC RESEARCH FOUNDATION/LA FONDATION CANADIENNEPOUR LA RECHERCHE EN CHIROPRATIQUE,82.35294117647058,,fuzzy,,,,,,,,,,,mid_band_score,,,
11262106,ON,corporations_canada,University of Ottawa Students' Union,Syndicat étudiant de l’Université d’Ottawa,07-85 University Private,K1N6N5,Ottawa,Canada Not-for-profit Corporations Act,needs_review,119278877,UNIVERSITY OF OTTAWA / UNIVERSITÉ D'OTTAWA,79.06976744186046,39.34426229508197,fuzzy,,,,federal_grant_match,321403,University of Ottawa Students' Union,100.0,,1,11126.0,mid_band_score,,,
568635,ON,corporations_canada,PRINCE EDWARD FLYING CLUB,,321 McKinley Cross Road,K0K2T0,Picton,Canada Not-for-profit Corporations Act,needs_review,895350890,PRINCE EDWARD LEARNING CENTRE,85.71428571428572,73.17073170731707,fuzzy,,,,,,,,,,,mid_band_score,,,
15064996,SK,corporations_canada,Friends Club of Saskatoon,,205 33rd St W,S7L0V2,Saskatton,Canada Not-for-profit Corporations Act,needs_review,118859834,Saskatoon Church of Christ Corp.,78.78787878787878,74.28571428571429,fuzzy,,,,,,,,,,,mid_band_score,,,
14662270,ON,corporations_canada,Association des parents du Lycée Français de Toronto (APA),,2327 Dufferin Street,M6E3S5,Toronto,Canada Not-for-profit Corporations Act,needs_review,898226972,LYCEE FRANCAIS DE TORONTO,78.57142857142857,,fuzzy,,,,,,,,,,,mid_band_score,,,
3740862,ON,corporations_canada,FEAR GOD MINISTRIES INC.,,2619 George Avenue,N8W4M8,Windsor,Canada Not-for-profit Corporations Act,needs_review,879393924,FEAR GOD MINISTRIES INC,100.0,27.586206896551722,fuzzy,,,,,,,,,,,bn_contradicts_fuzzy_match,,,
14771915,ON,corporations_canada,Guelph Fringe Festival Association,,90 Fountain Street East,N1H3N6,Guelph,Canada Not-for-profit Corporations Act,needs_review,833458375,GUELPH FILM FESTIVAL INC.,85.71428571428572,71.42857142857143,fuzzy,,,,,,,,,,,mid_band_score,,,
14838645,ON,corporations_canada,Lifepoint United Pentecostal Church,,887 King Street East,L8M1B5,Hamilton,Canada Not-for-profit Corporations Act,needs_review,118891043,Lifepoint United Pentecostal Church,100.0,,fuzzy,,,,,,,,,,,bn_contradicts_fuzzy_match,,,
584827,ON,corporations_canada,TRANSPORTATION ASSOCIATION OF CANADA,ASSOCIATION DES TRANSPORTS DU CANADA,1111 Prince of Wales Drive,K2C3T2,Ottawa,Canada Not-for-profit Corporations Act,needs_review,892004805,TRANSPORTATION ASSOCIATION OF CANADA FOUNDATION / FONDATION DE L'ASSOCIATION DES TRANSPORTS DU CANADA,100.0,,fuzzy,,,,,,,,,,,bn_contradicts_fuzzy_match,,,
12627159,ON,corporations_canada,Ottawa Community Land Trust,,415 Gilmour Street,K2P1Y1,Ottawa,Canada Not-for-profit Corporations Act,needs_review,828046771,MAX OTTAWA COMMUNITY HEALTH / MAX OTTAWA SANTÉ COMMUNAUTAIRE,79.16666666666666,63.41463414634146,fuzzy,,,,,,,,,,,mid_band_score,,,
15737770,ON,corporations_canada,Islamic Society of Windsor,,260 Geraldine Crescent,N9E4M8,Windsor,Canada Not-for-profit Corporations Act,needs_review,119299949,THE WINDSOR ISLAMIC ASSOCIATION (W.I.A.),100.0,100.0,fuzzy,,,,,,,,,,,bn_contradicts_fuzzy_match,,,
3953840,ON,corporations_canada,HANDI-CARE INTL.,,38 Larwood Boulevard,M1M2M5,Toronto,Canada Not-for-profit Corporations Act,needs_review,889046397,Handi-Care Intl.,100.0,,fuzzy,,,,,,,,,,,bn_contradicts_fuzzy_match,,,
15736196,ON,corporations_canada,Saint John the Baptist Melkite Catholic Church - London,,1350 Huron St,N5V2E2,London,Canada Not-for-profit Corporations Act,needs_review,710916099,ST. JOHN THE BAPTIST MELKITE CATHOLIC CHURCH,89.23076923076923,25.0,fuzzy,,,,,,,,,,,mid_band_score,,,
15311012,ON,corporations_canada,ArtHubs Toronto Inc.,,300-585 Dundas Street East,M5A2B7,Toronto,Canada Not-for-profit Corporations Act,needs_review,855588034,TORONTO ARTSCAPE FOUNDATION,77.41935483870968,64.70588235294117,fuzzy,,,,,,,,,,,mid_band_score,,,
3783561,ON,corporations_canada,CANADAHELPS CANADON,,30 Adelaide Street East,M5C3G8,TORONTO,Canada Not-for-profit Corporations Act,needs_review,896568417,CANADAHELPS CANADON,100.0,18.75,fuzzy,,,,,,,,,,,bn_contradicts_fuzzy_match,,,
16115853,ON,corporations_canada,Bay Park Church,,775 Progress Avenue,K7M6R8,Kingston,Canada Not-for-profit Corporations Act,needs_review,118800788,Bay Park Church,100.0,34.78260869565217,fuzzy,,,,,,,,,,,bn_contradicts_fuzzy_match,,,
16126146,BC,corporations_canada,Feed Hope,,700 W Georgia St,V7Y1K8,Vancouver,Canada Not-for-profit Corporations Act,needs_review,712867019,FEED HOPE FOUNDATION,100.0,38.095238095238095,fuzzy,,,,,,,,,,,bn_contradicts_fuzzy_match,,,
4480741,ON,corporations_canada,LADY FATIMAH (SA) ORGANIZATION,,Milton,L9T9M7,Milton,Canada Not-for-profit Corporations Act,needs_review,727274946,LADY FATIMAH FOUNDATION,88.88888888888889,55.172413793103445,fuzzy,,,,,,,,,,,mid_band_score,,,
16101780,ON,corporations_canada,KINGSTON PRAYER FELLOWSHIP,,589 Tanner Dr,K7M8Y2,Kingston,Canada Not-for-profit Corporations Act,needs_review,118982354,KINGSTON UNITARIAN FELLOWSHIP,80.0,62.5,fuzzy,,,,,,,,,,,mid_band_score,,,
16511881,PE,corporations_canada,Filipino-Canadian Association of Prince Edward Island,,10-40 Cooper Ave,C1A8L1,Charlottetown,Canada Not-for-profit Corporations Act,needs_review,762670685,PRINCE EDWARD ISLAND CHAPTER OF THE CANADIAN HEMOPHILIA SOCIETY,76.74418604651163,73.01587301587303,fuzzy,,,,,,,,,,,mid_band_score,,,
10725188,QC,corporations_canada,Resurge Society,,5042 Rue Millevoye,H1S2M2,Montréal,Canada Not-for-profit Corporations Act,needs_review,774360077,LE REFUGE G.S,76.92307692307692,47.05882352941176,fuzzy,,,,,,,,,,,mid_band_score,,,
16320899,ON,corporations_canada,Ahmadiyya Muslim Medical Association of Canada,,10610 Jane St,L6A3Y1,Vaughan,Canada Not-for-profit Corporations Act,needs_review,113891717,AHMADIYYA MUSLIM JAMA'AT CANADA INC.,79.16666666666666,68.0,fuzzy,,,,,,,,,,,mid_band_score,,,
16350909,ON,corporations_canada,Central Canada District of The Wesleyan Church,,"3545 County Road 27, RR 2",K0E1M0,Lyn,Canada Not-for-profit Corporations Act,needs_review,108103987,Central Canada District of The Wesleyan Church,100.0,62.96296296296296,fuzzy,,,,,,,,,,,bn_contradicts_fuzzy_match,,,
529214,MB,corporations_canada,Abundance Canada,,2-440 Dovercourt Drive,R3Y1G4,Winnipeg,Canada Not-for-profit Corporations Act,needs_review,129253308,ABUNDANCE CANADA,100.0,41.379310344827594,fuzzy,,,,,,,,,,,bn_contradicts_fuzzy_match,,,
17109512,MB,corporations_canada,International Society for Krishna Consciousness (ISKCON Zone 1 - The North),,108 Chestnut St,R3G1R3,Winnipeg,Canada Not-for-profit Corporations Act,needs_review,841450349,INTERNATIONAL SOCIETY FOR KRISHNA CONSCIOUSNESS (MANITOBA) INC.,75.32467532467533,,fuzzy,,,,,,,,,,,mid_band_score,,,
14015312,ON,corporations_canada,PARO Women's Enterprise Canada,,Suite 201-34 Cumberland St. North,P7A4L3,Thunder Bay,Canada Not-for-profit Corporations Act,needs_review,885208777,PARO CENTRE FOR WOMEN'S ENTERPRISE,91.30434782608697,,fuzzy,,,,,,,,,,,bn_contradicts_fuzzy_match,,,
17041683,ON,corporations_canada,La Fondation d'Espoir Le Bon Berger,The Good Shepherd Hope Foundation,190 Beausoleil Dr,K1N8X8,Ottawa,Canada Not-for-profit Corporations Act,needs_review,130724255,SHEPHERDS OF GOOD HOPE,97.2972972972973,97.2972972972973,fuzzy,,,,,,,,,,,bn_contradicts_fuzzy_match,,,
15453038,ON,corporations_canada,Grace Life Ministries International,,355 Moffatt St,K7C3L6,Carleton Place,Canada Not-for-profit Corporations Act,needs_review,734906803,Grace Life Ministries International,100.0,78.04878048780488,fuzzy,,,,,,,,,,,bn_contradicts_fuzzy_match,,,
9720391,ON,corporations_canada,PRINCE EDWARD COUNTY JAZZ FESTIVAL,,654 Whitney Rd,K0K1A0,Prince Edward,Canada Not-for-profit Corporations Act,needs_review,810966762,PRINCE EDWARD COUNTY JAZZ FESTIVAL,100.0,45.614035087719294,fuzzy,,,,,,,,,,,bn_contradicts_fuzzy_match,,,
16803750,ON,corporations_canada,Porcupine United Football Club,,623 Earl St,P0N1C0,Porcupine,Canada Not-for-profit Corporations Act,needs_review,838893402,PORCUPINE UNITED CHURCH,78.04878048780488,31.372549019607842,fuzzy,,,,,,,,,,,mid_band_score,,,
16904459,ON,corporations_canada,ROSA MARIA FOUNDATION,,4040 Steeles Avenue West Unit 49/2,L4L4Y5,Woodbridge,Canada Not-for-profit Corporations Act,needs_review,897224077,RADIO MARIA CANADA/RADIO-MARIE CANADA,76.19047619047619,58.82352941176471,fuzzy,,,,,,,,,,,mid_band_score,,,
15574986,AB,corporations_canada,Canadian Covid Society,Société Canadienne de la Covid,314 11a St NW,T2N1X8,Calgary,Canada Not-for-profit Corporations Act,needs_review,119227643,THE CLASSICAL ASSOCIATION OF CANADA/SOCIETE CANADIENNE DES E,76.92307692307692,72.72727272727273,fuzzy,,,,,,,,,,,mid_band_score,,,
17124082,ON,corporations_canada,WORLD CENTRE FOR MISSION MOBILIZATION,,157 Habitant Dr,M9M2P4,Toronto,Canada Not-for-profit Corporations Act,needs_review,862102704,WORLD CENTRE FOR MISSION MOBILIZATION,100.0,,fuzzy,,,,,,,,,,,bn_contradicts_fuzzy_match,,,
13221733,ON,corporations_canada,Kingston BMX Association,,221-37 Cassidy st,K7K7B3,Kingston,Canada Not-for-profit Corporations Act,needs_review,119307569,YOUTH FOR CHRIST/KINGSTON,80.0,60.0,fuzzy,,,,,,,,,,,mid_band_score,,,
17371748,SK,corporations_canada,Encounter Church Fellowship,,366 Buffalo Place,S9H4X2,Swift Current,Canada Not-for-profit Corporations Act,needs_review,132256405,CORNERSTONE FELLOWSHIP CHURCH,76.19047619047619,48.64864864864865,fuzzy,,,,,,,,,,,mid_band_score,,,
17617208,ON,corporations_canada,North East Oakville Fair,,1146 Falgarwood Dr,L6H2L3,Oakville,Canada Not-for-profit Corporations Act,needs_review,853760726,FAITH BAPTIST CHURCH OAKVILLE,78.26086956521739,63.41463414634146,fuzzy,,,,,,,,,,,mid_band_score,,,
11440306,BC,corporations_canada,Bowen Island Archery Club,,376 Creek Rd,V0N1G1,Bowen Island,Canada Not-for-profit Corporations Act,needs_review,118814136,BOWEN ISLAND MUSEUM & ARCHIVES,75.0,61.53846153846154,fuzzy,,,,,,,,,,,mid_band_score,,,
9367284,ON,corporations_canada,Ottawa Tamil Association,,84 Dragon Park Dr,K2J0H5,Ottawa,Canada Not-for-profit Corporations Act,needs_review,839016771,Ottawa Torah Centre,75.0,69.23076923076923,fuzzy,,,,federal_grant_match,106630,Ottawa Tamil Association,100.0,,12,66795.0,mid_band_score,,,
17534876,ON,corporations_canada,Vision Revival Ministries,,2344 Keele St,M6M4A4,Toronto,Canada Not-for-profit Corporations Act,needs_review,878898519,THE REVIVAL UNITED MINISTRIES,80.0,60.0,fuzzy,,,,,,,,,,,mid_band_score,,,
3086721,ON,corporations_canada,Mortgage Professionals Canada,,6 Ronrose Dr,L4K4R3,Concord,Canada Not-for-profit Corporations Act,needs_review,872733217,Mortgage Professionals Canada Foundation / Fondation des professionnels hypothecaires du Canada,100.0,,fuzzy,,,,,,,,,,,bn_contradicts_fuzzy_match,,,
18064326,ON,corporations_canada,Orangeville Helps,,347036 Mono Centre Rd,L9W6S2,Mono,Canada Not-for-profit Corporations Act,needs_review,119020675,LIONS CLUB OF ORANGEVILLE CHARITABLE TRUST,82.35294117647058,78.57142857142857,fuzzy,,,,,,,,,,,mid_band_score,,,
10824518,QC,corporations_canada,ASSEMBLÉE CHRÉTIENNE L'ÉTERNEL EST ICI (E.E.I),,1 Place De Darney,J6Z4M8,Lorraine,Canada Not-for-profit Corporations Act,needs_review,762008530,ASSEMBLÉE CHRÉTIENNE L'ÉTERNEL EST ICI (E.E.I),100.0,,fuzzy,,,,,,,,,,,bn_contradicts_fuzzy_match,,,
12947684,AB,corporations_canada,The Ministry of Repentance and Holiness Canada,,10 SOUTH SHORE ROAD,T1X2Y4,CHESTERMERE,Canada Not-for-profit Corporations Act,needs_review,742525132,THE MINISTRY OF REPENTANCE AND HOLINESS CANADA,100.0,,fuzzy,,,,,,,,,,,bn_contradicts_fuzzy_match,,,
18031444,ON,corporations_canada,FIRST LOBO BAPTIST CHURCH,,22907 Nairn Rd,N0L1R0,Komoka,Canada Not-for-profit Corporations Act,needs_review,118918325,FIRST LOBO BAPTIST CHURCH,100.0,38.46153846153846,fuzzy,,,,,,,,,,,bn_contradicts_fuzzy_match,,,
4474937,ON,corporations_canada,CAMPBELLFORD SEYMOUR COMMUNITY DEVELOPMENT CORPORATION,,39 DOXSEE AVENUE NORTH,K0L1L0,CAMPBELLFORD,Canada Not-for-profit Corporations Act,needs_review,898077912,COMMUNITY FOUNDATION OF CAMPBELLFORD/SEYMOUR AND NORTHUMBERLAND,80.45977011494253,67.6056338028169,fuzzy,,,,,,,,,,,mid_band_score,,,
36536,QC,corporations_canada,CANADIAN CENTRE FOR ARCHITECTURE,CENTRE CANADIEN D'ARCHITECTURE,"1920, BAILE STREET",H3H2S6,MONTREAL,Canada Not-for-profit Corporations Act,needs_review,118830009,CANADIAN CENTRE FOR ARCHITECTURE / CENTRE CANADIEN D'ARCHITECTURE,100.0,,fuzzy,,,,,,,,,,,bn_contradicts_fuzzy_match,,,
2632209,ON,corporations_canada,AMERICAN SOCIETY OF OVERSEAS RESEARCH IN CANADA,SOCIÉTÉ AMÉRICAINE POUR LA RECHERCHE À L'ÉTRANGER AU CANADA,4 BANCROFT AVENUE,M5S1C1,TORONTO,Canada Not-for-profit Corporations Act,needs_review,891631269,AMERICAN SOCIETY OF OVERSEAS RESEARCH IN CANADA / SOCIÉTÉ AMÉRICAINE POUR LA RECHERCHE À L'ÉTRANGER AU CANADA,100.0,41.93548387096774,fuzzy,,,,,,,,,,,bn_contradicts_fuzzy_match,,,
8390193,ON,corporations_canada,Steelworkers Humanity Support Fund Inc.,Le Fond De Soutien Humanitaire Des Métallos Inc.,234 EGLINTON AVENUE EAST,M4P1K7,TORONTO,Canada Not-for-profit Corporations Act,needs_review,119172278,STEELWORKERS HUMANITY FUND INC,86.66666666666667,,fuzzy,,,,,,,,,,,mid_band_score,,,
2241978,BC,corporations_canada,"Vancouver Christian Centre Ministries, Inc.",,"12161, 59th AVENUE",V3X3L4,SURREY,Canada Not-for-profit Corporations Act,needs_review,129815437,VANCOUVER CHRISTIAN CENTRE MINISTRIES INC,100.0,58.82352941176471,fuzzy,,,,,,,,,,,bn_contradicts_fuzzy_match,,,
343587,ON,corporations_canada,CANADA BASKETBALL,,1 WESTSIDE DRIVE,M9C1B2,TORONTO,Canada Not-for-profit Corporations Act,needs_review,892546540,Canada Basketball Foundation,100.0,22.22222222222222,fuzzy,,,,federal_grant_match,112207,CANADA BASKETBALL,100.0,,49,31079383.0,bn_contradicts_fuzzy_match,,,
3429709,ON,corporations_canada,Guelph Bible Conference Centre,,485 WATERLOO AVENUE,N1H3K4,GUELPH,Canada Not-for-profit Corporations Act,needs_review,107456808,GUELPH BIBLE CONFERENCE CENTRE,100.0,,fuzzy,,,,,,,,,,,bn_contradicts_fuzzy_match,,,
3951758,ON,corporations_canada,SLEEPING CHILDREN AROUND THE WORLD,,28 PINEHURST CRESCENT,M9A3A5,TORONTO,Canada Not-for-profit Corporations Act,needs_review,131634396,SLEEPING CHILDREN AROUND THE WORLD,100.0,,fuzzy,,,,,,,,,,,bn_contradicts_fuzzy_match,,,
2498693,ON,corporations_canada,CCL - CHRISTIAN COMMUNICATION INCORPORATED,,2 & 3 - 3880 MIDLAND AVENUE,M1V5K4,TORONTO,Canada Not-for-profit Corporations Act,needs_review,125014159,CCL - CHRISTIAN COMMUNICATION INCORPORATED,100.0,96.2962962962963,fuzzy,,,,,,,,,,,bn_contradicts_fuzzy_match,,,
357791,BC,corporations_canada,Chilliwack Flying Club,,46200 AIRPORT ROAD,V2P1A5,CHILLIWACK,Canada Not-for-profit Corporations Act,needs_review,886264191,THE CHILLIWACK PLOWING SOCIETY,85.71428571428572,83.33333333333334,fuzzy,,,,,,,,,,,mid_band_score,,,
4191935,MB,corporations_canada,CHRIST FULL GOSPEL FELLOWSHIP,,75 ELM STREET,R0G1R0,PLUM COULEE,Canada Not-for-profit Corporations Act,needs_review,138603105,CHRIST FULL GOSPEL FELLOWSHIP,100.0,60.86956521739131,fuzzy,,,,,,,,,,,bn_contradicts_fuzzy_match,,,
4325036,ON,corporations_canada,HARI KRISHAN PUBLICATION,,6300 MISSISSAUGA ROAD,L5N1A7,MISSISSAUGA,Canada Not-for-profit Corporations Act,needs_review,887324036,HARI KRISHAN PUBLICATION,100.0,,fuzzy,,,,,,,,,,,bn_contradicts_fuzzy_match,,,
9160841,ON,corporations_canada,Canada Day Barrhaven Inc.,,18 Pepperrall Crescent,K2J3V8,Ottawa,Canada Not-for-profit Corporations Act,needs_review,806436416,BarrhavenRun.ca,78.57142857142857,75.86206896551724,fuzzy,,,,federal_grant_match,127167,CANADA DAY BARRHAVEN INC.,100.0,,10,137354.0,mid_band_score,,,
3377016,ON,corporations_canada,BELMONT METHUEN AND HAVELOCK HISTORICAL SOCIETY,,"RR.#3, 8706 COUNTY ROAD 50",K0L1Z0,HAVELOCK,Canada Not-for-profit Corporations Act,needs_review,888061942,BELMONT-METHUEN AND HAVELOCK HISTORICAL SOCIETY,100.0,64.0,fuzzy,,,,,,,,,,,bn_contradicts_fuzzy_match,,,
2140799,ON,corporations_canada,RPSC PHILATELIC RESEARCH FOUNDATION,,10 SUMMERHILL AVENUE,M4T1A8,TORONTO,Canada Not-for-profit Corporations Act,needs_review,887979649,R P S C PHILATELIC RESEARCH FOUNDATION,88.37209302325581,64.61538461538461,fuzzy,,,,,,,,,,,mid_band_score,,,
3331822,PE,corporations_canada,Charlottetown Airport Authority Inc.,,65 Grafton Street,C1A1K8,Charlottetown,Canada Not-for-profit Corporations Act,needs_review,892991969,BIRTHRIGHT OF CHARLOTTETOWN  P.E.I.  INC.,76.36363636363637,65.51724137931035,fuzzy,,,,federal_grant_match,121352,Charlottetown Airport Authority Inc.,100.0,,18,24683210.0,mid_band_score,,,
2383080,ON,corporations_canada,THE NATIONAL CAPITAL SUZUKI SCHOOL OF MUSIC,,2 DALY AVENUE,K1N6E2,OTTAWA,Canada Not-for-profit Corporations Act,needs_review,892776378,THE NATIONAL CAPITAL SUZUKI SCHOOL OF MUSIC,100.0,43.83561643835616,fuzzy,,,,,,,,,,,bn_contradicts_fuzzy_match,,,
3982653,ON,corporations_canada,Bochasanwasi Shri Akshar Purushottam Swaminarayan Sanstha Mandir Development Inc.,,61 Claireville Drive,M9W5Z7,Toronto,Canada Not-for-profit Corporations Act,needs_review,868987710,BOCHASANWASI SHRI AKSHAR PURUSHOTTAM SWAMINARAYAN SANSTHA MANDIR DEVELOPMENT INC.,100.0,87.5,fuzzy,,,,,,,,,,,bn_contradicts_fuzzy_match,,,
1959191,ON,corporations_canada,J & P LANG FAMILY CHARITABLE FOUNDATION,,460 WYCROFT ROAD,L6K2G7,OAKVILLE,Canada Not-for-profit Corporations Act,needs_review,886601798,J & P Lang Family Charitable Foundation,100.0,,fuzzy,,,,,,,,,,,bn_contradicts_fuzzy_match,,,
4297440,ON,corporations_canada,"The Redeemed Christian Church of God, Canada (RCCG Canada)",,UNIT 7- 139 DEVON ROAD,L6T5L8,BRAMPTON,Canada Not-for-profit Corporations Act,needs_review,867372567,The Redeemed Christian Church of God  Canada (RCCG Canada),100.0,41.860465116279066,fuzzy,,,,,,,,,,,bn_contradicts_fuzzy_match,,,
3173682,ON,corporations_canada,The Church At Selwyn,,2686 LAKEFIELD ROAD,K9J6X5,SELWYN,Canada Not-for-profit Corporations Act,needs_review,132152786,THE CHURCH AT SELWYN,100.0,33.333333333333336,fuzzy,,,,,,,,,,,bn_contradicts_fuzzy_match,,,
1202120,QC,corporations_canada,LA FONDATION INTERNATIONALE ANDRE GILBERT INC.,,4010 RUE SAINTE-CATHERINE,H3Z1P2,MONTREAL,Canada Not-for-profit Corporations Act,needs_review,143162519,LA FONDATION INTERNATIONALE ANDRÉ GILBERT INC,100.0,,fuzzy,,,,,,,,,,,bn_contradicts_fuzzy_match,,,
4256565,ON,corporations_canada,Greater Toronto Jewish Federation New Ventures,,4600 BATHURST STREET,M2R3V2,TORONTO,Canada Not-for-profit Corporations Act,needs_review,108155797,Jewish Foundation of Greater Toronto,77.19298245614034,73.23943661971832,fuzzy,,,,,,,,,,,mid_band_score,,,
2434253,ON,corporations_canada,GLOBAL AMBASSADORS,,6232 OLD HOMESTEAD RD.,L0E1R0,SUTTON WEST,Canada Not-for-profit Corporations Act,needs_review,891432643,GLOBAL AMBASSADORS,100.0,35.89743589743589,fuzzy,,,,,,,,,,,bn_contradicts_fuzzy_match,,,
4406931,QC,corporations_canada,LA FONDATION ÉDUCATIVE DE LA COMMISSION SCOLAIRE ENGLISH-MONTRÉAL,THE ENGLISH MONTREAL SCHOOL BOARD EDUCATION FOUNDATION,6000 FIELDING AVENUE,H3X1T4,MONTREAL,Canada Not-for-profit Corporations Act,needs_review,142423896,English-Montreal School Board/Commission Scolaire English-Montreal,84.375,,fuzzy,,,,,,,,,,,mid_band_score,,,
344991,AB,corporations_canada,Canadian Cattle Association,,"180, 6815 -  8TH STREET NE",T2E7H7,CALGARY,Canada Not-for-profit Corporations Act,needs_review,803857085,Canadian Cattle Foundation,100.0,34.61538461538461,fuzzy,,,,federal_grant_match,97305,Canadian Cattlemen's Association,100.0,,24,27533527.0,bn_contradicts_fuzzy_match,,,
2927845,ON,corporations_canada,CPAC,,4150 FINCH AVENUE EAST,M1S3T9,TORONTO,Canada Not-for-profit Corporations Act,needs_review,864306626,CPAC FOUNDATION,100.0,16.000000000000004,fuzzy,,,,federal_grant_match,248910,CPAC,100.0,,7,164560.0,bn_contradicts_fuzzy_match,,,
2617579,AB,corporations_canada,Canadian Neurological Sciences Federation,Fédération des sciences neurologiques du Canada,8500 Macleod Trail SE,T2H2N1,CALGARY,Canada Not-for-profit Corporations Act,needs_review,105201156,Neurological Sciences Foundation of Canada Inc.,83.72093023255813,46.808510638297875,fuzzy,,,,,,,,,,,mid_band_score,,,
3132641,BC,corporations_canada,Community Futures Development Corporation of Cariboo-Chilcotin,,123 BORLAND STREET,V2G1R1,WILLIAMS LAKE,Canada Not-for-profit Corporations Act,needs_review,118838481,CARIBOO CHILCOTIN CHILD DEVELOPMENT CENTRE ASSOCIATION,78.04878048780488,62.7906976744186,fuzzy,,,,federal_grant_match,176852,Community Futures Development Corporation of Cariboo-Chilcotin I Société d'aide au développement des collectivités de Cariboo-Chilcotin ,100.0,,2,1670775.0,mid_band_score,,,
3429008,BC,corporations_canada,HSEF RENAISSANCE ACADEMY,,1250 - 1500 W. GEORGIA STREET,V6G2Z6,VANCOUVER,Canada Not-for-profit Corporations Act,needs_review,885205427,HSEF RENAISSANCE ACADEMY,100.0,44.44444444444444,fuzzy,,,,,,,,,,,bn_contradicts_fuzzy_match,,,
3995291,ON,corporations_canada,M.P. Charitable Foundation,,1280 FINCH AVENUE WEST,M3J3K6,TORONTO,Canada Not-for-profit Corporations Act,needs_review,880170014,M.P. CHARITABLE FOUNDATION,100.0,17.391304347826086,fuzzy,,,,,,,,,,,bn_contradicts_fuzzy_match,,,
4175433,ON,corporations_canada,Piano Association of Ottawa/Gatineau,Association de piano d'Ottawa/Gatineau,1 CENTENNIAL BLVD,K1S0M6,OTTAWA,Canada Not-for-profit Corporations Act,needs_review,870908555,PLAST OTTAWA,75.0,62.857142857142854,fuzzy,,,,,,,,,,,mid_band_score,,,
9388249,ON,corporations_canada,Connecting Windsor-Essex,,500 Ouellette Avenue,N9A1B3,WINDSOR,Canada Not-for-profit Corporations Act,needs_review,119299865,WINDSOR-ESSEX COUNTY Y FOUNDATION,81.81818181818181,74.4186046511628,fuzzy,,,,federal_grant_match,118218,Connecting Windsor-Essex ,100.0,,4,860701.0,mid_band_score,,,
3721426,ON,corporations_canada,InformCanada Federation,,2255 ST-LAURENTS BLVD,K1G4K3,OTTAWA,Canada Not-for-profit Corporations Act,needs_review,108071895,InformCanada Federation,100.0,,fuzzy,,,,,,,,,,,bn_contradicts_fuzzy_match,,,
9526978,ON,corporations_canada,EVANGELICAL CHURCH OF THE DEAF,,2395 BAYVIEW AVENUE,M2L1A2,TORONTO,Canada Not-for-profit Corporations Act,needs_review,118903244,EVANGELICAL CHURCH OF THE DEAF,100.0,50.0,fuzzy,,,,,,,,,,,bn_contradicts_fuzzy_match,,,
10011304,AB,corporations_canada,Kenny Family Foundation Inc.,,51146 Range Road 205,T8G1E5,Sherwood Park,Canada Not-for-profit Corporations Act,needs_review,757072897,KENNY FAMILY FOUNDATION INC.,100.0,,fuzzy,,,,,,,,,,,bn_contradicts_fuzzy_match,,,
9859098,ON,corporations_canada,TORAH ACADEMY OF OTTAWA,,1119 Lazard Street,K2C2R5,OTTAWA,Canada Not-for-profit Corporations Act,needs_review,886778695,TORAH ACADEMY OF OTTAWA,100.0,66.66666666666667,fuzzy,,,,,,,,,,,bn_contradicts_fuzzy_match,,,
8068020,ON,corporations_canada,PRINCE EDWARD COUNTY RADIO CORPORATION,,38 Cold Storage Road,K0K2T0,PICTON,Canada Not-for-profit Corporations Act,needs_review,867477341,PRINCE EDWARD COUNTY GREEN TRUST,76.92307692307692,71.42857142857143,fuzzy,,,,federal_grant_match,106550,Prince Edward County Radio Corporation,100.0,,11,117468.0,mid_band_score,,,
10672629,SK,corporations_canada,Safe Drinking Water Foundation,Fondation de l'Eau Potable Sûre,#1-912 Idylwyld Drive North,S7L0Z6,Saskatoon,Canada Not-for-profit Corporations Act,needs_review,868384892,SAFE DRINKING WATER FOUNDATION,100.0,39.21568627450981,fuzzy,,,,,,,,,,,bn_contradicts_fuzzy_match,,,
8743614,ON,corporations_canada,Niagara Falls Rowing Club,,5454 Lyons Creek Rd,L2G0L5,Niagara Falls,Canada Not-for-profit Corporations Act,needs_review,130516362,ROTARY CLUB OF NIAGARA FALLS  CANADA  CHARITABLE TRUST ,80.0,66.66666666666667,fuzzy,,,,,,,,,,,mid_band_score,,,
4468481,ON,corporations_canada,GRAND CHALLENGES CANADA,GRANDS DÉFIS CANADA,661 UNIVERSITY AVENUE,M5G1M1,TORONTO,Canada Not-for-profit Corporations Act,needs_review,723946323,Grand Challenges Canada Foundation,100.0,37.5,fuzzy,,,,,,,,,,,bn_contradicts_fuzzy_match,,,
601632,MB,corporations_canada,STEINBACH FLYING CLUB,,C/O SMITH NEUFELD JODOIN LLP,R5G1A7,STEINBACH,Canada Not-for-profit Corporations Act,needs_review,119172393,STEINBACH HOUSING INC.,78.78787878787878,72.72727272727273,fuzzy,,,,,,,,,,,mid_band_score,,,
3619800,BC,corporations_canada,Southern Stl'atl'imx Health Society,,200 - 100 Park Royal S,V7T1A2,West Vancouver,Canada Not-for-profit Corporations Act,needs_review,744195520,SOUTHERN STL'ATL'IMX CHARITABLE SOCIETY,85.1063829787234,55.319148936170215,fuzzy,,,,federal_grant_match,98439,SOUTHERN STL'ATL'IMX HEALTH SOCIETY,100.0,,17,4436682.0,mid_band_score,,,
2201836,ON,corporations_canada,Inuit Art Foundation,,1655 Dupont Street,M6P3T1,TORONTO,Canada Not-for-profit Corporations Act,needs_review,121033724,INUIT ART FOUNDATION,100.0,,fuzzy,,,,,,,,,,,bn_contradicts_fuzzy_match,,,
11377345,ON,corporations_canada,Mélia's Memory Foundation,,1646 Dunrobin Road,K2K1X7,Ottawa,Canada Not-for-profit Corporations Act,needs_review,715793287,Mélia's Memory Foundation,100.0,31.999999999999996,fuzzy,,,,,,,,,,,bn_contradicts_fuzzy_match,,,
10935590,ON,corporations_canada,Merrickville Organization for Culture and the Arts,,517 Elgin Street,K0G1N0,Merrickville,Canada Not-for-profit Corporations Act,needs_review,891431397,MERRICKVILLE AGRICULTURAL SOCIETY,77.77777777777779,62.295081967213115,fuzzy,,,,,,,,,,,mid_band_score,,,
3873021,ON,corporations_canada,Centre Évangélique foi et victoire en Jésus-Christ,,414 Pleasant Park Road,K1H5N1,Ottawa,Canada Not-for-profit Corporations Act,needs_review,862123395,CENTRE EVANGELIQUE FOI ET VICTOIRE EN JESUS-CHRIST,100.0,34.78260869565217,fuzzy,,,,,,,,,,,bn_contradicts_fuzzy_match,,,
939021,ON,corporations_canada,CANADIAN FOUNDRY ASSOCIATION,ASSOCIATION DES FONDERIES CANADIENNES,270 Albert Street,K1P5G8,Ottawa,Canada Not-for-profit Corporations Act,needs_review,826177529,FOUNDRY EDUCATION FOUNDATION CANADA / FONDATION ÉDUCATIVE DES FONDERIES CANADIENNES,80.76923076923077,48.484848484848484,fuzzy,,,,,,,,,,,mid_band_score,,,
11425447,BC,corporations_canada,Free Methodist Centennial Chapel,,975 Windbreak Street,V2B5P5,Kamloops,Canada Not-for-profit Corporations Act,needs_review,107405961,FREE METHODIST CENTENNIAL CHAPEL,100.0,39.53488372093024,fuzzy,,,,,,,,,,,bn_contradicts_fuzzy_match,,,
11444140,ON,corporations_canada,God's Love Ministries,,44 Fulwood Cres,L1N6K8,Whitby,Canada Not-for-profit Corporations Act,needs_review,770047678,God's Love Ministries,100.0,,fuzzy,,,,,,,,,,,bn_contradicts_fuzzy_match,,,
4347307,ON,corporations_canada,AKWA-CROSS Association of Canada,,"4338 Innes Road, Suite 10",K4A3W3,Ottawa,Canada Not-for-profit Corporations Act,needs_review,831854807,AKWACROSS CANADA CHARITABLE FOUNDATION,94.73684210526316,29.411764705882348,fuzzy,,,,,,,,,,,bn_contradicts_fuzzy_match,,,
3525520,ON,corporations_canada,The University of Ottawa Heart Institute Auxiliary,,40 Ruskin St,K1Y4W7,OTTAWA,Canada Not-for-profit Corporations Act,needs_review,866925241,UNIVERSITY OF OTTAWA HEART INSTITUTE/L'INSTITUT DE CARDIOLOGIE DE L'UNIVERSITE D'OTTAWA,86.8421052631579,71.69811320754718,fuzzy,,,,,,,,,,,mid_band_score,,,
2526140,QC,corporations_canada,BIKERS AGAINST DRUNK DRIVERS,,Boulevard Saint-Charles Bureau 403,H9H5B9,Kirkland,Canada Not-for-profit Corporations Act,needs_review,890679343,BIKERS AGAINST DRUNK DRIVERS,100.0,,fuzzy,,,,,,,,,,,bn_contradicts_fuzzy_match,,,
12798301,ON,corporations_canada,Christ Embassy Ottawa,,2080 Walkley Road,K1G3P5,Ottawa,Canada Not-for-profit Corporations Act,needs_review,889181624,THE OTTAWA CHURCH OF CHRIST,76.47058823529412,62.22222222222222,fuzzy,,,,,,,,,,,mid_band_score,,,
12919842,ON,corporations_canada,"Church of Christ, St. Catharines",,439 Ontario St.,L2N4M9,St. Catharines,Canada Not-for-profit Corporations Act,needs_review,106923212,Church of Christ  St. Catharines,100.0,,fuzzy,,,,,,,,,,,bn_contradicts_fuzzy_match,,,
13563847,ON,corporations_canada,Innisfil Community Church,,1571 Innisfil Beach Road,L9S4B3,Innisfil,Canada Not-for-profit Corporations Act,needs_review,118968908,INNISFIL COMMUNITY CHURCH,100.0,55.55555555555556,fuzzy,,,,,,,,,,,bn_contradicts_fuzzy_match,,,
12127113,QC,corporations_canada,Mission d'Aide et de solidarité pour l'Avancement de Bellevue de La Montagne (MISABEM),Aid and Solidarity Mission for the Advancement of Bellevue de La Montagne (ASMABEM),10365 RUE AUDOIN,H1H5E3,Montréal,Canada Not-for-profit Corporations Act,needs_review,710477878,Mission d'aide et de solidarité pour l'avancement de Bellevue de la Montagne.,92.85714285714286,,fuzzy,,,,,,,,,,,bn_contradicts_fuzzy_match,,,
13093336,SK,corporations_canada,AL-BAAQI FOUNDATION,,1950 Broad Street,S4P1X9,Regina,Canada Not-for-profit Corporations Act,needs_review,709976476,AL-BAAQI FOUNDATION INC.,100.0,43.47826086956522,fuzzy,,,,,,,,,,,bn_contradicts_fuzzy_match,,,
10197149,ON,corporations_canada,Eastern Ontario Potcake Rescue,,1093 St-Emmanuel Terr,K1C2J6,ORLÉANS,Canada Not-for-profit Corporations Act,needs_review,761874320,Eastern Ontario Potcake Rescue,100.0,,fuzzy,,,,,,,,,,,bn_contradicts_fuzzy_match,,,
530565,BC,corporations_canada,Canadian Association for Photographic Art,L'association canadienne d'art photographique,102 - 231 Trans Canada Hwy NE,V1E4N3,Salmon Arm,Canada Not-for-profit Corporations Act,needs_review,119051415,CANADIAN ASSOCIATION FOR PHOTOGRAPHIC ART/L'ASSOCIATION CANADIENNE D'ART PHOTOGRAPHIQUE,100.0,38.59649122807017,fuzzy,,,,,,,,,,,bn_contradicts_fuzzy_match,,,
90093,ON,corporations_canada,THE CANADIAN BOARD OF OCCUPATIONAL MEDICINE,LA COMMISSION CANADIENNE DE LA MÉDECINE DU TRAVAIL,6 - 20 Crown Steel Drive,L3R9X9,Markham,Canada Not-for-profit Corporations Act,needs_review,793482522,CANADIAN BOARD OF OCCUPATIONAL MEDICINE EDUCATION AND RESEARCH FUND,75.0,62.5,fuzzy,,,,,,,,,,,mid_band_score,,,
13338690,NB,corporations_canada,The Huntsman Marine Foundation,,1 Lower Campus Road,E5B2L7,St. Andrews,Canada Not-for-profit Corporations Act,needs_review,118965557,THE HUNTSMAN MARINE SCIENCE CENTRE,78.94736842105263,,fuzzy,,,,,,,,,,,mid_band_score,,,
9125337,ON,corporations_canada,Aaron's Apple Inc.,,300A WIlson Avenue,M3H1S8,Toronto,Canada Not-for-profit Corporations Act,needs_review,821092772,AARON'S APPLE INC.,100.0,33.333333333333336,fuzzy,,,,,,,,,,,bn_contradicts_fuzzy_match,,,
13894002,QC,corporations_canada,Coeur à Coeur - Pont vers l'Avenir,,"114, rue George",J3P1C5,Sorel-Tracy,Canada Not-for-profit Corporations Act,needs_review,771359908,COEUR À COEUR - PONT VERS L'AVENIR,100.0,,fuzzy,,,,,,,,,,,bn_contradicts_fuzzy_match,,,
13983609,ON,corporations_canada,Vaughan Christian Community Church,,48 Kylemount Court,L4J0J4,Thornhill,Canada Not-for-profit Corporations Act,needs_review,121974182,VAUGHAN COMMUNITY CHURCH,77.27272727272727,62.22222222222222,fuzzy,,,,,,,,,,,mid_band_score,,,
10672220,ON,corporations_canada,Muslim Community of Northumberland,,277 Division Street,K9A3R2,Cobourg,Canada Not-for-profit Corporations Act,needs_review,840843825,NORTHUMBERLAND COMMUNITY COUNSELLING CENTRE,86.56716417910448,77.14285714285715,fuzzy,,,,,,,,,,,mid_band_score,,,
14412087,ON,corporations_canada,Holy Cross Evangelical Lutheran Church of Kitchener,,322 East Avenue,N2H1Z5,Kitchener,Canada Not-for-profit Corporations Act,needs_review,130563695,Holy Cross Evangelical Lutheran Church of Kitchener,100.0,,fuzzy,,,,,,,,,,,bn_contradicts_fuzzy_match,,,
14414012,BC,corporations_canada,VANCOUVER ISLAND ISLAMIC FOUNDATION,,1819 Broadmead Avenue,V8P5J9,Victoria,Canada Not-for-profit Corporations Act,needs_review,802773275,CHURCHILL FOUNDATION VANCOUVER ISLAND,76.0,70.37037037037037,fuzzy,,,,,,,,,,,mid_band_score,,,
14502787,ON,corporations_canada,HOUSE OF MERCY & COMMUNITY DEVELOPMENT,,9 Lakeland Drive,M9V1M8,Toronto,Canada Not-for-profit Corporations Act,needs_review,742918329,Etobicoke Community Development Centre Inc.,75.0,57.6271186440678,fuzzy,,,,,,,,,,,mid_band_score,,,
2015811,ON,corporations_canada,CANADIAN ACCREDITED INDEPENDENT SCHOOLS,ECOLES INDEPENDANTES CANADIENNES ACCRÉDITÉES,125 Emerson Avenue,M6H3S7,Toronto,Canada Not-for-profit Corporations Act,needs_review,118830793,CANADIAN ACCREDITED INDEPENDENT SCHOOLS/ECOLES INDEPENDANTESCANADIENNES ACREDITEES,100.0,,fuzzy,,,,,,,,,,,bn_contradicts_fuzzy_match,,,
15050316,AB,corporations_canada,SoJust Moving,,4502 Builders Road Southeast,T2G4C6,Calgary,Canada Not-for-profit Corporations Act,needs_review,738976471,SOJUST HOLDINGS,78.57142857142857,25.0,fuzzy,,,,,,,,,,,mid_band_score,,,
9047042,ON,corporations_canada,AR-RAHMAN ISLAMIC ORGANIZATION,,223 Oakdale Road,M3N1W4,Toronto,Canada Not-for-profit Corporations Act,needs_review,816337810,Ar-Rahman Islamic Organization,100.0,,fuzzy,,,,,,,,,,,bn_contradicts_fuzzy_match,,,
14951409,AB,corporations_canada,Calgary Hindu Foundation,,61 Hampstead Gardens NW,T3Y5Y5,Calgary,Canada Not-for-profit Corporations Act,needs_review,118958388,HINDU SOCIETY OF CALGARY,100.0,82.75862068965517,fuzzy,,,,,,,,,,,bn_contradicts_fuzzy_match,,,
10392995,ON,corporations_canada,Equip Church,,1155 Peacock Road,K9J6X5,Peterborough,Canada Not-for-profit Corporations Act,needs_review,767056872,Equip Church,100.0,30.000000000000004,fuzzy,,,,,,,,,,,bn_contradicts_fuzzy_match,,,
15138655,ON,corporations_canada,Ability First Canada,,70 Bongard Avenue,K2E7Z9,Ottawa,Canada Not-for-profit Corporations Act,needs_review,826197394,ABILITY FIRST OTTAWA INC.,78.78787878787878,19.047619047619047,fuzzy,,,,,,,,,,,mid_band_score,,,
13236064,AB,corporations_canada,Foundation for Black Communities,,"350 7th Avenue SW,",T2P3N9,Calgary,Canada Not-for-profit Corporations Act,needs_review,779024009,For Black Communities,100.0,31.999999999999996,fuzzy,,,,,,,,,,,bn_contradicts_fuzzy_match,,,
14439660,ON,corporations_canada,Brightshores Health System Owen Sound Foundation,,1800 8th St. E,N4K6M9,Owen Sound,Canada Not-for-profit Corporations Act,needs_review,108083551,BRIGHTSHORES HEALTH SYSTEM,82.53968253968253,43.83561643835616,fuzzy,,,,,,,,,,,mid_band_score,,,
15168252,ON,corporations_canada,North Bay Cricket Club,,101 Sherryl Crescent,P1B8R8,North Bay,Canada Not-for-profit Corporations Act,needs_review,101205888,CRISIS CENTRE NORTH BAY,78.78787878787878,72.72727272727273,fuzzy,,,,,,,,,,,mid_band_score,,,
15326052,ON,corporations_canada,Ukrainian Canadian Bar Association,L'Association du Barreau des Ukrainiens Canadiens,620 Spadina Ave.,M5S2H4,Toronto,Canada Not-for-profit Corporations Act,needs_review,118836642,CANADIAN UKRAINIAN OPERA ASSOCIATION,78.26086956521739,69.23076923076923,fuzzy,,,,,,,,,,,mid_band_score,,,
15318661,ON,corporations_canada,ORILLIA BLACK COMMUNITY ASSOCIATION,,78 Brant Street West,L3V3N7,Orillia,Canada Not-for-profit Corporations Act,needs_review,820313609,ORILLIA COMMUNITY CHURCH,85.0,84.44444444444444,fuzzy,,,,,,,,,,,mid_band_score,,,
11046462,ON,corporations_canada,Student Canadian Chiropractic Association,,184 Front Street East,M5A4N3,Toronto,Canada Not-for-profit Corporations Act,needs_review,118853613,CANADIAN CHIROPRACTIC RESEARCH FOUNDATION/LA FONDATION CANADIENNEPOUR LA RECHERCHE EN CHIROPRATIQUE,81.35593220338984,,fuzzy,,,,,,,,,,,mid_band_score,,,
15317061,ON,corporations_canada,Community of Grace (Brampton),,300 Centre Street North,L6V2R4,Brampton,Canada Not-for-profit Corporations Act,needs_review,892074444,BRAMPTON SAFE CITY ASSOCIATION,76.19047619047619,59.64912280701755,fuzzy,,,,,,,,,,,mid_band_score,,,
15821487,ON,corporations_canada,THE REDEEMER'S CHRISTIAN COLLEGE CANADA,LE COLLÈGE CHRÉTIEN DU RÉDEMPTEUR CANADA,Unit 7-139 Devon Road,L6T5L8,Brampton,Canada Not-for-profit Corporations Act,needs_review,867372567,The Redeemed Christian Church of God  Canada (RCCG Canada),75.47169811320755,52.38095238095239,fuzzy,,,,,,,,,,,mid_band_score,,,
15217385,BC,corporations_canada,Diverse Family Foundation,,1702-200 Klahanie Court,V7P0E4,West Vancouver,Canada Not-for-profit Corporations Act,needs_review,823520978,FAMILY ALIVE SOCIETY,76.92307692307692,46.15384615384615,fuzzy,,,,,,,,,,,mid_band_score,,,
344940,ON,corporations_canada,CANADIAN CARDIOVASCULAR SOCIETY,SOCIÉTÉ CARDIOVASCULAIRE DU CANADA,1000 - 150 Elgin St,K2P1L4,Ottawa,Canada Not-for-profit Corporations Act,needs_review,867857443,Canadian Cardiovascular Foundation / Fondation cardiovasculaire du Canada,100.0,48.38709677419355,fuzzy,,,,federal_grant_match,150642,Canadian Cardiovascular Society/Societe Canadienne de la cardiologie,100.0,,7,54080.0,bn_contradicts_fuzzy_match,,,
16365477,AB,corporations_canada,Calgary Chengdu Association,,203 4 St NE,T2E3S1,Calgary,Canada Not-for-profit Corporations Act,needs_review,118958388,HINDU SOCIETY OF CALGARY,85.71428571428572,77.41935483870968,fuzzy,,,,,,,,,,,mid_band_score,,,
7795963,ON,corporations_canada,CHILD LIFELINE INC.,,300A WILSON AVENUE,M3H1S8,TORONTO,Canada Not-for-profit Corporations Act,needs_review,815591201,CHILD LIFELINE INC.,100.0,88.88888888888889,fuzzy,,,,,,,,,,,bn_contradicts_fuzzy_match,,,
16379028,ON,corporations_canada,Community Assistance Fund Enterprises Christmas Baskets,,124 Main St E,K0B1R0,Vankleek Hill,Canada Not-for-profit Corporations Act,needs_review,890810377,COMMUNITY ASSISTANCE FUND ENTERPRISES CHRISTMAS BASKETS,100.0,41.666666666666664,fuzzy,,,,,,,,,,,bn_contradicts_fuzzy_match,,,
16627901,ON,corporations_canada,RYDE FREE METHODIST CHURCH,,1667 Housey's Rapids Rd,P1P1R3,Gravenhurst,Canada Not-for-profit Corporations Act,needs_review,119130359,RYDE CENTENNIAL FREE METHODIST CHURCH,77.55102040816327,43.47826086956522,fuzzy,,,,,,,,,,,mid_band_score,,,
14797850,PE,corporations_canada,Summerside Community Fridge,,193 Green St,C1N1Y2,Summerside,Canada Not-for-profit Corporations Act,needs_review,871169637,SUMMERSIDE COMMUNITY CHURCH INC,85.1063829787234,63.63636363636363,fuzzy,,,,,,,,,,,mid_band_score,,,
4455673,ON,corporations_canada,Community Radio Fund of Canada Inc.,le Fonds canadien de la radio communautaire inc.,130 ALBERT ST.,K1P5G4,OTTAWA,Canada Not-for-profit Corporations Act,needs_review,800149270,FONDATION DE LA RADIO COMMUNAUTAIRE DU CANADA COMMUNITY RADIO FOUNDATION OF CANADA,82.92682926829268,54.54545454545454,fuzzy,,,,federal_grant_match,256900,Community Radio Fund of Canada,100.0,,4,23457.0,mid_band_score,,,
13499740,ON,corporations_canada,True Vine Community Services,,22 George Robinson Drive,L6Y2M7,Brampton,Canada Not-for-profit Corporations Act,needs_review,777987884,Vraj Community Services,78.43137254901961,70.96774193548387,fuzzy,,,,,,,,,,,mid_band_score,,,
7520387,ON,corporations_canada,Canadian Chinese Culture and Arts Association,,58 Angus Glen Blvd,L6C1Z3,Markham,Canada Not-for-profit Corporations Act,needs_review,866696255,C.C.I. CHINESE - CANADIAN INTERCULTURAL ASSOCIATION,77.96610169491525,53.968253968253975,fuzzy,,,,,,,,,,,mid_band_score,,,
8305633,ON,corporations_canada,CHARTERED PROFESSIONAL ACCOUNTANTS OF CANADA,COMPTABLES PROFESSIONNELS AGRÉÉS DU CANADA,145 King St W,M5H1J8,Toronto,Canada Not-for-profit Corporations Act,needs_review,891470197,Chartered Professional Accountants of Canada Foundation / Fondation des comptables professionnels agréés du Canada,100.0,36.0,fuzzy,,,,federal_grant_match,199393,CHARTERED PROFESSIONAL ACCOUNTANTS OF CANADA,100.0,,2,2109375.0,bn_contradicts_fuzzy_match,,,
9373454,ON,corporations_canada,"The Charitable Foundation, Rotary Club of Wellington",,5 Skiff Cove Rd.,K0K3L0,Wellington,Canada Not-for-profit Corporations Act,needs_review,825322373,Rotary Club Of Wellington Charitable Trust,100.0,78.78787878787878,fuzzy,,,,,,,,,,,bn_contradicts_fuzzy_match,,,
17232411,AB,corporations_canada,Calgary Mizo Christian Church,,27 Whiteram Close NE,T1Y5X8,Calgary,Canada Not-for-profit Corporations Act,needs_review,751114711,CALGARY UNIDA CHRISTIAN CHURCH,84.44444444444444,77.27272727272727,fuzzy,,,,,,,,,,,mid_band_score,,,
16384676,QC,corporations_canada,ASSEMBLÉE CHRÉTIENNE ZOÉ,,2341 Rue des Saules,J1G3W1,Sherbrooke,Canada Not-for-profit Corporations Act,needs_review,106727431,Assemblée Chrétienne de Sherbrooke,83.63636363636364,54.90196078431373,fuzzy,,,,,,,,,,,mid_band_score,,,
17576595,ON,corporations_canada,Transformation Church International,,750 Freeport St,N6G0R4,London,Canada Not-for-profit Corporations Act,needs_review,118863935,CHURCH OF THE TRANSFIGURATION,82.75862068965517,77.77777777777779,fuzzy,,,,,,,,,,,mid_band_score,,,
16884881,ON,corporations_canada,Simchashare,,2828 Bathurst St,M6B3A7,Toronto,Canada Not-for-profit Corporations Act,needs_review,119037919,SimchaShare,100.0,44.44444444444444,fuzzy,,,,,,,,,,,bn_contradicts_fuzzy_match,,,
17718942,ON,corporations_canada,Barrhaven Tennis Club,,76 Larkin Dr,K2J2T2,Ottawa,Canada Not-for-profit Corporations Act,needs_review,131980906,BARRHAVEN UNITED CHURCH,75.0,72.72727272727273,fuzzy,,,,,,,,,,,mid_band_score,,,
17613911,AB,corporations_canada,Cochrane Lions Club Inc.,,109 5th Ave,T4C0A4,Cochrane,Canada Not-for-profit Corporations Act,needs_review,879177913,COCHRANE LIGHTHOUSE,78.78787878787878,68.96551724137932,fuzzy,,,,,,,,,,,mid_band_score,,,
12244250,ON,corporations_canada,HOUSE OF RESTORATION AND HEALING MINISTRIES,,12 Lofty Pines Pl,L6R1K6,Brampton,Canada Not-for-profit Corporations Act,needs_review,770311132,HOUSE OF RESTORATION AND HEALING MINISTRIES,100.0,,fuzzy,,,,,,,,,,,bn_contradicts_fuzzy_match,,,
17528302,ON,corporations_canada,Peel Community Club,,4 Vivaldi Crescent,L6Y2S2,Brampton,Canada Not-for-profit Corporations Act,needs_review,841287063,INTERNATIONAL COMMUNITY CHURCH OF CANADA / ÉGLISE COMMUNAUTAIRE INTERNATIONALE DU CANADA,78.26086956521739,71.42857142857143,fuzzy,,,,,,,,,,,mid_band_score,,,
10467880,AB,corporations_canada,Medicine Hat Squash Association,,12 Finlay Court SW,T1A7M7,Medicine Hat,Canada Not-for-profit Corporations Act,needs_review,866532682,MEDICINE HAT YOUTH ACTION SOCIETY,81.08108108108108,77.41935483870968,fuzzy,,,,,,,,,,,mid_band_score,,,
9116753,NF,corporations_canada,LABRADOR WEST PRIDE,,16 McGregor Lane,A0R1B0,Wabush,Canada Not-for-profit Corporations Act,needs_review,729585745,LABRADOR WEST SPCA INC.,81.08108108108108,41.55844155844156,fuzzy,,,,,,,,,,,mid_band_score,,,
17748311,AB,corporations_canada,Community Life Church - Lethbridge,,26 Blackwolf Pass N,T1H7H7,Lethbridge,Canada Not-for-profit Corporations Act,needs_review,837479674,LETHBRIDGE KOREAN COMMUNITY CHURCH,76.92307692307692,72.1311475409836,fuzzy,,,,,,,,,,,mid_band_score,,,
17683782,NB,corporations_canada,Fredericton Gymnastics Club,,27 Simcoe Ct,E3B2W9,Fredericton,Canada Not-for-profit Corporations Act,needs_review,118931260,FREDERICTON MUSIC SOCIETY,82.05128205128204,78.94736842105263,fuzzy,,,,,,,,,,,mid_band_score,,,
11275852,QC,corporations_canada,Fierté Val-d’Or,,77 Rue Allard,J9P2H9,Val-d'Or,Canada Not-for-profit Corporations Act,needs_review,857321152,DIABÈTE VAL-D'OR INC.,81.4814814814815,75.86206896551724,fuzzy,,,,federal_grant_match,297571,VAL-D’OR PRIDE,100.0,,1,8500.0,mid_band_score,,,
18005508,ON,corporations_canada,Rohingya Community of Chatham-Kent,,9397 Longwoods Rd,N7M5J1,Chatham,Canada Not-for-profit Corporations Act,needs_review,100931203,COMMUNITY LIVING CHATHAM-KENT,86.66666666666667,83.01886792452831,fuzzy,,,,,,,,,,,mid_band_score,,,
