entity_id_a,entity_id_b,name_a,name_b,bn_root_a,bn_root_b,province_a,province_b,total_flow_a,total_flow_b,edit_type,name_similarity_score
1432,322205,BAPTIST MID-MISSIONS,Baptist Mid Missions,106771710,006771710,NB,SK,5908324239.0,72778.0,substitution,100.0
1432,356424,BAPTIST MID-MISSIONS,Baptist Mid Missions,106771710,010677171,NB,SK,5908324239.0,11667.0,insertion_deletion,100.0
22846,107987,THE CANADIAN RED CROSS SOCIETY / LA SOCIETE CANADIENNE DE LA CROIX-ROUGE,CANADIAN RED CROSS SOCIETY,119219814,011921981,NB,AB,904178309.59,501836241.91999996,insertion_deletion,100.0
30743,232190,ISANS. IMMIGRANT SERVICES ASSOCIATION OF NOVA SCOTIA,Immigrant Services Association of Nova Scotia (ISANS),131704330,121704330,NS,NS,1092462631.88,423466.0,substitution,100.0
98206,410487,METIS NATION OF ALBERTA,MACTIS NATION OF ALBERTA ASSOCIATION,129986774,129956774,AB,AB,1023846608.59,8400.0,substitution,92.7
22846,331323,THE CANADIAN RED CROSS SOCIETY / LA SOCIETE CANADIENNE DE LA CROIX-ROUGE,Canadian Red Cross,119219814,192198140,NB,ON,904178309.59,449350.0,insertion_deletion,100.0
22846,271509,THE CANADIAN RED CROSS SOCIETY / LA SOCIETE CANADIENNE DE LA CROIX-ROUGE,Canadian Red Cross,119219814,119219614,NB,MB,904178309.59,266477.0,substitution,100.0
22846,310195,THE CANADIAN RED CROSS SOCIETY / LA SOCIETE CANADIENNE DE LA CROIX-ROUGE,CROIX ROUGE CANADIENNE,119219814,119219514,NB,,904178309.59,214060.0,substitution,100.0
22846,307313,THE CANADIAN RED CROSS SOCIETY / LA SOCIETE CANADIENNE DE LA CROIX-ROUGE,Croix Rouge Canadienne,119219814,119119814,NB,QC,904178309.59,134426.0,substitution,100.0
22846,309262,THE CANADIAN RED CROSS SOCIETY / LA SOCIETE CANADIENNE DE LA CROIX-ROUGE,CANADIAN RED CROSS,119219814,119216814,NB,QC,904178309.59,93119.0,substitution,100.0
22846,318455,THE CANADIAN RED CROSS SOCIETY / LA SOCIETE CANADIENNE DE LA CROIX-ROUGE,Canadian Red Cross,119219814,119218814,NB,SK,904178309.59,41106.0,substitution,100.0
22846,362275,THE CANADIAN RED CROSS SOCIETY / LA SOCIETE CANADIENNE DE LA CROIX-ROUGE,SOCIÉTÉ CANADIENNE DE LA CROIX-ROUGE,119219814,119319814,NB,QC,904178309.59,23376.0,substitution,100.0
22846,326923,THE CANADIAN RED CROSS SOCIETY / LA SOCIETE CANADIENNE DE LA CROIX-ROUGE,Canadian Red Cross,119219814,019219814,NB,MB,904178309.59,11565.0,substitution,100.0
22846,403094,THE CANADIAN RED CROSS SOCIETY / LA SOCIETE CANADIENNE DE LA CROIX-ROUGE,CANADIAN RED CROSS,119219814,119219884,NB,ON,904178309.59,10600.0,substitution,100.0
22846,372855,THE CANADIAN RED CROSS SOCIETY / LA SOCIETE CANADIENNE DE LA CROIX-ROUGE,CANADIAN RED CROSS,119219814,110219814,NB,ON,904178309.59,3300.0,substitution,100.0
22846,321707,THE CANADIAN RED CROSS SOCIETY / LA SOCIETE CANADIENNE DE LA CROIX-ROUGE,Canadian Red Cross Society,119219814,119214814,NB,SK,904178309.59,3040.0,substitution,100.0
22846,395017,THE CANADIAN RED CROSS SOCIETY / LA SOCIETE CANADIENNE DE LA CROIX-ROUGE,CANADIAN RED CROSS,119219814,117219814,NB,ON,904178309.59,2255.0,substitution,100.0
22846,314882,THE CANADIAN RED CROSS SOCIETY / LA SOCIETE CANADIENNE DE LA CROIX-ROUGE,CANADIAN RED CROSS,119219814,119219817,NB,ON,904178309.59,1175.0,substitution,100.0
22846,365277,THE CANADIAN RED CROSS SOCIETY / LA SOCIETE CANADIENNE DE LA CROIX-ROUGE,Canadian Red Cross,119219814,719219814,NB,ON,904178309.59,1000.0,substitution,100.0
22846,352322,THE CANADIAN RED CROSS SOCIETY / LA SOCIETE CANADIENNE DE LA CROIX-ROUGE,Canadian Red Cross,119219814,119219811,NB,AB,904178309.59,970.0,substitution,100.0
22846,319870,THE CANADIAN RED CROSS SOCIETY / LA SOCIETE CANADIENNE DE LA CROIX-ROUGE,CANADIAN RED CROSS,119219814,113219814,NB,ON,904178309.59,550.0,substitution,100.0
22846,374077,THE CANADIAN RED CROSS SOCIETY / LA SOCIETE CANADIENNE DE LA CROIX-ROUGE,CANADIAN RED CROSS,119219814,119211814,NB,ON,904178309.59,500.0,substitution,100.0
22846,361411,THE CANADIAN RED CROSS SOCIETY / LA SOCIETE CANADIENNE DE LA CROIX-ROUGE,CANADIAN RED CROSS,119219814,118219814,NB,ON,904178309.59,411.0,substitution,100.0
22846,413439,THE CANADIAN RED CROSS SOCIETY / LA SOCIETE CANADIENNE DE LA CROIX-ROUGE,The Canadian Red Cross Society/La Societe Canadienne de la C,119219814,119519814,NB,ON,904178309.59,250.0,substitution,100.0
22846,323236,THE CANADIAN RED CROSS SOCIETY / LA SOCIETE CANADIENNE DE LA CROIX-ROUGE,Canadian Red Cross,119219814,119219816,NB,ON,904178309.59,237.0,substitution,100.0
22846,400684,THE CANADIAN RED CROSS SOCIETY / LA SOCIETE CANADIENNE DE LA CROIX-ROUGE,Canadian Red Cross,119219814,119719814,NB,BC,904178309.59,50.0,substitution,100.0
22846,334123,THE CANADIAN RED CROSS SOCIETY / LA SOCIETE CANADIENNE DE LA CROIX-ROUGE,CANADIAN RED CROSS,119219814,119219414,NB,ON,904178309.59,20.0,substitution,100.0
22846,416042,THE CANADIAN RED CROSS SOCIETY / LA SOCIETE CANADIENNE DE LA CROIX-ROUGE,Canadian Red Cross,119219814,111921981,NB,SK,904178309.59,15.0,insertion_deletion,100.0
22846,398103,THE CANADIAN RED CROSS SOCIETY / LA SOCIETE CANADIENNE DE LA CROIX-ROUGE,Canadian Red Cross,119219814,119279814,NB,SK,904178309.59,0.0,substitution,100.0
22846,332123,THE CANADIAN RED CROSS SOCIETY / LA SOCIETE CANADIENNE DE LA CROIX-ROUGE,CROIX-ROUGE CANADIENNE,119219814,119229814,NB,,904178309.59,0.0,substitution,100.0
1165,390406,FEDERATION CJA,CJA FEDERATION,106702251,106706251,QC,QC,802225792.0,350.0,substitution,100.0
24866,419142,UNIVERSITY OF OTTAWA / UNIVERSITÉ D'OTTAWA,UNIVERSITÉ D'OTTAWA,119278877,119278879,ON,QC,580166631.7299999,1000.0,substitution,100.0
9706,360070,L'Église Adventiste du Septième Jour-Fédération du Québec / Seventh-Day Adventist Church Quebec Conference,Quebec Conference of Seventh-Day Adventist Church,118793074,118793071,QC,BC,557903521.0,13263.0,substitution,100.0
10928,314413,CANADIAN FOODGRAINS BANK ASSOCIATION INC/ASSOCIATION DE LA BANQUE CANADIENNE DE GRAINS INC.,CANADIAN FOOD GRAINS BANK,118831106,118331106,MB,ON,522204021.0,33927.0,substitution,98.0
10928,371707,CANADIAN FOODGRAINS BANK ASSOCIATION INC/ASSOCIATION DE LA BANQUE CANADIENNE DE GRAINS INC.,Canadian Food Grains Bank,118831106,118821106,MB,MN,522204021.0,1325.0,substitution,98.0
13801,423360,Fondation CHU Sainte-Justine / Sainte-Justine UHC Foundation,Fondation Chu Sainte-Justine/Sainte-Justine Uhc Foundatio,118921667,118921687,QC,,505064267.0,2343.0,substitution,100.0
107987,361100,CANADIAN RED CROSS SOCIETY,The Canadian Red Cross Soc,011921981,011921984,AB,ON,501836241.91999996,9500.0,substitution,90.0
107987,314882,CANADIAN RED CROSS SOCIETY,CANADIAN RED CROSS,011921981,119219817,AB,ON,501836241.91999996,1175.0,insertion_deletion,100.0
107987,352322,CANADIAN RED CROSS SOCIETY,Canadian Red Cross,011921981,119219811,AB,AB,501836241.91999996,970.0,insertion_deletion,100.0
107987,323236,CANADIAN RED CROSS SOCIETY,Canadian Red Cross,011921981,119219816,AB,ON,501836241.91999996,237.0,insertion_deletion,100.0
107987,416042,CANADIAN RED CROSS SOCIETY,Canadian Red Cross,011921981,111921981,AB,SK,501836241.91999996,15.0,substitution,100.0
26697,311420,CANADIAN UNICEF COMMITTEE/COMITE UNICEF CANADA,UNICEF COMMITTEE CANADA,122680572,123680572,ON,ON,486875189.0,500.0,substitution,95.8
23686,98719,THE NATURE CONSERVANCY OF CANADA/LA SOCIETE CANADIENNE POUR LA CONSERVATION DE LA NATURE,Nature Conservancy of Canada,119246544,119245544,ON,NB,449142627.0,1554004.0,substitution,100.0
80380,406592,UNIVERSITE CONCORDIA,Concordia University,106966591,106986591,QC,QC,443623614.09000003,5537455.0,substitution,95.0
23686,379719,THE NATURE CONSERVANCY OF CANADA/LA SOCIETE CANADIENNE POUR LA CONSERVATION DE LA NATURE,Native Conservancy Canada,119246544,119246844,ON,ON,449142627.0,487.0,substitution,92.0
10506,320300,BC CANCER FOUNDATION,B.C. Cancer Foundation,118818434,118818435,BC,,446515008.0,83255.0,substitution,94.7
92,367081,CENTRE FOR NEWCOMERS SOCIETY OF CALGARY,CANTRE FOR NEWCOMERS SOCIETY OF CALGARY,100731660,100721660,AB,AB,421177383.59999996,19678.0,substitution,96.4
14066,397956,PLAN INTERNATIONAL CANADA INC.,PLAN INTERNATIONAL CANADA INC,118928993,118928933,ON,AB,420091552.0,1711.0,substitution,100.0
8316,324517,THE UNITED CHURCH OF CANADA,"""United church of Canada",108102435,103102435,ON,Toronto,407439653.0,27597.0,substitution,100.0
97328,321477,University of Toronto,University of Toronto,010816230,010816233,ON,ON,376042849.26,108750.0,substitution,100.0
97328,324298,University of Toronto,University of Toronto- TYP,010816230,108162300,ON,,376042849.26,70000.0,insertion_deletion,90.0
105091,227154,Matawa First Nations Management,MATAWA FIRST NATIONS MANAGEMENT,127928030,127925030,ON,ON,359585950.56,1167750.0,substitution,100.0
105105,245892,Driftpile Cree Nation,DRIFTPILE CREE NATION,866553050,886655305,AB,AB,353012610.88,50000.0,insertion_deletion,100.0
13793,316826,La fondation de l'hôpital de montréal pour enfants/The Montréal Children's Hospital Foundation,FONDATION HOPITAL MONTRÉAL POUR ENFANTS,118921543,108921543,QC,,304275500.0,72797.0,substitution,96.7
9291,360760,ALBERTA CANCER FOUNDATION,ALBERTA CANCER FOUNDATION,118780477,118780447,AB,BC,303932126.0,100.0,substitution,100.0
8300,306531,THE TERRY FOX FOUNDATION,Terry Fox Foundation,108099979,108099978,BC,ON,301369262.0,45770.0,substitution,100.0
8300,368211,THE TERRY FOX FOUNDATION,The Terry Fox Foundation,108099979,107099979,BC,SK,301369262.0,15442.0,substitution,100.0
8300,355092,THE TERRY FOX FOUNDATION,TERRY FOX FOUNDATION,108099979,108099970,BC,SK,301369262.0,100.0,substitution,100.0
8300,414426,THE TERRY FOX FOUNDATION,TERRY FOX FOUNDATION,108099979,108099879,BC,ON,301369262.0,75.0,substitution,100.0
378,394025,FONDATION DE L'INSTITUT DE CARDIOLOGIE DE MONTREAL/MONTREAL HEART INSTITUTE FOUNDATION,FONDATION DE I'INSTITUT DE CARDIOLOGIE DE MONTRÉAL,101837896,108837896,QC,,241357115.0,0.0,substitution,93.5
103943,375342,University of Calgary,UNIVERSITY OF CALGARY,108102064,108102964,AB,AB,230044734.70999998,30000.0,substitution,100.0
63155,306967,FONDATION DU CENTRE HOSPITALIER DE L'UNIVERSITE DE MONTREAL,FONDATION DU CHUM(CENTRE HOSPITALIER-UNIVERSITÉ DE MONTRÉAL),883429961,883429661,QC,,224275394.0,1780.0,substitution,91.6
97463,413152,THE CANADIAN RED CROSS SOCIETY,Canadian Red Cross,119291814,119191814,ON,SK,217853915.71,16000.0,substitution,100.0
97463,374077,THE CANADIAN RED CROSS SOCIETY,CANADIAN RED CROSS,119291814,119211814,ON,ON,217853915.71,500.0,substitution,100.0
44830,378314,HUMANITARIAN COALITION /,THE HUMANITARIAN COALITION,831590666,083159066,ON,QC,210618547.0,157130.0,insertion_deletion,100.0
25804,320417,MACKENZIE HEALTH FOUNDATION,Mackenzie Health Foundation,119306215,119306218,ON,BC,209642239.0,500.0,substitution,100.0
6409,313055,THE PENTECOSTAL ASSEMBLIES OF CANADA/LES ASSEMBLEES DE LA PENTECOTE DU CANADA,Pentecostal Assemblies of Canada,107833295,107853295,ON,BC,187110932.0,2789396.0,substitution,100.0
6409,379692,THE PENTECOSTAL ASSEMBLIES OF CANADA/LES ASSEMBLEES DE LA PENTECOTE DU CANADA,THE PENECOSTAL ASSEMBLIES OF CANADA,107833295,107833292,ON,ON,187110932.0,25006.0,substitution,98.2
6409,356237,THE PENTECOSTAL ASSEMBLIES OF CANADA/LES ASSEMBLEES DE LA PENTECOTE DU CANADA,PENETECOSTAL ASSEMBLIES OF CANADA,107833295,107633295,ON,ON,187110932.0,4668.0,substitution,98.3
6409,422339,THE PENTECOSTAL ASSEMBLIES OF CANADA/LES ASSEMBLEES DE LA PENTECOTE DU CANADA,PENTECOSTAL ASSEMBLIES OF CANADA,107833295,107833265,ON,SK,187110932.0,2600.0,substitution,100.0
6409,404573,THE PENTECOSTAL ASSEMBLIES OF CANADA/LES ASSEMBLEES DE LA PENTECOTE DU CANADA,PAOC - THE PENTECOSTAL ASSEBLIES OF CANADA,107833295,107833255,ON,ON,187110932.0,1790.0,substitution,90.3
32591,307565,THE CHRISTIAN AND MISSIONARY ALLIANCE IN CANADA/ L'ALLIANCE CHRETIENNE ET MISSIONNAIRE AU CANADA,ALLIANCE CHRÉTIENNE ET MISSIONNAIRE AU CANADA,133063859,113063859,ON,ON,185563570.0,410565.0,substitution,97.7
32591,389716,THE CHRISTIAN AND MISSIONARY ALLIANCE IN CANADA/ L'ALLIANCE CHRETIENNE ET MISSIONNAIRE AU CANADA,ALLIANCE CHRÉTIENNE MISSIONNAIRE AU CANADA,133063859,133033859,ON,ON,185563570.0,221348.0,substitution,97.7
32591,321637,THE CHRISTIAN AND MISSIONARY ALLIANCE IN CANADA/ L'ALLIANCE CHRETIENNE ET MISSIONNAIRE AU CANADA,Alliance Chrétienne et Missionnaire au Canada,133063859,033063859,ON,ON,185563570.0,61932.0,substitution,97.7
32591,316491,THE CHRISTIAN AND MISSIONARY ALLIANCE IN CANADA/ L'ALLIANCE CHRETIENNE ET MISSIONNAIRE AU CANADA,ALLIANCE CHRÉTIENNE ET MISSIONNAIRE AU CANADA,133063859,133060859,ON,ON,185563570.0,6225.0,substitution,97.7
32591,327147,THE CHRISTIAN AND MISSIONARY ALLIANCE IN CANADA/ L'ALLIANCE CHRETIENNE ET MISSIONNAIRE AU CANADA,ALLIANCE CHRETIENNE MISSIONNAIRE AU CANADA,133063859,133063659,ON,ON,185563570.0,1435.0,substitution,97.7
34723,339648,Canadian Tire Jumpstart Charities/Oeuvre Bon Depart de Canadian Tire,Jumpstart Canadian tire Charities,137929451,137929421,ON,ON,170342618.0,145000.0,substitution,100.0
20921,306182,SOCIÉTÉ DE RECHERCHE SUR LE CANCER/CANCER RESEARCH SOCIETY,CANCER RESEARCH,119153229,139153229,QC,ON,161577839.0,40185.0,substitution,100.0
11034,309507,INDSPIRE,INSPIRE,118834696,118834695,ON,ON,161378850.0,25641.0,substitution,93.3
11034,327751,INDSPIRE,Inspire,118834696,118834694,ON,ON,161378850.0,5000.0,substitution,93.3
104846,402587,Corporation of the City of Kingston,CORPORATION OF THE CITY OF KINGSTON,873300495,893300495,ON,ON,158334990.0,100000.0,substitution,100.0
2053,406900,CANADIAN ASSOCIATES OF THE BEN GURION UNIVERSITY OF THE NEGEV INC.,Canadian Associates of Ben-Gurion University of the Ne,106869183,106859183,ON,BC,145761041.0,5000.0,substitution,96.7
40550,339874,OPTIONS COMMUNITY SERVICES SOCIETY,OPTIONS COMMUNITY SERVICES 08/JUL/2020 ARBOR FOUNDATION,811786227,811786277,BC,BC,133196956.44999999,9500.0,substitution,94.5
28379,350654,THE BOARD OF EDUCATION OF SCHOOL DISTRICT NO. 43 (COQUITLAM),Board of Education School District Coquitlam,129819868,129819898,BC,BC,129586289.13,200.0,substitution,93.2
4608,398828,HOPITAL SHRINERS POUR ENFANTS (QUEBEC) INC. /SHRINERS HOSPITAL FOR CHILDREN (QUEBEC) INC.,Hopital Shriners pour Enfants (Quebec) Inc./Shriners Hospita,107495491,107495497,QC,QC,128765348.0,100000.0,substitution,100.0
54352,371400,NATIONAL ARTS CENTRE FOUNDATION/FONDATION CENTRE NATIONAL DES ARTS,NATIONAL ARTS CENTRE FOUNDATION/FONDATION CENTRE NATIONAL DE,862225927,862226927,ON,ON,126424595.0,2368.0,substitution,100.0
18755,374280,YMCA OF THE NATIONAL CAPITAL REGION,National Capital Region YMCA-YWCA,119072072,109072072,ON,ON,126280823.85000001,5979.0,substitution,91.8
44337,328515,TRANS CANADA TRAIL FOUNDATION,TRNAS-CANADA TRAIL,829708403,829708402,QC,QC,125206581.0,20000.0,substitution,94.4
3865,348168,Fondation de l'Hopital Maisonneuve-Rosemont,Fondation Hopital Maisonneuve Rosemont,107391757,107391707,QC,,123238340.0,31750.0,substitution,96.6
6813,333922,RC DIOCESE OF CALGARY,Diocese of Calgary,107909939,107909937,AB,AB,121440139.0,4350.0,substitution,90.9
6813,389399,RC DIOCESE OF CALGARY,Diocese of Calgary,107909939,107909930,AB,AB,121440139.0,470.0,substitution,90.9
53199,326044,The Great Commission Foundation,The Great Commission Foundation,859928483,889928483,BC,AB,120945335.0,50000.0,substitution,100.0
53199,330243,The Great Commission Foundation,The Great Commission Foundation,859928483,869928483,BC,AB,120945335.0,16200.0,substitution,100.0
53199,391919,The Great Commission Foundation,THE GREAT COMMISSION FOUNDATION,859928483,859948483,BC,AB,120945335.0,15195.0,substitution,100.0
53199,396282,The Great Commission Foundation,THE GREAT COMMISSION FOUNDATION,859928483,859925483,BC,AB,120945335.0,11465.0,substitution,100.0
53199,391493,The Great Commission Foundation,THE GREAT COMMISSION FOUNDATION,859928483,859928583,BC,AB,120945335.0,7400.0,substitution,100.0
53199,407805,The Great Commission Foundation,The Great Commission Foundation,859928483,859928183,BC,AB,120945335.0,200.0,substitution,100.0
79878,315248,CANADA-UKRAINE FOUNDATION,CANADA-UKRAINE FOUNDATION,898992151,898991151,ON,MB,119305201.0,37200.0,substitution,100.0
79878,409946,CANADA-UKRAINE FOUNDATION,CANADA UKRAINE FOUNDATION,898992151,898892151,ON,MB,119305201.0,15000.0,substitution,100.0
8654,317677,UNIVERSITY OF WINDSOR,UG-University of Windsor,108162611,108168611,ON,ON,101735984.45,1700.0,substitution,92.3
62059,322621,NATIONAL GALLERY OF CANADA FOUNDATION,NATIONAL GALLERY OF CANADA FOUNDATION/FONDATION DU MUSAE DES,878580240,878580140,ON,ON,101591597.0,97.0,substitution,100.0
114471,403231,University of Alberta,The University of Alberta,118102831,181028310,AB,AB,99477889.00999999,100000.0,insertion_deletion,100.0
8154,410551,YMCA OF HAMILTON/BURLINGTON/BRANTFORD,YCMA OF HAMILTON/BURLINGTON/BRANTFORD,108083825,108033825,ON,ON,98013409.41000001,77952.0,substitution,100.0
8154,423990,YMCA OF HAMILTON/BURLINGTON/BRANTFORD,YM YWCA OF HAMILTON/BURLINGTON/BRANTFORD,108083825,108083828,ON,,98013409.41000001,5000.0,substitution,100.0
28762,317611,KIDS HELP PHONE/JEUNESSE J'ECOUTE,Kids Help Phone,130005846,130005646,ON,BC,95173103.64,750.0,substitution,100.0
104848,182247,The Corporation of the County of Simcoe,The Corporation of the County of Simcoe,106939296,106989296,ON,ON,82330433.13000001,10707681.0,substitution,100.0
107531,253733,FORT MCMURRAY #468 FIRST NATION,Fort McMurray #468 First Nation,899180467,899182467,AB,AB,92814939.89999999,46421.0,substitution,100.0
10823,340693,POWER TO CHANGE MINISTRIES,Power to Change Ministries,118827849,011882784,BC,AB,90563379.0,7393.0,insertion_deletion,100.0
23187,417573,THE FOOD BANK OF WATERLOO REGION,WATERLOO REGION FOOD BANK,119233310,199233310,ON,ON,89772261.0,3500.0,substitution,100.0
23187,393223,THE FOOD BANK OF WATERLOO REGION,Waterloo Region Food Bank,119233310,119233510,ON,ON,89772261.0,200.0,substitution,100.0
8168,362134,The Incorporated Synod Of The Diocese Of Ottawa,INCORPORATED SYNOD OF THE DIOCESE OF OTTAWA,108084658,168084658,QC,ON,85042713.0,1603.0,substitution,100.0
1977,373389,CANADIAN LUTHERAN WORLD RELIEF,Canadian Lutheran World Relief,106863038,010686303,MB,SK,83542446.0,5466.0,insertion_deletion,100.0
14019,344926,Food Banks Mississauga,MISSISSAUGA FOOD BANK,118927011,118927001,ON,ON,83446124.0,56509.0,substitution,97.7
14019,408858,Food Banks Mississauga,MISSISSAUGA FOOD BANK,118927011,118917011,ON,ON,83446124.0,6000.0,substitution,97.7
14019,416525,Food Banks Mississauga,The Mississauga Food Bank,118927011,116927011,ON,ON,83446124.0,5000.0,substitution,97.7
20423,306203,THE SAMARITAN'S PURSE - CANADA,SAMARITAN'S PURSE CANADA,119138527,011913852,AB,ON,64191906.0,14951186.01,insertion_deletion,100.0
181476,393753,UNICEF,UNICEF,122690572,122660572,ON,ON,73507750.0,40625.0,substitution,100.0
181476,329447,UNICEF,UNICEF,122690572,122630572,ON,ON,73507750.0,1000.0,substitution,100.0
100933,420465,City of Brantford,City of Brantford,122686793,122689793,ON,ON,72853107.47000001,36353.0,substitution,100.0
6412,417975,PENTECOSTAL ASSEMBLIES OF NEWFOUNDLAND AND LABRADOR CORPORATION,PENTECOSTAL ASSEMBLIES OF NEWFOUNDLAND AND LABRADOR,107833394,107933394,NL,ON,67777239.0,2668.0,substitution,100.0
102198,329895,Corporation of the City of Guelph,City of Guelph,122778459,127778459,ON,ON,67343952.9,48152.0,substitution,100.0
74166,369969,OAKVILLE COMMUNITY FOUNDATION,Community Foundation of Oakville,891934374,089193437,ON,ON,67000788.0,14110.0,insertion_deletion,100.0
24879,369633,THE UNIVERSITY OF LETHBRIDGE,LETHBRIDGE UNIVERSITY,119279248,119279348,AB,AB,65224046.55,150.0,substitution,100.0
111561,413451,ALPINE CANADA ALPIN,Alpine Canada Alpin,100164995,100164996,AB,AB,63017993.0,10500.0,substitution,100.0
111561,351292,ALPINE CANADA ALPIN,Alpine Canada Alpin,100164995,100164495,AB,AB,63017993.0,10500.0,substitution,100.0
5621,362400,MARITIME CONFERENCE OF THE SEVENTH-DAY ADVENTIST CHURCH INC,MARTIME CONFERENCE OF THE SEVENTH-DAY ADVENTIST CHURCH INC.,107669848,107669818,NB,NB,59743515.0,494502.0,substitution,98.9
30944,365505,EVERGREEN,Evergreen,131815763,131875763,ON,BC,59648777.0,11300.0,substitution,100.0
102844,316628,City of Kelowna,City of Kelowna,121937551,121907551,BC,BC,58080371.31,1417976.0,substitution,100.0
79134,352756,COVENANT HOUSE VANCOUVER,CONVENANT HOUSE VANCOUVER,897675625,897675626,BC,BC,58664472.0,794400.0,substitution,98.0
3033,368830,EASTERN SYNOD OF THE EVANGELICAL LUTHERN CHURCH IN CANADA / SYNODE DE L'EST DE L'EGLISE EVANGELIQUE LUTHERIENNE AU CANADA,Evangelical Lutheran Church of Canada - Eastern Synod,107273666,107283666,ON,ON,58830344.0,47138.0,substitution,95.9
79134,390265,COVENANT HOUSE VANCOUVER,Concenant House Vancouver,897675625,897685625,BC,,58664472.0,170000.0,substitution,93.9
122155,357077,Town of Grand Falls-Windsor,Town of Grand Falls Windsor NL,108126749,108126747,NL,NL,55639127.97,500000.0,substitution,94.1
4888,311521,THE KIDNEY FOUNDATION OF CANADA / LA FONDATION CANADIENNE DU REIN,THE KIDNEY FOUNDATION OF CANADA,107567398,107567348,QC,ON,55490189.0,39106.0,substitution,100.0
4888,339139,THE KIDNEY FOUNDATION OF CANADA / LA FONDATION CANADIENNE DU REIN,KIDNEY FOUNDATION CANADA,107567398,107567298,QC,SK,55490189.0,9525.0,substitution,100.0
4888,360841,THE KIDNEY FOUNDATION OF CANADA / LA FONDATION CANADIENNE DU REIN,Kidney Foundation of Canada,107567398,107567698,QC,SK,55490189.0,2003.0,substitution,100.0
4888,312269,THE KIDNEY FOUNDATION OF CANADA / LA FONDATION CANADIENNE DU REIN,Kidney Foundation of Canada,107567398,109567398,QC,SK,55490189.0,1788.0,substitution,100.0
4888,306744,THE KIDNEY FOUNDATION OF CANADA / LA FONDATION CANADIENNE DU REIN,Kidney Foundation of Canada,107567398,107367398,QC,BC,55490189.0,1238.0,substitution,100.0
4888,335560,THE KIDNEY FOUNDATION OF CANADA / LA FONDATION CANADIENNE DU REIN,Kidney Foundation of Canada,107567398,117567398,QC,SK,55490189.0,283.0,substitution,100.0
4888,327137,THE KIDNEY FOUNDATION OF CANADA / LA FONDATION CANADIENNE DU REIN,"""THE KIDNEY FOUNDATION OF CANADA",107567398,107567798,QC,BURNABY,55490189.0,0.0,substitution,100.0
181318,415301,Fondation Paul Gérin-Lajoie,FONDATION PAUL GÉRIN-LAJOIE,011892448,118924480,QC,,53348143.0,0.0,insertion_deletion,100.0
4789,134716,THE CALGARY JOHN HOWARD SOCIETY,CALGARY JOHN HOWARD SOCIETY (THE),107542441,107544441,AB,AB,48615640.0,3456458.0,substitution,100.0
97126,380875,Médecins sans frontières/,MÉDECINS SANS FRONTIÈRE,135275851,135275859,ON,,50611517.0,2200.0,substitution,97.9
97126,317344,Médecins sans frontières/,MEDICINS SANS FRONTIERS,135275851,135275856,ON,ON,50611517.0,1350.0,substitution,93.6
8709,309324,VANCOUVER SCHOOL OF THEOLOGY,"""Vancouver School of Theology",108167743,108157743,BC,Vancouver,50119324.0,303.0,substitution,100.0
1933,331731,CANADIAN BAPTIST MINISTRIES,Candian Baptist Ministries,106843436,106846436,ON," Ont""",49042670.0,75973.0,substitution,98.1
24980,388817,OCEAN WISE CONSERVATION ASSOCIATION,OCEAN WISE CONSERVATION ASSOCIATION/VANCOUVER AQUARIUM,119282119,119282199,BC,BC,49005686.5,75000.0,substitution,100.0
1933,386981,CANADIAN BAPTIST MINISTRIES,Canadian Baptist Ministries,106843436,108843436,ON,AB,49042670.0,14509.0,substitution,100.0
28342,315704,EITZ CHAIM SCHOOLS,ETIZ CHAIM SCHOOLS,129799599,129899599,ON,,48925836.57,57332.0,substitution,94.4
29888,334694,K-W WORKING CENTRE FOR THE UNEMPLOYED,KW WORKING CENTRE FOR THE UNEMPLOYED,130929607,130929617,ON,ON,48074592.0,2000.0,substitution,95.4
8117,321031,THE FELLOWSHIP OF EVANGELICAL BAPTIST CHURCHES IN CANADA,The Gellowship of Evangelical Baptist Churches in Canada,108082025,108062025,ON,ON,45804509.0,136533.0,substitution,98.0
140295,291262,Andrew Peller Limited,Andrew Peller Limited,100208677,100208627,ON,ON,45343556.650000006,56182.0,substitution,100.0
12343,382770,CO-OPERATIVE DEVELOPMENT FOUNDATION OF CANADA/FONDATION DU DEVELOPPEMENT COOPERATIF DU CANADA,COOPERATIVE DEVELOPMENT FOUNDATION OF CANADA,118875517,118876517,ON,ON,43226396.0,23054.0,substitution,91.8
5920,363885,SCOUTS CANADA,Scouts Canada,107761694,107761691,ON,BC,41750081.0,1130.0,substitution,100.0
25802,382697,THE YONGE STREET MISSION,The Young Street Mission,119306181,199306181,ON,ON,39793251.0,7000.0,substitution,95.0
9689,321153,Association d'églises baptistes évangéliques au québec,Association des églises baptistes évangéliques du Québec,118792563,118792565,QC,QC,38851599.0,118964.0,substitution,94.0
9689,308820,Association d'églises baptistes évangéliques au québec,ASSOCIATION DES EGLISES BAPTISTE EVANGELIQUE DU QUEBEC,118792563,018792563,QC,QC,38851599.0,11335.0,substitution,91.4
9920,322684,CANADIAN BAPTISTS OF ONTARIO AND QUEBEC,Canadian Baptists of Ontario 7 Quebec,118799071,108799071,ON,ON,38647542.0,2600.0,substitution,97.0
22687,413604,CANADIAN BAPTISTS OF WESTERN CANADA,CANADA BAPTIST OF WESTERN CANADA,119215036,119715036,AB,MB,38174268.0,10150.0,substitution,95.1
109373,340987,TOWN OF BRIDGEWATER,Town of Bridgewater,108125311,108126311,NS,NS,37229306.0,24750.0,substitution,100.0
109335,351130,CANADIAN SPORT INSTITUTE PACIFIC SOCIETY,CANADIAN SPORT INSTITUTE PACIFIC,865655195,895655195,BC,BC,36880698.0,166125.0,substitution,100.0
42117,421527,CANADIAN FRIENDS OF YESHIVA UNIVERSITY,Yeshiva University (canadian Friends of),819680851,819680850,ON,,36298488.0,1000.0,substitution,100.0
2732,349063,MENNONITE CHURCH CANADA,Mennonite Church Canada,106967086,100967086,MB,MN,36041268.0,67444.0,substitution,100.0
2732,378011,MENNONITE CHURCH CANADA,Mennonite Canada Church,106967086,106467086,MB,MA,36041268.0,27272.0,substitution,100.0
5929,306865,ONE HOPE MINISTRIES OF CANADA,ONE HOPE MINISTRIES OF CANADA,107764573,107763573,NB,MB,35897678.0,55924.0,substitution,100.0
5929,370823,ONE HOPE MINISTRIES OF CANADA,ONE HOPE MINISTRIES OF CANADA,107764573,107765573,NB,MB,35897678.0,12970.0,substitution,100.0
5929,344544,ONE HOPE MINISTRIES OF CANADA,ONE HOPE MINISTRIES OF CANADA,107764573,107764473,NB,ON,35897678.0,3250.0,substitution,100.0
25364,308136,THE WESTERN CANADIAN DISTRICT OF THE CHRISTIAN AND MISSIONARY ALLIANCE,Canadian & Missionary Alliance Western Canadian District,119293025,119293021,AB,AB,35565232.0,9659.0,substitution,91.7
7010,321629,THE BOARD OF EDUCATION OF SCHOOL DISTRICT NO. 39 (VANCOUVER),The Vancouver Board of Education of School District No.39,107962359,107932359,BC,BC,34907852.45,33201.0,substitution,100.0
181645,403456,Canadian Catholic Organization for Development and Peace,Canadian Catholic Organization for Development & Peace,870982949,870982449,,QC,34689500.0,52138.0,substitution,100.0
25795,376255,BNEI AKIVA SCHOOLS,BNAI AKIVA SCHOOLS,119306009,119306609,ON,,34206851.0,392700.0,substitution,94.4
25795,408474,BNEI AKIVA SCHOOLS,Bnai Akiva Schools,119306009,119305009,ON,,34206851.0,21000.0,substitution,94.4
14070,394400,Fondation de l'Institut de Recherches Cliniques de Montréal,FONDATION DE I'INSTITUT DE RECHERCHES CLINIQUES DE MONTRÉAL,118929041,118989041,QC,QC,33911959.0,200000.0,substitution,95.0
31721,422241,EVA'S INITIATIVES FOR HOMELESS YOUTH,EVAS INITIATIVES FOR HOMELESS YOUTH,132239013,132239012,ON,ON,33722937.0,3400.0,substitution,95.8
27548,309123,THE DAVID SUZUKI FOUNDATION,David Suzuki Foundation,127756716,127756715,BC,QC,32472167.0,36536.0,substitution,100.0
31570,352858,THE B.C. CONFERENCE OF THE MENNONITE BRETHREN CHURCHES,BC Conference of Mennonite Brethren Churches,132154675,132154975,BC,BC,31745694.0,202574.0,substitution,96.4
32735,385921,LUTHERAN CHURCH-CANADA,Lutheran Church Canada,133275479,133275478,MB,ON,29717135.0,1169907.0,substitution,100.0
15522,407492,JANE/FINCH COMMUNITY AND FAMILY CENTRE,JANE & FINCH COMMUNITY FAMILY CENTRE O/O HOSPITALITY TRAININ,118972868,118972866,ON,ON,29858997.279999997,40224.0,substitution,97.1
8124,369005,THE OTTAWA FOOD BANK/LA BANQUE D'ALIMENTATION D'OTTAWA,Food Bank Ottawa,108082363,108082362,ON,ON,29171570.0,871.0,substitution,100.0
24873,333268,CAPE BRETON UNIVERSITY,UNIVERSITY OF CAPE BRETON,119279032,719279032,NS,,28544323.060000002,1000.0,substitution,100.0
109482,172834,CANADIAN RUGBY UNION,RUGBY UNION OF CANADA,122240366,125240366,BC,ON,22637635.0,5717583.0,substitution,94.7
24753,319802,Canadian Baptists of Atlantic Canada,Candian Baptists of Atlantic Canada,119276228,118276228,NB,NB,27972182.0,500.0,substitution,98.5
100353,340596,KidSport Society of Calgary,KidSport Calgary,862125986,832125986,AB,AB,27441183.0,1500.0,substitution,100.0
24284,355257,YMCA-YWCA of Winnipeg Inc.,YM-YWCA of Winnipeg,119263093,119263090,MB,,27378246.33,50000.0,substitution,94.1
69542,418031,CANADIAN FRIENDS OF YAD ELIEZER,CANADIAN FRIENDS OF YAD ELIEZER,889966867,889965867,QC,ON,26792896.0,108000.0,substitution,100.0
69542,336230,CANADIAN FRIENDS OF YAD ELIEZER,CANADIAN FRIENDS OF YAD ELIEZER,889966867,889966567,QC,ON,26792896.0,15380.0,substitution,100.0
69542,319055,CANADIAN FRIENDS OF YAD ELIEZER,CDN FRIENDS YAD ELIEZER,889966867,869966867,QC,,26792896.0,10172.0,substitution,90.2
69542,364972,CANADIAN FRIENDS OF YAD ELIEZER,Cdn Friends of Yad Eliezer,889966867,889966897,QC,,26792896.0,5010.0,substitution,90.2
69542,323833,CANADIAN FRIENDS OF YAD ELIEZER,CDN FRIENDS YAD ELIEZER,889966867,889968867,QC,,26792896.0,1130.0,substitution,90.2
60804,416776,BURNABY NEIGHBOURHOOD HOUSE SOCIETY,South Burnaby Neighbourhood House,873903090,873913090,BC,,26687411.69,0.0,substitution,90.0
60413,347003,OVARIAN CANCER CANADA/CANCER DE L'OVAIRE CANADA,Ovarian Cancer Canada/Cancer De L'Ovaire Canada,872974845,272974845,ON,BC,26601884.0,300.0,substitution,100.0
51215,384110,MIFALEI CHAIM BECHESED (MCB),Mifalei Chaim Bechesed (MCB),854949864,854949861,QC,ON,26431981.0,9800.0,substitution,100.0
311069,311132,Watchtower Bible & Tract Society of Canada,Watchtower Bible & Tract Society of Canada,011928898,011928891,ON,,25835353.0,472016.0,substitution,100.0
155315,291248,Skidegate Band Council,Skidegate Band Council,107984361,107983361,BC,BC,26028435.0,42837.0,substitution,100.0
311069,397105,Watchtower Bible & Tract Society of Canada,Watchtower Bible and Tract Society of Canada,011928898,119288981,ON,ON,25835353.0,45173.0,insertion_deletion,100.0
22409,172312,Jeunesse au Soleil / Sun Youth organization,Sun youth Organization inc. Jeunesse au soleil,119206290,119208290,QC,QC,24945910.0,63433.0,substitution,100.0
76674,346305,The Foundation of St. Joseph Seminary and Newman Theological College,The Fdn of St. Joseph Seminary & Newman Theological College,893481465,892481465,AB,AB,20524915.0,4476283.0,substitution,95.7
306682,306985,Pentecostal Assemblies of Canada BC & Yukon Division,"""Pentecostal Assemblies of Canada BC & Yukon District""",119250728,119250725,BC,BC,23262852.0,1539242.0,substitution,91.5
33422,338545,ECOJUSTICE CANADA SOCIETY,ECOJUSTICE CANADA SOCIETY,134748474,137748474,BC,ON,24147393.0,19000.0,substitution,100.0
118294,386959,Canadian Sport Institute Calgary,CANADIAN SPORT INSTITUTE CALGARY,138651955,138651995,AB,AB,23127045.0,736700.0,substitution,100.0
306682,316693,Pentecostal Assemblies of Canada BC & Yukon Division,The Pentecostal Assemblies of Canada - BC Yukon District,119250728,119250727,BC,BC,23262852.0,382315.0,substitution,91.5
4716,338395,INTER VARSITY CHRISTIAN FELLOWSHIP OF CANADA,Inter-Varsity Christian Fellowship,107513160,107513190,ON,NS,23590813.0,900.0,substitution,90.7
5883,306943,Muscular Dystrophy Canada / Dystrophie musculaire Canada,Dystrophie musculaire Canada,107755837,107755337,ON,QC,23280259.0,48445.0,substitution,100.0
5883,319236,Muscular Dystrophy Canada / Dystrophie musculaire Canada,MUSCULAR DYSTROPHY CANADA,107755837,107755839,ON,BC,23280259.0,32638.0,substitution,100.0
5883,311477,Muscular Dystrophy Canada / Dystrophie musculaire Canada,Muscular Dystrophy Canada,107755837,107755836,ON,QC,23280259.0,11195.0,substitution,100.0
13205,310498,ESK-OMI MISSIONS INC.,Esko Omi Mission,118901743,189017430,MB,MB,23253282.0,2700.0,insertion_deletion,93.8
13205,392133,ESK-OMI MISSIONS INC.,ESKI OMI MISSION,118901743,018901743,MB,MB,23253282.0,1000.0,substitution,93.8
13205,404333,ESK-OMI MISSIONS INC.,ESK-OMI MISSIONS,118901743,188901743,MB,NL,23253282.0,100.0,substitution,100.0
26967,418371,ONTARIO LUNG ASSOCIATION,Ontario Lung Association,124046368,124046366,ON,MB,22742598.0,304240.0,substitution,100.0
5266,396433,COMMISSARIAT DE TERRE SAINTE AU CANADA/COMMISSARIAT OF THE HOLY LAND IN CANADA,HOLY LAND COMMISSIART OF CANADA,107608101,107608106,QC,ON,22590203.0,249.0,substitution,90.0
5771,323157,EVANGELICAL MISSIONARY CHURCH OF CANADA,EVANGELICAL MISSIONARY CHURCH OF CANADA,107706525,107706535,ON,AB,22163843.0,67967.0,substitution,100.0
5771,409354,EVANGELICAL MISSIONARY CHURCH OF CANADA,Evengelical Missionary Church of Canada,107706525,107706225,ON,ON,22163843.0,39168.0,substitution,97.2
72766,321803,FONDATION CHUDUMONT FOUNDATION INC.,Fondation CHU Dumont,891275141,089127514,NB,NB,22201083.0,760.0,insertion_deletion,94.7
16549,109280,L'Archevêque catholique romain de Québec,ARCHEVÊQUE CATHOLIQUE ROMAIN DE QUÉBEC,119006922,119006222,QC,QC,21364145.0,426500.0,substitution,97.2
188941,306220,CANADIAN CANCER SOCIETY,Canadian Cancer Society,118829802,111882980,ON,,20470409.0,1277295.0,insertion_deletion,100.0
16549,308266,L'Archevêque catholique romain de Québec,Archevéché Catholique Romain de Quebéc,119006922,011900692,QC,QC,21364145.0,124033.0,insertion_deletion,91.7
16549,320204,L'Archevêque catholique romain de Québec,Archevêché Catholique Romain de Québec,119006922,019006922,QC,,21364145.0,95646.0,substitution,91.7
16549,352117,L'Archevêque catholique romain de Québec,ARCHEVECHE CATHOLIQUE ROMAIN DE QUEBEC,119006922,190069220,QC,QC,21364145.0,43603.0,insertion_deletion,91.7
60348,314736,AMBROSE UNIVERSITY,Ambrose University,872804406,872894406,AB,PE,20836948.0,1065.0,substitution,100.0
60348,411416,AMBROSE UNIVERSITY,Ambrose University,872804406,872304406,AB," Alberta""",20836948.0,0.0,substitution,100.0
188941,312646,CANADIAN CANCER SOCIETY,Canadian Cancer Society,118829802,118829800,ON,BC,20470409.0,58423.0,substitution,100.0
188941,419873,CANADIAN CANCER SOCIETY,CANADIAN CANCER SOCIETY,118829802,118829806,ON,ON,20470409.0,4500.0,substitution,100.0
188941,338862,CANADIAN CANCER SOCIETY,CANADIAN CANCER SOCIETY (NS),118829802,118829809,ON,NS,20470409.0,768.0,substitution,90.9
188941,416419,CANADIAN CANCER SOCIETY,CANADIAN CANCER SOCIETY,118829802,118829804,ON,SK,20470409.0,650.0,substitution,100.0
188941,376516,CANADIAN CANCER SOCIETY,CANADIAN CANCER SOCIETY,118829802,118829805,ON,ON,20470409.0,500.0,substitution,100.0
188941,400644,CANADIAN CANCER SOCIETY,CANADIAN CANCER SOCIETY,118829802,118829801,ON,ON,20470409.0,100.0,substitution,100.0
188941,351636,CANADIAN CANCER SOCIETY,Canadian Cancer Society,118829802,118829808,ON,ON,20470409.0,75.0,substitution,100.0
123624,405363,Canadian National Institute for the Blind,CANADIAN NATIONAL INSTIT. FOR THE BLIND,011921945,011921949,ON,MB,20035911.0,1003.0,substitution,95.8
10934,318576,CROHN'S AND COLITIS CANADA/CROHN ET COLITE CANADA,Crohns and Colitis Foundation of Canada,118831486,118831496,ON,MB,19503543.0,3060.0,substitution,97.7
10934,381580,CROHN'S AND COLITIS CANADA/CROHN ET COLITE CANADA,CROHN'S & COLITIS FOUNDATION OF CANADA,118831486,118831483,ON,SK,19503543.0,20.0,substitution,100.0
9263,395809,BEIT HALOCHEM CANADA /AID TO DISABLED VETERANS OF ISRAEL (CANADA),Bell Halochem Canada,118779081,118879081,ON,ON,18875155.0,3400.0,substitution,90.0
24871,383051,UNIVERSITE SAINTE-ANNE,Sainte-Anne universite,119278968,119278969,NS,NS,18701507.709999997,25000.0,substitution,100.0
327766,414837,Fraser Health,Fraser Health,986466330,986466390,BC,BC,17416455.0,798421.0,substitution,100.0
13884,393810,FONDATION INTERNATIONALE RONCALLI,F. INTERNATIONAL RONCALLI,118923374,118923774,QC,,17911608.0,12000.0,substitution,93.6
1398,392150,THE ATLANTIC DISTRICT OF THE WESLEYAN CHURCH,The Atlantic District of the Wesleyan Church,106736242,006736242,NB,MB,17914406.0,5300.0,substitution,100.0
39357,315104,FINCA CANADA,FINCA CANADA,805686144,805681144,ON,QC,17658127.0,50406.0,substitution,100.0
5565,327918,MALVERN FAMILY RESOURCE CENTRE,Maivern Family Resource Centre,107658395,107858395,ON,,17161253.25,2000.0,substitution,96.7
6039,313694,NORTH AMERICAN BAPTISTS INC. (CANADA),North American Baptist INC (Canada),107779761,107779961,CA,ON,16854378.0,75668.0,substitution,98.3
6039,307145,NORTH AMERICAN BAPTISTS INC. (CANADA),North American Baptists Inc. (Canada),107779761,107778761,CA,MB,16854378.0,59773.0,substitution,100.0
6039,325903,NORTH AMERICAN BAPTISTS INC. (CANADA),North American Baptists Inc. (Canada),107779761,107779701,CA,ON,16854378.0,54102.0,substitution,100.0
18389,416852,FAMILY SERVICES OF THE NORTH SHORE,Family Services of the North Shore,119061240,119063240,BC,AB,16757955.0,1700.0,substitution,100.0
1142,131691,Easter Seals Alberta Society,Alberta Easter Seals Society,106694169,106694160,AB,AB,15308460.0,917349.0,substitution,100.0
51473,422981,THE HORATIO ALGER ASSOCIATION OF CANADA,Horatio Alger Association of Canada,855623450,885623450,ON,QC,16052071.0,25000.0,substitution,100.0
8053,405707,CANADIAN ZIONIST CULTURAL ASSOCIATION,CANADIAN ZIONIST CULTURAL ASSOCIATION,108075748,108075148,ON,QC,15887271.0,563.0,substitution,100.0
19829,345411,RENASCENT FOUNDATION INC.,Renascent Foundation Inc. /The Renascent Centres,119115434,119115414,ON,ON,15205815.0,10000.0,substitution,100.0
105402,182002,Thales Canada Inc.,Thales Canada Inc.,897981403,897971403,ON,ON,13988800.0,1000000.0,substitution,100.0
108583,421327,SAIL CANADA,Sail Canada,122863087,012286308,ON,ON,14933840.0,3000.0,insertion_deletion,100.0
58479,377385,INTERNATIONAL FELLOWSHIP OF CHRISTIANS AND JEWS OF CANADA,International Fellowshi8p of Christians & Jews,869411587,889411587,ON,ON,14747470.0,950.0,substitution,90.9
75529,350544,WELLSPRING CANCER SUPPORT FOUNDATION/,WELLSPRING CANCER SUPPORT FOUNDATION/FONDATION WELLSPRIN...,892728940,892788940,ON,ON,14323896.0,12931.0,substitution,100.0
31228,353703,THE WAR AMPUTATIONS OF CANADA,The War Amputations of Canada,131969628,131869628,ON,QC,14181694.0,500.0,substitution,100.0
105362,203318,The Corporation of the Town of Oakville,The Corporation of the Town of Oakville,121742456,121741456,ON,ON,9333857.23,4699300.0,substitution,100.0
46431,344652,GHANA RURAL INTEGRATED DEVELOPMENT (GRID),GHANA RURAL INTEGRATED DEVELOPMENT,837694926,537694926,ON,NS,12096202.0,1910927.0,substitution,93.2
58237,356622,Avalanche Canada Foundation / Fondation Avalanche Canada,Avalanche Canada Foundation,869000349,869000346,BC,AB,13954475.0,1000.0,substitution,100.0
97546,223237,Inuit Circumpolar Council Canada,Inuit Circumpolar Council Canada,118966135,118966134,ON,ON,13452301.48,449530.0,substitution,100.0
125771,245909,Elmer's Welding & Manufacturing Ltd.,Elmer's Welding & Manufacturing Ltd.,101617520,101657520,MB,MB,13251703.0,499920.0,substitution,100.0
3310,362331,THE EVANGELICAL FELLOWSHIP OF CANADA/ALLIANCE EVANGELIQUE DUCANADA,EFC-Evangelical Fellowship of Canada,107353922,707353922,ON,ON,13693039.0,4095.0,substitution,93.5
7947,351005,SYNOD OF THE DIOCESE OF EDMONTON,THE SYBNOD OF THE DIOCESE OF EDMONTON,108061441,108061444,AB,AB,13387114.0,214948.0,substitution,97.8
149622,359627,Golf Canada Foundation,GOLF CANADA FOUNDATION,126408129,126508129,ON,ON,13168239.0,310400.0,substitution,100.0
57466,416870,CNEWA CANADA,Snewa Canada,867757502,867557502,ON,ON,13443459.0,640.0,substitution,91.7
78674,416411,BUILDING A JEWISH TOMORROW,NCSY - BUILDING A JEWISH TOMORROW,896717352,893717352,ON,ON,13267396.0,50000.0,substitution,91.2
52938,421915,RUCHAMA FRAIDEL RELIEF ORGANIZATION,RICHAMA FRAIDEL RELIEF ORGANIZATION,859298440,759298440,ON,,12914841.0,17.0,substitution,95.5
25216,306683,WATERCAN/EAU VIVE CORPORATION - LA CORPORATION WATERCAN/EAU VIVE,Watercan/Eau Vivre Corporation,119288934,119289934,ON,ON,12875433.0,2000.0,substitution,100.0
122174,337151,Town of Port Hawkesbury,Town of Port Hawkesbury,108129099,108129009,NS,NS,12733013.0,12285.0,substitution,100.0
13195,345643,ERINOAKKIDS CENTRE FOR TREATMENT AND DEVELOPMENT,EnrinoakKids Centre for Treatment and Development,118901446,118901466,ON,ON,12496878.0,138048.0,substitution,98.9
6122,196270,NOR'WEST CO-OP COMMUNITY HEALTH CENTRE INC.,NorWest Co-op Community Health Centre Inc.,107787087,107781087,MB,MB,10516652.0,1755940.3199999998,substitution,90.7
104118,267496,The Salvation Army,The Salvation Army,107951810,107951816,ON,AB,11339292.08,130229.0,substitution,100.0
5650,365032,MAZON CANADA,MAZON CANADA,107680779,107680771,ON,QC,11410188.0,3750.0,substitution,100.0
104118,314802,The Salvation Army,SALVATION ARMY,107951810,107951818,ON,MB,11339292.08,72087.0,substitution,100.0
70601,344219,CANADIAN FRIENDS OF YETEV LEV,YETEV LEV. CANADIAN FRIENDS,890441579,890441578,QC,,11385302.0,3600.0,substitution,100.0
54420,419050,LAKESHORE COMMUNITY OUTREACH CENTRE INC.,"""Lakeshore Community Outreach Centre",862352754,086235275,ON,Mississauga,11358969.0,0.0,insertion_deletion,100.0
64601,352473,CALGARY SENIORS RESOURCE SOCIETY,Seniors s Resource Society of Calgary,886737352,886737359,AB,,11333724.0,516.0,substitution,96.0
75929,370554,PHILANTHROPIC FOUNDATIONS CANADA/FONDATIONS PHILANTHROPIQUES CANADA,PFC Philanthropic Foundations Canada,892952128,089295212,QC,ON,11260173.0,31567.0,insertion_deletion,94.1
189440,331627,Town of Smithers,TOWN OF SMITHERS,108129818,108029818,BC,BC,11106970.0,10000.0,substitution,100.0
17880,346007,MONTRÉAL YOUTH FOR CHRIST / JEUNESSE POUR CHRIST - MONTRÉAL,JEUNESS POUR CHRIST MONTREAL/MONTREAL YOUTH FOR CHRIST,119045268,119045269,QC,QC,10794673.0,51430.0,substitution,100.0
161587,172834,CANADIAN RUGBY UNION,RUGBY UNION OF CANADA,125210366,125240366,ON,ON,5073069.0,5717583.0,substitution,94.7
26962,336381,THE CHILDREN'S WISH FOUNDATION OF CANADA/LA FONDATION CANADIENNE REVES D'ENFANTS,Children's Wish Foundation of Canada,124038878,124033878,ON,SK,10599798.0,30.0,substitution,100.0
26962,408152,THE CHILDREN'S WISH FOUNDATION OF CANADA/LA FONDATION CANADIENNE REVES D'ENFANTS,"""Children's Wish Foundation of Canada",124038878,124038678,ON,Toronto,10599798.0,0.0,substitution,100.0
78660,405632,B C ABORIGINAL NETWORK ON DISABILITY SOCIETY,BC Aboriginal Network on disability Soc,896694098,896697098,BC,BC,10391523.0,221.0,substitution,93.3
306474,319053,Maccabi Canada,MACCABI CANADA,140092321,140095321,ON,,9862250.0,388898.0,substitution,100.0
36311,324726,COMMUNITY FOUNDATION GREY BRUCE,GREY BRUCE COMMUNITY FOUNDATION,141036228,141036288,ON,ON,10149861.0,1093.0,substitution,100.0
304207,397027,Toronto Symphony Orchestra,TORONTO SYMPHONY ORCHESTRA,105255535,105255835,ON,ON,10112376.0,35000.0,substitution,100.0
47176,323061,OPERATION SMILE CANADA FOUNDATION,OPERATION SMILE CANADA FOUNDATION,840643605,860643605,ON,BC,10055229.0,2040.0,substitution,100.0
72705,116665,JUNO BEACH CENTRE ASSOCIATION,Juno Beach Centre Association,891257149,891287149,QC,ON,1817560.0,8164981.0,substitution,100.0
11025,320787,CANADIAN MIDWEST DISTRICT OF THE CHRISTIAN AND MISSIONARY ALLIANCE,CHRISTIAN & MISSIONARY ALLIANCE CANADIAN MIDWEST DISTRICT,118834456,118864456,SK,SK,9676741.0,273808.0,substitution,100.0
10872,324829,CANADIAN BIBLE SOCIETY/LA SOCIETE BIBLIQUE CANADIENNE,CANADIAN BIBLE SOCIETY,118829647,118929647,ON,AB,9827253.0,15458.0,substitution,100.0
10872,402640,CANADIAN BIBLE SOCIETY/LA SOCIETE BIBLIQUE CANADIENNE,Canadian Bible Society,118829647,118829641,ON,AB,9827253.0,300.0,substitution,100.0
6058,374516,NORTHERN CANADA EVANGELICAL MISSION INC.,Northern Canada Evangelical Mission,107781296,107881296,SK,ON,9520286.0,10350.0,substitution,100.0
6108,307243,NORTHUMBERLAND UNITED WAY,United Way of Northumberland,107785339,107785329,ON,ON,9041981.0,77401.0,substitution,100.0
124681,181174,Enterprise Machine Intelligence and Learning Initiative,Enterprise Machine Intelligence and Learning Initiative,763638897,763638697,MB,MB,8830475.0,249997.0,substitution,100.0
8516,408499,CENTRE COMMUNAUTAIRE TYNDALE ST-GEORGES,CENRE COMMUNAUTAIRE TYNDALE ST-GEORGES,108146754,107146754,QC,QC,8834888.0,15000.0,substitution,98.7
16977,308319,L'EVEQUE CATHOLIQUE ROMAIN DE BATHURST,Evêque Catholique Romain Bathurst,119018737,119018787,NB,NB,8676216.0,6799.0,substitution,97.1
16977,382449,L'EVEQUE CATHOLIQUE ROMAIN DE BATHURST,ÉVÉQUE CATHOLIQUE ROMAIN BATHURST,119018737,119078737,NB,NB,8676216.0,826.0,substitution,97.1
316312,379434,Cornell University,CORNELL UNIVERSITY,150432082,150532082,NY,NY,8626953.0,3456.0,substitution,100.0
29721,335463,SASKATCHEWAN SYNOD EVANGELICAL LUTHERAN CHURCH IN CANADA INC.,Evangelical Lutheran Church in Canada (Sask Synod),130739865,130739845,SK,SK,8414470.0,51143.0,substitution,92.3
78105,347568,SOUTHWESTERN ONTARIO YOUTH FOR CHRIST,SOUTHWESTERN ONTARIO - YOUTH FOR CHRIST/YOUTH UNLIMITED,895569044,895589044,ON,ON,8288216.0,6000.0,substitution,100.0
2388,333321,CHINESE CHRISTIAN MISSION OF CANADA,Chinese Christian Mission of Canada,106915598,106915538,BC,QC,8208919.0,2100.0,substitution,100.0
103846,329277,St. Lawrence College,St Lawrence College,108829202,108029202,ON,ON,8142839.0,4000.0,substitution,100.0
188592,354673,Corporation of the County of Essex,THE CORPORATION OF THE COUNTY OF ESSEX,106984198,106964198,ON,ON,8033654.0,110662.0,substitution,100.0
118495,322894,Redeemer University College,REDEEMER UNIVERSITY COLLEGE,123313699,123313669,ON,ON,8119104.0,2361.0,substitution,100.0
24647,360887,CROSSWORLD INC.,CROSSWORLD,119273381,011927338,ON,QC,8102230.0,4467.0,insertion_deletion,100.0
76757,422916,Family Enterprise Foundation / Fondation Des Familles Entrepreneuriales,FAMILY ENTERPRISE FOUNDATION/ FONDATION DES FAMILES ENTREPRE,893625046,893625045,ON,,7972779.0,20000.0,substitution,100.0
76757,423002,Family Enterprise Foundation / Fondation Des Familles Entrepreneuriales,FAMILY ENTERPRISE FOUNDATION,893625046,893925046,ON,QC,7972779.0,10000.0,substitution,100.0
12499,417923,CROSSFIELD BAPTIST CHURCH,Crossfield Baptist Church,118880061,118880661,AB,MB,7947140.0,100.0,substitution,100.0
14654,410143,GREATER EUROPE MISSION,GRETER EUROPE MISSION,118946706,118946806,ON,ON,7918251.0,10440.0,substitution,97.7
14654,367814,GREATER EUROPE MISSION,GEM GREATER EUROPE MISSION,118946706,118446706,ON,ON,7918251.0,2600.0,substitution,91.7
9334,321311,THE EVANGELICAL COVENANT CHURCH OF CANADA,Evangelical Covenant Chrch of Canada,118781699,178781699,AB,MB,7722692.0,98470.0,substitution,98.5
122561,259923,Town of Hay River,TOWN OF HAY RIVER,108127044,100127044,NT,NT,6097567.68,1720669.0,substitution,100.0
168469,237601,WHITEBARK PINE ECOSYSTEM FOUNDATION OF CANADA,Whitebark Pine Ecosystem Foundation of Canada,801931916,801831916,BC,BC,7722516.53,30499.96,substitution,100.0
125481,242009,Buffalo and Fort Erie Public Bridge Authority,The Buffalo and Fort Erie Public Bridge Authority,123033284,123033285,ON,ON,2625494.0,5054982.0,substitution,100.0
40279,345709,NATIONAL HOLOCAUST MONUMENT DEVELOPMENT COUNCIL,National Holocaust Monument Development Council,810319483,810219483,ON,AB,7517374.0,25000.0,substitution,100.0
14594,356455,BILLY GRAHAM EVANGELISTIC ASSOCIATION OF CANADA,Billy Graham Evangelistic Assoc of Canada,118945088,118945008,AB,NL,7533763.0,254.0,substitution,100.0
8110,367011,THE EVANGELICAL ALLIANCE MISSION OF CANADA INC.,"""The Evangelical Alliance Mission of Canada",108081597,108081587,AB,Calgary,7449308.0,21470.0,substitution,100.0
111020,338209,CITY OF ST. ALBERT,THE CITY OF ST.ALBERT,122012735,122012736,AB,AB,7217230.08,197138.0,substitution,100.0
309771,334252,Ne'eman Foundation,Ne'Eman Foundation,824782312,082478231,ON,,7390265.0,600.0,insertion_deletion,100.0
309771,369524,Ne'eman Foundation,The Ne'eman Foundation,824782312,884782312,ON,ON,7390265.0,180.0,substitution,100.0
47450,313496,AWANA INTERNATIONAL CANADA,Awana International Canada,841663628,841663629,ON,BC,7314547.0,28864.0,substitution,100.0
47450,309980,AWANA INTERNATIONAL CANADA,Awana Canada International,841663628,841661628,ON,BC,7314547.0,21245.0,substitution,100.0
47450,314817,AWANA INTERNATIONAL CANADA,AWANA INTERNATIONAL CANADA,841663628,841633628,ON,BC,7314547.0,4500.0,substitution,100.0
47450,410390,AWANA INTERNATIONAL CANADA,AWANA International Canada,841663628,841663828,ON,BC,7314547.0,2389.0,substitution,100.0
47450,357216,AWANA INTERNATIONAL CANADA,AWANA International Canada,841663628,841663625,ON,BC,7314547.0,1000.0,substitution,100.0
47450,422131,AWANA INTERNATIONAL CANADA,Awana International Canda,841663628,841663623,ON,BC,7314547.0,250.0,substitution,98.0
100304,418098,District of West Vancouver,District of West Vancouver,121453963,012145396,BC,BC,7147629.0,700.0,insertion_deletion,100.0
77323,391090,HUMANITARIAN AID RESPONSE TEAM SOCIETY (HART),HART (Humanitarian Aid Response Team Society),894313998,894313988,AB,AB,6970189.0,4500.0,substitution,100.0
67978,410832,ONE WAY MINISTRIES,ONEWAY MINISTRIES,889180691,899180691,ON,ON,6900027.0,125.0,substitution,97.1
50699,321270,CENTRE3 FOR PRINT AND MEDIA ARTS,Centre(3) fror Print and Media Arts,853276749,853876749,ON,,6798681.0,99900.0,substitution,93.1
42589,418158,COMMISSION TO EVERY NATION CANADA,COMMISSION TO EVERY NATION CANADA,822138277,822137277,ON,AB,6833450.0,2000.0,substitution,100.0
1568,318052,ÉCOLE BETH JACOB DE RAV HIRSCHPRUNG / BETH JACOB DE RAV HIRSCHPRUNG SCHOOL,BETH JACOB D'RAV HIRSCHPRUNG,106790173,106790170,QC,,6762120.720000001,200.0,substitution,90.0
62518,323617,BRITISH COLUMBIA/YUKON COMMAND OF THE ROYAL CANADIAN LEGION FOUNDATION,BC/YUKON COMMAND OF THE ROYAL CANADIAN LEGION FOUNDATION,880760285,880460285,BC,BC,6700006.75,60000.0,substitution,100.0
306693,411781,SEE YOU IN-CANADIAN ATHLETES FUND CORPORATION,See You In - Canadian Athletes Fund Corporation,856858642,856848642,ON,ON,6737522.0,16000.0,substitution,100.0
86397,337638,HOMES FOR HEROES FOUNDATION,HOMES FOR HEROES,727544892,717544892,AB,ON,6587986.0,165134.0,substitution,100.0
15788,306718,K'HAL TORAS CHESED,Khal Toras Chesed,118980432,119980432,ON,,6709942.0,9527.0,substitution,91.4
161417,316387,Canadian Amateur Rowing Association,Canadian Amateur Rowing Association,100759240,100789240,BC,BC,6587586.0,40.0,substitution,100.0
63421,319670,Canadian Friends of Sanz Institutions,CDN FRIENDS OF SANZ INSTITUTION,884515750,884515730,QC,QC,5850219.0,730295.0,substitution,90.3
114346,414129,CISSS de la Côte-Nord,CISSS DE LA CÔTE-NORD,106899776,106899766,QC,QC,6528129.0,28692.0,substitution,100.0
14370,326148,Girl Guides of Canada/Guides Du Canada,GIRL GUIDES OF CANADA,118938554,118928554,ON,BC,6522814.0,2390.0,substitution,100.0
55280,353238,WATOTO CANADA,WATOTO CANADA,863953618,863953918,ON,BC,6394961.0,121350.0,substitution,100.0
55280,353264,WATOTO CANADA,WATOTO CANADA,863953618,086395361,ON,BC,6394961.0,29130.0,insertion_deletion,100.0
28165,311330,ISMC INTERNATIONAL STUDENT MINISTRIES CANADA,International Student Ministries Canada,129543302,129543802,AB,AB,6373639.0,42543.0,substitution,94.0
55280,348644,WATOTO CANADA,Watoto Canada,863953618,863953617,ON,BC,6394961.0,3800.0,substitution,100.0
28165,418407,ISMC INTERNATIONAL STUDENT MINISTRIES CANADA,INTERNATIONAL STUDENT MINISTRIES CANADA,129543302,129643302,AB,AB,6373639.0,6400.0,substitution,94.0
28165,356668,ISMC INTERNATIONAL STUDENT MINISTRIES CANADA,International Student Ministries of Canada,129543302,128543302,AB,AB,6373639.0,500.0,substitution,94.0
14761,407320,Gull Lake Baptist Camp,Cull Lake Baptist Camp,118949718,188949718,AB,AB,6355570.0,2500.0,substitution,95.5
99885,296039,City of Nanaimo,City of Nanaimo,106930332,106930322,BC,BC,5892746.0600000005,413300.0,substitution,100.0
61610,338911,THRESHOLD HOUSING SOCIETY,Theshold Housing Society,876673369,876173369,BC,BC,6031785.0,2338.0,substitution,97.0
76436,394371,ALZHEIMER SOCIETY OF NEW BRUNSWICK INC. / SOCIETE ALZHEIMER DE NOUVEAU BRUNSWICK INC.,SOCIETE ALZHEIMER SOCIETY NEW BRUNSWICK/NOUVEAU-BRUNSWICK,893280263,892280263,NB,NB,5965362.0,300.0,substitution,100.0
195709,288365,NE'RAHTEN DEVELOPMENT LTD.,Ne'Rahten Developments Ltd.,897327456,897327458,NT,NT,5955834.0,4497.0,substitution,97.7
38260,404064,P.E.A.R.L. FOUNDATION,P.E.A.R.L.,785876699,785876669,AB,ON,5920452.0,2000.0,substitution,100.0
35802,392993,THE ASSOCIATION FOR THE REHABILITATION OF THE BRAIN INJURED,Association of Rehabilitation of the Brain Injured,140599507,140595507,AB,,5871697.0,11174.0,substitution,93.3
9102,343340,THE CALGARY YMCA FOUNDATION,YMCA CALGARY,108227497,118227497,AB,,5220515.0,581175.0,substitution,100.0
42081,354550,NOURISH NOVA SCOTIA SOCIETY,NOURISH NOVA SCOTIA/THRU LOCH SCHOOL BOARD,819541103,819541153,NS,NS,5776647.0,700.0,substitution,100.0
172834,421305,RUGBY UNION OF CANADA,Canadian rugby Union,125240366,012524036,ON,,5717583.0,25000.0,insertion_deletion,94.7
116138,189418,RIENDEAU HYUNDAI,RIENDEAU HYUNDAI,135623148,135623146,QC,QC,4835000.0,902500.0,substitution,100.0
115465,115885,OLIVIER HYUNDAI ST-BASILE,OLIVIER HYUNDAI ST-BASILE,842462257,842162257,QC,QC,1265000.0,4446250.0,substitution,100.0
35413,159150,The Peace Wapiti School Division,PEACE WAPITI SCHOOL DIVISION NO. 76,139713382,039713382,AB,AB,448434.0,5186880.79,substitution,90.3
89079,401237,Terra Bay Food Services Inc.,TERRA BAY FOOD SERVICES INC.,778506337,778806337,ON,MB,4129068.0,1410000.0,substitution,100.0
306223,399196,Corporation Sports Quebec,SPORTS QUÉBEC,121133987,121133984,QC,QC,5412123.0,1200.0,substitution,100.0
45878,370977,SAINT JAMES MUSIC ACADEMY,St. James' Music Academy,835554817,835534817,BC,BC,5203432.0,207252.0,substitution,93.6
27931,314926,Fondation de l'Orchestre Symphonique de Québec,Fondation de Orchestre Symphonique de Quebec,129180378,129180978,QC,,5338445.0,32075.0,substitution,96.6
70303,387322,RENCONTRES-CUISINES,RENCONTRES-CUISINES / CARREFOUR ALIMENTAIRE CENTRE-SUD,890292188,820292188,QC,QC,5312841.0,25000.0,substitution,100.0
5681,385729,BIBLIOTHÈQUE ET CENTRE D'INFORMATIQUE ATWATER/ATWATER LIBRARY AND COMPUTER CENTRE,BIBLIOTHÈQUE ET CENTRE D'INFORMATIQUE ATWATER/ATWATER LIBRAR,107686388,107688388,QC,QC,5267038.0,2000.0,substitution,100.0
45878,388408,SAINT JAMES MUSIC ACADEMY,SATIN JAMES MUSIC ACADEMY,835554817,833554817,BC,BC,5203432.0,30000.0,substitution,96.0
33513,376096,THE DR. BOB KEMP HOSPICE FOUNDATION INC.,BOB KEMP HOSPICE,134922392,134922393,ON,ON,5091670.0,1100.0,substitution,91.4
68041,381981,THE PSYCHOLOGY FOUNDATION OF CANADA,Phychology Foundation of Canada,889212395,889212385,ON,,5082922.0,5000.0,substitution,94.1
34706,412644,CATHOLIC CHRISTIAN OUTREACH OF CANADA INC,CATHOLIC CHRISTIAN OUTREACH CANADA INC.,137824363,013782436,ON,NS,5081670.0,300.0,insertion_deletion,100.0
75265,376298,Canadian Association of Physicians for the Environment,CAPE CANADIAN ASSOCIATION OF PHYSICIANS FOR ENVIRONMENT,892557414,892257414,ON,ON,4787532.0,234000.0,substitution,93.3
105390,134179,ORGANIZATION ECONOMIC COOPERATION DEV.,ORGANIZATION ECONOMIC COOPERATION DEV.,011275097,112750970,,,4551600.0,216500.0,insertion_deletion,100.0
79600,397371,NEXTWAVE FOUNDATION,Netwave Foundation,898471115,848471115,BC,BC,4719592.0,5000.0,substitution,93.3
80131,398994,PARTNERS FOR YOUTH INC.,YOUTH UNBOUND (C/O PARTNERS FOR YOUTH),899522387,899527387,NB,NB,4638184.0,100.0,substitution,94.7
104861,346165,Corporation of the County of Northumberland,Northumberland County,106989106,106986106,ON,,4557605.43,78753.0,substitution,100.0
68490,402366,THE RIVERWOOD CONSERVANCY,The Riverwood Conservancy,889418034,889518034,ON,BC,4585252.0,4930.0,substitution,100.0
56526,393648,FONDS DE BIENVEILLANCE ET SECOURS DE MONTREAL/MONTREAL BENEVOLENT AND RELIEF FUND,FONDS DE BIENVEILLANCE ET SECOURS DE MONTRÉAL/MONTRÉAL BENRV,866252745,866252747,QC,QC,4586197.0,95.0,substitution,100.0
55868,313110,RESURRECTION RECOVERY RESOURCE SOCIETY,RESURECTION RECOVERY RESOURCE SOCIETY/ FREEDOM'S,865037758,865033758,BC,BC,4546567.0,27350.0,substitution,98.3
97242,345346,World Relief Canada,World Relief Canada,000352263,000352262,ON,ON,4570204.0,1335.0,substitution,100.0
73105,353736,PHS COMMUNITY SERVICES SOCIETY,FHS Community Services Society,891413791,891413790,BC,BC,4525619.0,6500.0,substitution,95.5
2728,356427,CONCORDIA LUTHERAN SEMINARY,CONOORDIA LUTHERAN SEMINARY,106966575,108966575,AB,AB,4525405.0,500.0,substitution,96.3
32590,346769,L'ANCRE DES JEUNES,ANCRE DES JEUNES,133063677,133063671,QC,QC,4427352.0,58170.0,substitution,94.1
306353,376487,JEWISH GENERAL HOSPITAL,JEWISH GENERAL HOSPITAL FOUNDATION,104882304,104892304,,,4469729.0,50.0,substitution,100.0
43428,406063,MAISON MATHIEU FROMENT-SAVOIE (1997) INC.,MAISON MATHIEU FORMENT-SAVOIE (1977) INC,825908528,825908525,QC,QC,4468968.0,500.0,substitution,94.1
212729,276822,Tla'amin Nation,Tla’Amin Nation,892714445,892704445,BC,BC,3943207.0,329550.0,substitution,100.0
3739,349741,FERNIE YOUTH SERVICES,Fernie Youth Services1,107380875,107390875,ON,ON,4144685.0,7132.0,substitution,97.7
23317,339051,THE HAMILTON/BURLINGTON SOCIETY FOR THE PREVENTION OF CRUELTY TO ANIMALS,Hamilton/Burlington SPCA,119236750,011923675,ON,ON,4059203.0,76000.0,insertion_deletion,100.0
54567,386762,AMMI LACOMBE CANADA MAMI,AMMI LACOMBE CANADA MAMI:,862669694,962669694,SK,AB,4123382.0,909.0,substitution,100.0
89795,415445,DEAFBLIND ONTARIO FOUNDATION,DEAFBLIND ONTARIO FOUNDATION,796914679,796914579,ON,NS,4064686.0,20000.0,substitution,100.0
33514,413549,CHILDREN'S AID FOUNDATION OF HALTON,HALTON CHILDREN'S AID SOCIETY,134922475,134922476,ON,ON,3925610.0,27500.0,substitution,100.0
77958,355115,HABITAT FOR HUMANITY GREY BRUCE,GREY BRUCE HABITAT FOR HUMANITY,895319945,395319945,ON,,3942372.0,3000.0,substitution,100.0
64501,350876,VILLAGE MISSIONS OF CANADA,Village Missions of Canada,886642792,888642792,BC,ON,3880834.0,11880.0,substitution,100.0
21705,169366,THE BOYS AND GIRLS CLUBS OF ST. JOHNS INC.,St. John's Boys and Girls Club,119179539,119179538,NL,NL,3492815.0,398886.0,substitution,96.0
64501,364165,VILLAGE MISSIONS OF CANADA,Village Missions Canada,886642792,088664279,BC,ON,3880834.0,7551.0,insertion_deletion,100.0
86600,337140,FOOD4KIDS WATERLOO REGION,FOOD 4 KIDS WATERLOO REGION,751269895,751269795,ON,ON,3854802.0,2100.0,substitution,92.3
14919,332919,HARVESTERS BAPTIST CHURCH,HOVVESTERS BAPTIST CHURCH,118953983,118953483,ON,ON,3814521.0,1700.0,substitution,92.0
9304,390186,"""HEART AND STROKE FOUNDATION OF ALBERTA NWT & NUNAVUT""","""HEART & STROKE FOUNDATION OF ALBERTA NWT & NUNAVUT""",118780840,116780840,ON,AB,3784334.0,60.0,substitution,100.0
28481,337652,CHRISTIAN REFORMED CHURCH OF STRATFORD,Stratford Christian Reformed Church,129880308,119880308,ON,ON,3703217.0,34638.0,substitution,100.0
64289,367652,UMOJA OPERATION COMPASSION SOCIETY,UNOJA OPERATION COMPASSION SOCIETY,886425909,886425907,BC,BC,3708074.19,12550.0,substitution,96.2
8710,301842,VANCOUVER SOCIETY FOR EARLY MUSIC,Early Music Vancouver,108167776,105167776,BC,BC,2551672.0,1095860.0,substitution,91.3
77383,350598,CJL FOUNDATION,Citizens for Public Justice/CJL Foundation,894383512,189438351,ON,ON,3588259.0,400.0,insertion_deletion,100.0
307417,307700,Ontario Science Centre,ONTARIO SCIENCE CENTRE,122060957,112060957,ON,,3094979.0,493474.0,substitution,100.0
52427,323870,Avreichim Torah Institute,ATI (AVREICHIM TORAH INSTITUTE),857949598,857949548,QC,,3583970.0,1930.0,substitution,92.6
57021,361875,MI'KMAWEY DEBERT CULTURAL CENTRE,MI L KMAWEY DEBERT CULTURAL CENTRE,867004517,827004517,NS,,3564854.0,0.0,substitution,97.0
61602,420071,SOCIETY OF SAINT VINCENT DE PAUL ONTARIO REGIONAL COUNCIL,SOCIETY OF ST VINCENT DE PAUL-ONTARIO REGIONAL COUNCIL,876642703,676642703,ON,ON,3554263.0,6600.0,substitution,96.4
1348,342012,L'ASSOCIATION DU CANCER DE L'EST DU QUEBEC,ASSOCIATION DU CANCER DE L'EST DU QUÉBEC,106731656,106731651,QC,QC,3555733.0,1264.0,substitution,95.0
61602,355679,SOCIETY OF SAINT VINCENT DE PAUL ONTARIO REGIONAL COUNCIL,Ontario Regional Council-St-Vincent de Paul,876642703,826642703,ON,ON,3554263.0,2050.0,substitution,96.4
61602,368852,SOCIETY OF SAINT VINCENT DE PAUL ONTARIO REGIONAL COUNCIL,SOCIETY OF ST VINCENT DE PAUL ONTARIO REGIONAL COUNCIL OF CA,876642703,876442703,ON,ON,3554263.0,530.0,substitution,93.0
146036,253685,Exceldor Coopérative,Exceldor Coopérative,139980551,139980555,QC,QC,413323.18000000005,3102600.0,substitution,100.0
33403,411042,L'École Beth Tziporah,ECOLE BETH TZIPORAH,134669084,134669094,QC,,3499571.0,3000.0,substitution,95.0
85192,375571,EIZER MESHILEM FEISH ASSOCIATION / ASSOCIATION EIZER MESHILEM FEISH,EZER MESHILEM FEISH ASSOCIATION,734030125,734030123,QC,QC,3500730.0,1800.0,substitution,97.4
94263,174883,VANCOUVER ABORIGINAL COMMUNITY POLICING CENTRE SOCIETY,VANCOUVER ABORIGINAL COMMUNITY POLICING CENTRE SOCIETY,855140760,855140700,BC,BC,1799617.0,1701030.0,substitution,100.0
21705,421129,THE BOYS AND GIRLS CLUBS OF ST. JOHNS INC.,St John's Boys & Girls Club,119179539,119176539,NL,NL,3492815.0,221.0,substitution,96.0
22939,407512,THE CHRISTMAS BUREAU OF EDMONTON,Edmonton Christmas Bureau,119222925,019222925,AB,AB,3434590.0,500.0,substitution,100.0
26675,317054,WOMEN'S RURAL RESOURCE CENTRE OF STRATHROY & AREA,Strathroy Women's Rural Resource Centre,122590334,022590334,ON,ON,3412915.0,50.0,substitution,94.0
34265,319075,SANDGATE WOMEN'S SHELTER OF YORK REGION INC.,Women's Shelter Of York Region (Sandgate),136663812,136663912,ON,ON,3401534.0,5185.0,substitution,100.0
5286,199596,MUSEE DE LA NATURE ET DES SCIENCES INC.,MUSÉE DE LA NATURE ET DES SCIENCES INC.,107611600,110761160,QC,QC,612695.0,2767768.0,insertion_deletion,100.0
192083,326552,NARWHAL NEWS SOCIETY (THE),THE NARWHAL NEWS SOCIETY,846488773,946488773,BC,ON,3230002.0,100000.0,substitution,100.0
4853,367980,Kawartha Youth For Christ,KARWATHA YOUTH FOR CHRIST,107559734,107559735,ON,,3287205.0,400.0,substitution,96.0
29257,410703,ATLANTIC SCHOOL OF THEOLOGY,ATLANTIC SCHOOL OF THEOLOGY,130400617,130408617,NS,ON,3170868.0,75.0,substitution,100.0
75812,193689,EYA ENVIRONMENTAL YOUTH ALLIANCE SOCIETY,ENVIRONMENTAL YOUTH ALLIANCE,892897166,822897166,BC,,2953146.0,210500.0,substitution,93.3
56737,325936,COLORECTAL CANCER CANADA / CANCER COLORECTAL CANADA,Colorectal Cancer Association of Canada,866572423,886572423,QC,ON,3162171.0,1064.0,substitution,100.0
307670,311550,Heart and Stroke Foundation,HEART & STROKE FOUNDATION,118955111,011895511,MB,MB,3118690.0,40337.0,insertion_deletion,100.0
307520,355407,Presbyterian Church in Canada,PRESBYTERIAN CHURCH IN CANADA,107856119,107856919,ON,ON,3125864.0,25000.0,substitution,100.0
307520,345348,Presbyterian Church in Canada,PRESBYTERIAN CHURCH IN CANADA,107856119,107856819,ON,ON,3125864.0,16838.0,substitution,100.0
307670,315330,Heart and Stroke Foundation,HEART & STROKE FOUNDATION,118955111,118954111,MB,MB,3118690.0,18987.0,substitution,100.0
307520,376766,Presbyterian Church in Canada,THE PRESBYTERIAN CHURCH IN CANADA,107856119,107856419,ON,ON,3125864.0,8095.0,substitution,100.0
307520,394473,Presbyterian Church in Canada,THE PRESBYTERIAN CHURCH IN CANADA,107856119,107856019,ON,ON,3125864.0,4976.0,substitution,100.0
306098,319696,UNITED CHURCH OF CANADA - MISSION & SERVICE FUND,United Church of Canada Mission & Service,108104435,108103435,ON,ON,2933313.0,196644.0,substitution,93.5
2993,221283,THE CHILDREN'S AID SOCIETY OF THE COUNTY OF DUFFERIN,The Children’s Aid Society of the County of Dufferin,107268773,107368773,ON,ON,1591778.0,1500000.0,substitution,100.0
52920,374628,ONTARIO CHRISTIAN GLEANERS,Ontario Christian Gleaners / Loaves and Fishes,859230476,085923047,ON,ON,3049647.0,3045.0,insertion_deletion,100.0
306098,355524,UNITED CHURCH OF CANADA - MISSION & SERVICE FUND,Mission and Service Fund of The United Church of Canada,108104435,108105435,ON,ON,2933313.0,59528.0,substitution,100.0
306098,320986,UNITED CHURCH OF CANADA - MISSION & SERVICE FUND,The United Church of Canada Mission & Services,108104435,108107435,ON,ON,2933313.0,58715.0,substitution,92.3
10460,322919,LANSDOWNE CHILDREN'S CENTRE FOUNDATION,Landsdowne Children's Centre,118816883,118816833,ON,ON,2954318.0,16760.0,substitution,98.2
31276,312045,Ordre des Dominicains ou Frères prêcheur au Canada,L'ORDRE DES DOMINICANS OU FRERES PRECHEURS AU CANADA,132003526,132033526,QC,QC,2904716.0,49138.0,substitution,96.1
306098,367013,UNITED CHURCH OF CANADA - MISSION & SERVICE FUND,MISSION & SERVICE OF THE UNITED CHURCH OF CANADA,108104435,108108435,ON,ON,2933313.0,9600.0,substitution,93.5
102669,211170,City of Port Moody,CITY OF PORT MOODY,108077884,010807788,BC,,1923589.0,999246.0,insertion_deletion,100.0
119437,393684,Town of Amherst,TOWN OF AMHERST,108124694,108124691,NS,NS,2883010.0,25633.0,substitution,100.0
82938,330148,MOM TO MOM CHILD POVERTY INITIATIVE SOCIETY,MOM2MOM CHILD POVERTY INITIATIVE,828881904,828891904,BC,BC,2880728.0,9250.0,substitution,92.5
33228,161833,ARTS STARTS NEIGHBOURHOOD CULTURAL CENTRE,ART STARTS NEIGHBOURHOOD CULTURAL CENTRE,134257765,134267765,ON,ON,2707252.0,147982.0,substitution,98.8
64852,323251,WINNIPEG PRESBYTERY - THE UNITED CHURCH OF CANADA,The United Church of Canada - Winnipeg Presbytery,887093995,837093995,MB,MB,2710193.0,139140.0,substitution,100.0
140012,196653,Rossdown Natural Foods Ltd.,Rossdown Natural Foods Ltd.,830990073,820990073,BC,BC,1547990.0,1291799.0,substitution,100.0
79088,406822,CONCORDIA LUTHERAN MISSION SOCIETY INC,CONCORDIA LUTHERAN MISSION SOCIETY INC.,897594826,894594826,AB,MB,2824253.0,10068.0,substitution,100.0
79088,345092,CONCORDIA LUTHERAN MISSION SOCIETY INC,Concordia Lutheran Missionary Society,897594826,897574826,AB,BC,2824253.0,589.0,substitution,94.5
33471,315538,ARCHDIOCESE OF CAN ORTHODOX CHURCH IN AMERICA,"""Orthodox Curch in America Archdiocese of Canada""",134835297,124835297,QC,ON,2758205.0,24885.0,substitution,95.3
306181,354645,Toronto General & Western Hospital Foundation,TORONTO GENERAL & WESTERN HOSPITAL FDN.,123864086,123864088,,ON,2674368.0,100000.0,substitution,94.1
27141,373256,MONT ST JOSEPH FOUNDATION INC,Mt. St.Joseph Foundation,125136937,125136927,SK,SK,2556509.0,215000.0,substitution,92.3
32247,423133,NEW BRUNSWICK SPECIAL OLYMPICS SOCIETY INC./LA SOCIETE DES OLYMPIADES SPECIALES DU NOUVEAU BRUNSWICK INC.,Special Olympics of New Brunswick,132657206,132657205,NB,NB,2752960.0,5000.0,substitution,100.0
77488,310957,RIVERVIEW BOYS AND GIRLS CLUB,Boys & Girls Club of Riverview,894505668,894505666,NB,,2708874.0,29693.0,substitution,100.0
41569,350936,ROCK SOLID REFUGE INC.,ROCK SOLID REFUGE,816897946,816897949,SK,AB,2689377.0,723.0,substitution,100.0
76655,349536,CANADIAN 'BRIDGES FOR PEACE' ASSOCIATION INC.,"""Canadian ""Bridges for Peace"" Association Inc""",893452920,393452920,MB,MN,2639182.0,386.0,substitution,100.0
57090,347489,Rue Action Prévention Jeunesse,Rap Jeunesse (rue Action Prevention),867095317,837095317,QC,QC,2614730.0,600.0,substitution,93.8
66842,325501,Congrégation des témoins de Jéhovah de Montréal-Métropolitain/Montréal-Metropolitan Congregation Of Jehovah's Witnesses,Metropolitan Congregation of Jehovah's Witnesses,888619194,888614194,QC,QC,2300476.0,217548.0,substitution,90.9
80308,356936,THE REGIONAL SYNOD OF CANADA INC. REFORMED CHURCH IN AMERICA,Reformed Church in America - Regional Synod of Caada,899937049,889937049,ON,ON,2434742.0,64740.0,substitution,98.9
52291,415046,INSTITUT KOLLEL NOAM ELIEZER,ISNTITUT KOLLEL NOAM ELIEZER,857562185,857262185,QC,QC,2488727.0,4000.0,substitution,96.4
1959,398563,SCHIZOPHRENIA SOCIETY OF CANADA/SOCIETE CANADIENNE DE SCHIZO,Schizophrenia Society Of Canada/Societe Canadienne De Schizo,106846553,106846653,ON,MB,2482047.0,1018.0,substitution,100.0
47831,371687,614 Church,64 CHURCH,843182197,643182197,ON,,2408268.0,2750.0,substitution,94.7
72396,351765,V-KOL MEDIA MINISTRIES,V-KOL MEDIA MINISTRIES,891117772,891117770,AB,ON,2378287.0,9200.0,substitution,100.0
72396,408791,V-KOL MEDIA MINISTRIES,V-KOL MEDIA MINISTRIES,891117772,891177772,AB,ON,2378287.0,1000.0,substitution,100.0
69844,306675,BAPTIST WORLD MISSION,Baptist World Mission,890107063,390107063,NB,ON,2182551.0,188812.0,substitution,100.0
80831,306660,THE HILL 70 MEMORIAL,THE HILL 70 MEMORIAL / LA CÔTE 70 MEMORIAL,814094173,714094173,ON,ON,2330449.0,14822.0,substitution,100.0
105388,132012,Omega Tool Corp.,Omega Tool Corp,137653471,137653473,ON,ON,699000.0,1607378.0,substitution,100.0
6062,412495,NORTHERN LIGHTS SCHOOL DIVISION 113,NORTHERN LIGHTS SCHOOL DIVISION NO. 113 C/O DENE HIGH SC,107781882,407781882,SK,SK,2006931.0,255354.0,substitution,93.3
2007,385988,CANADIAN MENTAL HEALTH ASSOCIATION (SASKATCHEWAN DIVISION) INC.,CANADIAN MENTAL HEALTH ASSOCIATION (SASKATCHEWAN DIVISION) I,106864044,106864004,SK,ON,2256444.0,3000.0,substitution,97.8
43977,313737,FAITH & THE COMMON GOOD/,Greening Sacred Spaces/Faith and the Common Good,828276121,828276151,ON,ON,2257584.0,200.0,substitution,100.0
65672,340036,La fondation générations/The Generations Foundation,GERERATIONS FOUNDATION,887906121,887906131,QC,QC,2227549.0,18343.0,substitution,90.9
69844,320980,BAPTIST WORLD MISSION,BAPTIST WORLD MISSIONS,890107063,890107963,NB,ON,2182551.0,15497.0,substitution,97.7
27379,411204,THE SAFEHAVEN PROJECT FOR COMMUNITY LIVING,"""Safehaven Project for Community Living",126599208,126599206,ON,Toronto,2185580.0,0.0,substitution,100.0
44798,364348,Conservation Manitou,MANITOU CONSERVATION,831460936,831460946,QC,,2027442.0,125000.0,substitution,100.0
308787,309481,FIRST UNITED CHURCH MISSION,First United Church Mission,118919406,110919406,BC,BC,2135733.0,9220.0,substitution,100.0
79818,319088,D.S.R.F. DOWN SYNDROME RESOURCE FOUNDATION,Down Syndrome Research foundation (D.S>R>F.),898907266,896907266,BC,,2124699.0,2000.0,substitution,90.0
312314,312813,Cross Country Canada,CROSS COUNTRY CANADA,012076238,120762380,SK,AB,2000.0,2082162.0,insertion_deletion,100.0
34391,316656,FELLOWSHIP OF EVANGELICAL BIBLE CHURCHES OF CANADA INC.,Fellowship of Evangelical Bible Churches of Canada,136938149,136937149,SK,MB,1912109.0,120190.0,substitution,100.0
306073,312991,SALVATION ARMY,Salvation Army,107961618,107981618,,BC,1812291.0,206947.0,substitution,100.0
373183,415279,Community Food Centres Canada,Community Food Centres Canada,083391448,833914480,,,1000000.0,1000000.0,insertion_deletion,100.0
108496,324344,DISTRICT OF SECHELT,DISTRICT OF SECHELT,108078742,107078742,BC,BC,1980267.0,3500.0,substitution,100.0
101806,296051,Town of Rocky Harbour,Town of Rocky Harbour,106963234,106963232,NL,NL,1965234.72,6000.0,substitution,100.0
129441,348320,Municipality of the District of Lunenburg,Municipality of the District of Lunenburg,107752842,107752841,NS,NS,1176891.0,787072.0,substitution,100.0
306985,316693,"""Pentecostal Assemblies of Canada BC & Yukon District""",The Pentecostal Assemblies of Canada - BC Yukon District,119250725,119250727,BC,BC,1539242.0,382315.0,substitution,100.0
70389,404604,HOSPICE MUSKOKA,HOSPICE MUSKO0KA,890333263,890333262,ON,ON,1866530.0,50000.0,substitution,96.8
307126,314239,St. Columba House,St. Columba House,107948960,107448960,QC,QC,1912867.0,1269.0,substitution,100.0
11151,363731,VICTORIA ASSOCIATION FOR COMMUNITY LIVING,Community Living Victoria,118837830,011883783,BC,BC,1860640.0,12338.0,insertion_deletion,92.6
44207,317160,YAMNUSKA WOLFDOG SANCTUARY LTD.,Yamunuska Wolfdog Sanctuary Ltd.,829169689,729169689,AB,AB,1868599.0,650.0,substitution,98.1
323094,400582,Iris Ministries,IRIS MINISTRIES,804921872,080492187,ON,ON,1847095.0,5000.0,insertion_deletion,100.0
323094,404702,Iris Ministries,IRIS MINISTRIES,804921872,804921822,ON,ON,1847095.0,1500.0,substitution,100.0
60895,417038,CATCH THE FIRE CANADA,Catch the Fire Canada,874153109,087415310,ON,PE,1833441.0,700.0,insertion_deletion,100.0
72773,422267,LAKELAND UNITED WAY FOUNDATION,United Way of Lakeland,891276735,821276735,AB,AB,1826479.0,3940.0,substitution,100.0
54680,410515,Indigenous Pathways Inc.,Indigenous Pathways,862879392,062879392,PE,AB,1828181.0,750.0,substitution,100.0
41752,390451,THE FREE PRESBYTERIAN CHURCH OF NORTH AMERICA - CANADA,Free Presbyterian Church of North America,817776479,417776479,ON,BC,1817924.0,2828.0,substitution,91.6
306073,423893,SALVATION ARMY,SALVAITON ARMY,107961618,107561618,,BC,1812291.0,4000.0,substitution,92.9
306073,382642,SALVATION ARMY,The Salvation Army,107961618,107931618,,YT,1812291.0,1225.0,substitution,100.0
117567,118233,Community Futures Crowsnest Pass,Community Futures Crowsnest Pass,127799223,127797223,AB,AB,1513750.0,289550.0,substitution,100.0
12434,308330,CRANBROOK FOOD BANK SOCIETY,Canbrook Food Bank,118878735,118778735,BC,BC,1782849.0,5200.0,substitution,97.3
39310,398852,NIPISSING REGIONAL COMMUNITY RESIDENTIAL HOSPICE/HOSPICE RESIDENTIELLE COMMUNAUTAIRE DE LA REGION DU NIPISSING,NIPPISSING REGIONAL COMMUNITY RESIDENTIAL HOSPICE / HOSPICE,805419009,804419009,ON,ON,1727689.0,50262.0,substitution,99.0
50334,317841,GLOBAL YOUTH VOLUNTEER NETWORK/RESEAU MONDIAL JEUNESSE VOLONTAIRE,Global Youth Volunteer Network,852077163,850077163,MB,AB,1758002.0,10303.0,substitution,100.0
30194,404009,ROTARY CLUB OF BRANTFORD CHARITABLE FOUNDATION,Brantford Rotary Club,131289951,131288951,ON,ON,1756930.0,500.0,substitution,100.0
33955,409830,ONTARIO 4-H COUNCIL,H-4 Ontario Council,135887727,035887727,ON,ON,1739997.0,10905.0,substitution,100.0
80136,312762,CHARLOTTETOWN BOYS' AND GIRLS' CLUB INC.,BOYS & GIRLS CLUB OF CHARLOTTETOWN,899544787,895544787,PE,PE,1528486.0,196971.0,substitution,100.0
27963,346196,L'EVEQUE CATHOLIQUE ROMAIN DE BAIE-COMEAU,ÉVÊCHÉ CATHOLIQUE ROMAIN DE BAIE-COMEAU (L'),129247433,129247443,QC,,1716070.0,0.0,substitution,94.7
48372,320346,MARY'S MEALS CANADA,Mary's Meals Canada,845360536,845360636,AB,ON,1702048.0,7300.0,substitution,100.0
102806,254823,Presse-Ouest Ltée,PRESSE-OUEST LTÉE.,104295647,114295647,MB,MB,1315962.0,363985.0,substitution,100.0
310058,317122,YESHIVA DARCHEI TORAH,Yeshiva Darchei Torah,881856918,888185691,,,1663628.0,13504.0,insertion_deletion,100.0
61301,321028,'FE VIVA' WORLD MISSIONS,FE VIVA WORLD MISSIONS,875462327,855462327,AB,BC,1498830.0,177815.0,substitution,100.0
81193,392082,Catholic Women's Leadership Foundation,CATHOLIC WOMEN'S LEADERSHIP FOUNDATION,826861734,826661734,AB,MB,1645768.0,10000.0,substitution,100.0
42505,404692,KIDNEY CANCER CANADA ASSOCIATION,Kidney Cancer Canada,821670155,821570155,ON,NS,1632610.0,176.0,substitution,100.0
308262,398155,Diocèse de Québec,Diocèse de Québec,119006926,119006923,QC,,1623472.0,3771.0,substitution,100.0
307672,309036,The Canadian Friends of Hebrew University of Jerusalem,Canadian Friends of the Hebrew University of Jerusalem,012435563,124355636,ON,QC,114883.0,1511728.0,insertion_deletion,100.0
70212,352690,HOSPICE HUNTSVILLE,Huntsville Hospice,890259062,896259062,ON,ON,1611670.0,13525.0,substitution,100.0
2594,383149,COASTAL MISSIONS SOCIETY,Costal Missions,106950561,106950564,BC,BC,1608049.0,12240.0,substitution,96.8
113709,169709,TOWN OF HANOVER,Town Of Hanover,109126947,108126947,,ON,16360.0,1585902.0,substitution,100.0
17762,423233,CAMP MINI-YO-WE INC.,Mini Yo We Inc. Camp,119041721,011904172,ON,ON,1599831.0,300.0,insertion_deletion,100.0
7146,316700,1UP VICTORIA SINGLE PARENT RESOURCE CENTRE SOCIETY,Victoria Single Parent Resource Centre,107982472,107962472,BC,BC,1586425.0,1000.0,substitution,95.0
81973,384575,NATIVE PLANT SOCIETY OF SASKATCHEWAN INC,"""Native plant Society of Saskatchewan",895751063,896751063,SK,Saskatoon,1208598.0,363320.0,substitution,100.0
262695,285675,Aliya's Foods Limited,Aliya's Foods Limited,865533385,865533384,AB,AB,1159955.0,406999.0,substitution,100.0
241626,341208,Canadian Diabetes Association,Canadian Diabetes Association,118030744,118330744,ON,MB,1543898.0,19130.0,substitution,100.0
44193,368548,COLOMBIA PARA CRISTO SOCIETY,Colombia Para Cristo Society,829111947,082911194,SK,BC,1557748.0,2916.0,insertion_deletion,100.0
18990,347401,PARKVIEW ALLIANCE CHURCH,Parkview Alliance Church,119081032,119081132,AB,BC,1508601.0,40385.0,substitution,100.0
241626,320191,Canadian Diabetes Association,Canadian Diabetes Association,118030744,118930744,ON,ON,1543898.0,2000.0,substitution,100.0
241626,345501,Canadian Diabetes Association,CANADIAN DIABETES ASSOCIATION,118030744,118730744,ON,SK,1543898.0,730.0,substitution,100.0
254486,323704,The Credit Valley Hospital,Credit Valley Hospital,105206353,105206352,ON,,1484186.0,49075.0,substitution,100.0
52371,394149,Institute for Rural Education and Development,IREAD - Institute for Rural Education and Development,857782718,887782718,AB,AB,1480120.0,50000.0,substitution,93.2
8886,371059,REFUGE POUR LES FEMMES DE L'OUEST-DE-L'ÎLE,REFUGE POUR LES FEMMES DE L'OUEST DE L'ILE / WEST ISLAND WOM,108201294,108201297,QC,QC,1509591.0,100.0,substitution,100.0
14109,412293,FRANCISCAN POOR CLARE NUNS,FRANCISCAN POOR CLARE NUNS,118930437,118960437,ON,BC,1503197.0,900.0,substitution,100.0
307905,328102,MISSION & SERVICE FUND-THE UNITED CHURCH OF CANADA,United Church of Canada Mission and Service Fund,109102435,105102435,ON,ON,1068966.0,415142.0,substitution,100.0
77372,345901,GOSPEL OUTREACH CANADA,GOSPEL OUTREACH CANADA,894374198,594374198,BC,AB,1452268.0,10000.0,substitution,100.0
323738,389175,BC Children's Hospital Foundation,BC CHILDREN'S HOSPITAL,118822433,118862433,,BC,1449354.0,10000.0,substitution,100.0
52541,353541,Equip Leadership Canada,Equip Leadership Canada,858330640,858630640,AB,ON,1418706.0,31500.0,substitution,100.0
323738,423018,BC Children's Hospital Foundation,BC Children's Hospital Foundation,118822433,118825433,,BC,1449354.0,150.0,substitution,100.0
1976,349376,CANADIAN LUTHERAN BIBLE INSTITUTE,CLBI(CANADIAN LUTHERAN BIBLE INSTITUTE),106863020,103863020,AB,AB,1434878.0,1290.0,substitution,93.0
9305,404136,ALBERTA PARKLAND DISTRICT OF THE EVANGELICAL FREE CHURCH OF CANADA,EVANGELICAL FREE CHURCH OF CANADA - ALBERTA PARKLAND DSITRIC,118780980,118750980,AB,AB,1423163.0,10000.0,substitution,97.3
77925,388835,KENABEEK CONSERVATIVE MENNONITE CHURCH,KENNABEEK CONSERVATIVE MENNONITE CHURCH,895280329,895580329,ON,ON,1370045.0,6480.0,substitution,98.7
128301,210919,The Corporation of the District of Sparwood,DISTRICT OF SPARWOOD,107021438,127021438,BC,,1150771.0,216295.0,substitution,100.0
41489,379952,IDF WIDOWS AND ORPHANS CANADA,IDOWS WIDOWS AND ORPHANS ORGANIZATION CANADA,816519243,816519241,ON,ON,1357065.0,500.0,substitution,92.3
189426,223369,KWI Kunststoffwerk Industries Inc.,Kwi Kunststoffwerk industrie inc.,848192291,848182291,QC,QC,1150000.0,207000.0,substitution,98.2
307905,314891,MISSION & SERVICE FUND-THE UNITED CHURCH OF CANADA,UNITED CHURCH OF CANADA - MISSION & SERVICE,109102435,100102435,ON,ON,1068966.0,284221.0,substitution,93.5
313313,359513,GRANDVIEW ADVENTIST ACADEMY,Grandview Adventist Academy,130485196,130485156,ON,ON,1349775.0,982.0,substitution,100.0
9997,332244,BEACON HOUSE INTERFAITH SOCIETY,SACKVILLE WARMING CENTER C/O BEACON HOUSE INTERFAITH,118801448,111801448,NS,NS,1341763.0,5920.0,substitution,95.8
306220,312646,Canadian Cancer Society,Canadian Cancer Society,111882980,118829800,,BC,1277295.0,58423.0,insertion_deletion,100.0
31746,351184,WILLIAM OSLER HEALTH SYSTEM VOLUNTEER ASSOCIATION,Wm Osler Health System Volunteer Assoc,132258716,013225871,ON,,1234609.0,100000.0,insertion_deletion,92.8
41125,370967,C3 CHURCH 416 INC.,C3CHURCH 416,814906301,814916301,ON,ON,1317317.0,2650.0,substitution,96.0
414837,418645,Fraser Health,Fraser Health,986466390,986466590,BC,BC,798421.0,513395.0,substitution,100.0
616,367243,L'Escale Notre-Dame,ESCALE NOTRE-DAME INC.,103083978,103083979,QC,QC,1171555.0,135000.0,substitution,94.4
123913,180211,University Network of Excellence in Nuclear Engineering,UNIVERSITY NETWORK OF EXCELLENCE IN NUCLEAR ENGINEERING,865333640,865533640,ON,ON,1254500.0,50000.0,substitution,100.0
36102,308015,TRANSPORT FOR CHRIST,TRANSPORT FOR CHRIST,140840661,040840661,ON,NB,1295982.0,8100.0,substitution,100.0
52319,220999,ARTBEAT STUDIO INC.,Art Beat Studio Inc.,857638340,085763834,MB,MB,1068417.0,233360.0,insertion_deletion,96.6
36102,361127,TRANSPORT FOR CHRIST,Transport for Christ,140840661,014084066,ON,NS,1295982.0,1957.0,insertion_deletion,100.0
36102,414615,TRANSPORT FOR CHRIST,Transport for Christ,140840661,140840666,ON,NB,1295982.0,600.0,substitution,100.0
36102,382998,TRANSPORT FOR CHRIST,Transport For Christ,140840661,140940661,ON,NB,1295982.0,180.0,substitution,100.0
22942,320461,THRESHOLD MINISTRIES,Street Hope c/o Threshold Ministries,119223006,019223006,NB,NB,1290823.0,559.0,substitution,95.2
32789,319669,GATE 3:16 OUTREACH CENTRE,Gate 316 Outreach Centre,133373621,013337362,ON,ON,1284973.0,4100.0,insertion_deletion,93.9
306220,419873,Canadian Cancer Society,CANADIAN CANCER SOCIETY,111882980,118829806,,ON,1277295.0,4500.0,insertion_deletion,100.0
306220,338862,Canadian Cancer Society,CANADIAN CANCER SOCIETY (NS),111882980,118829809,,NS,1277295.0,768.0,insertion_deletion,90.9
306220,416419,Canadian Cancer Society,CANADIAN CANCER SOCIETY,111882980,118829804,,SK,1277295.0,650.0,insertion_deletion,100.0
306220,376516,Canadian Cancer Society,CANADIAN CANCER SOCIETY,111882980,118829805,,ON,1277295.0,500.0,insertion_deletion,100.0
306220,400644,Canadian Cancer Society,CANADIAN CANCER SOCIETY,111882980,118829801,,ON,1277295.0,100.0,insertion_deletion,100.0
306220,351636,Canadian Cancer Society,Canadian Cancer Society,111882980,118829808,,ON,1277295.0,75.0,insertion_deletion,100.0
12497,420864,CROSS COUNTRY CHRISTIAN ENTERPRISES,Cross Country Christian Enterprises/Gentle Hands,118880038,108880038,AB,AB,1267216.0,3824.0,substitution,100.0
74800,324251,ST ANDREW'S PRESBYTERIAN CHURCH,"""ST. ANDREW'S PRESBYTERIAN CHURCH",892354267,892354217,ON,SCARBOROUGH,1255042.0,0.0,substitution,100.0
306717,310242,United Church of Canada Mission & Service Fund,UNITED CHURCH OF CANADA MISSION AND SERVICE FUND,108102453,108102433,,ON,1011094.0,243044.0,substitution,100.0
60593,376007,Service d'Education et de Sécurité Alimentaire de Mercier-Est (SESAME),SÉSAME (Service d'éducation et de sécurité alimentaire de Me,873380414,873880414,QC,QC,1217696.0,5604.0,substitution,91.7
125590,402246,Fédération des femmes du Québec,Fédération des Femmes du Québec,130516404,130516504,QC,,1214656.0,0.0,substitution,100.0
125590,339268,Fédération des femmes du Québec,Fédération des femmes du Québec,130516404,130506404,QC,,1214656.0,0.0,substitution,100.0
27805,308822,L'HEURE DE LA BONNE NOUVELLE INC.,HEURE DE LA BONNE NOUVELLE,128956885,128956855,QC,QC,1160164.0,15016.0,substitution,95.2
27805,327166,L'HEURE DE LA BONNE NOUVELLE INC.,HEURE DE LA BONNE NOUVELLE,128956885,028956885,QC,,1160164.0,6290.0,substitution,95.2
13213,390633,COMMUNITY LIVING ESSEX COUNTY,Essex County Community Living,118901974,118901874,ON,ON,1150623.0,500.0,substitution,100.0
84203,327942,YOUTH WITH A MISSION (GTA) INC.,YWAM (YOUTH WITH A MISSION (GTA),810424523,870424523,ON,ON,1143922.0,5000.0,substitution,90.6
185865,255962,Larkin Bros. Inc.,Larkin Bros. Inc.,854802816,864802816,PE,PE,1118640.0,7000.0,substitution,100.0
176113,236495,SoftwareQ Inc.,softwareQ Inc.,789863289,789869289,ON,ON,444133.0,675000.0,substitution,100.0
56149,381416,TRUTH MATTERS MINISTRIES SOCIETY OF ALBERTA,TRUTH MATTERS MINISTRIES SOCIETY OF ALBERTA,865576060,866576060,NB,ON,1083831.0,30040.0,substitution,100.0
33307,361010,CHRISTIAN REFORMED CHURCH MEDICINE HAT,Medicine Hat Christian Reformed Church,134482413,134482410,AB,AB,1095160.0,500.0,substitution,100.0
307905,358852,MISSION & SERVICE FUND-THE UNITED CHURCH OF CANADA,United Church of Canada-Mission & Service,109102435,107102435,ON,ON,1068966.0,1740.0,substitution,93.5
306717,360223,United Church of Canada Mission & Service Fund,United Church of Canada Mission Service,108102453,010810245,,ON,1011094.0,47411.0,insertion_deletion,93.5
307605,316889,THE CONVENTION OF ATLANTIC BAPTIST CHURCHES,Convention of Atlantic Baptist Churches,117276228,110276228,NB,NB,853251.0,199204.0,substitution,100.0
309219,346461,VMM,VMM,890618798,890818798,,,994257.0,57000.0,substitution,100.0
306717,379868,United Church of Canada Mission & Service Fund,UNITED CHURCH OF CANADA- MISSION & SERVICE FUND,108102453,108102483,,ON,1011094.0,28118.0,substitution,100.0
306717,365324,United Church of Canada Mission & Service Fund,United Church of Canada Mission & Service,108102453,108102456,,ON,1011094.0,23315.0,substitution,93.5
306717,309291,United Church of Canada Mission & Service Fund,"""Mission & Service Fund United Church of Canada""",108102453,108102450,,ON,1011094.0,8562.0,substitution,100.0
10031,404288,BELIEVER'S BOOKSHELF CANADA INC.,Believer's Bookshelf Canada,118802529,418802529,ON,QC,901530.0,114850.0,substitution,100.0
76038,328577,PIA BOUMAN SCHOOL FOR BALLET AND CREATIVE MOVEMENT,Pai Bouman School for Ballet & Creative Movement,893008375,893003375,ON,,1011200.0,2500.0,substitution,97.8
306717,314900,United Church of Canada Mission & Service Fund,United Church of Canada Mission & Service,108102453,168102453,,ON,1011094.0,2357.0,substitution,93.5
75189,421818,CANADIAN ASSOCIATION OF LUTHERAN CONGREGATIONS/L'ASSOCIATIONCANADIENNE DES CONGRÉGATIONS LUTHÉRIENNES,Canadian Association of Lutheran Congregations,892527169,892527189,MB,BC,1001756.0,10150.0,substitution,100.0
75189,420973,CANADIAN ASSOCIATION OF LUTHERAN CONGREGATIONS/L'ASSOCIATIONCANADIENNE DES CONGRÉGATIONS LUTHÉRIENNES,CANADIAN ASSOC. OF LUTHERAN CONGREGATIONA,892527169,192527169,MB,BC,1001756.0,9090.0,substitution,96.8
307135,312456,ARTHRITIS SOCIETY,Arthritis Society,108071670,108071677,ON,,120810.0,890020.0,substitution,100.0
309119,361506,Multiple Sclerosis Society of Canada,Multiple Sclerosis Society of Canada,107746224,107146224,SK,SK,1010018.0,235.0,substitution,100.0
141656,274380,Systèmes Opsun inc.,OPSUN SYSTEMS INC./SYSTEMES OPSUN INC.,850811149,850811449,QC,QC,595000.0,415000.0,substitution,100.0
75189,382700,CANADIAN ASSOCIATION OF LUTHERAN CONGREGATIONS/L'ASSOCIATIONCANADIENNE DES CONGRÉGATIONS LUTHÉRIENNES,CANADIAN ASSOCIATION OF LUTHERAN CONGREGATIONS,892527169,892527168,MB,BC,1001756.0,8000.0,substitution,100.0
54363,344761,THE CANADIAN CATHOLIC SCHOOL TRUSTEE CHARITABLE FOUNDATION,Canadian Catholic School Trustee Charitable Foundation,862235769,862238769,AB,ON,1005654.0,504.0,substitution,100.0
75189,366339,CANADIAN ASSOCIATION OF LUTHERAN CONGREGATIONS/L'ASSOCIATIONCANADIENNE DES CONGRÉGATIONS LUTHÉRIENNES,Canadian Association of Lutheran Congregations,892527169,089252716,MB,BC,1001756.0,3000.0,insertion_deletion,100.0
310087,414873,Weizmann Canada,Weizmann Canada,130930922,013093092,,QC,984514.0,20000.0,insertion_deletion,100.0
75189,389464,CANADIAN ASSOCIATION OF LUTHERAN CONGREGATIONS/L'ASSOCIATIONCANADIENNE DES CONGRÉGATIONS LUTHÉRIENNES,Canadian Association Lutherm Congregating,892527169,992527169,MB,BC,1001756.0,1000.0,substitution,90.0
309219,331390,VMM,Vmm,890618798,890618792,,ON,994257.0,4240.0,substitution,100.0
48030,361917,Christian Science National Benevolence Fund,Christian Science National Benevolene Fund,843987900,843989900,BC,ON,990366.0,5000.0,substitution,98.8
69636,333587,WORLD COMPASSION SOCIETY,World Compassion,890013394,890613394,BC,AB,985507.0,2635.0,substitution,100.0
83261,402569,FUTURE HOPE INC.,FUTURE HOPE/NEXT STEP PROGRAM,846601300,846601305,MB,MB,985456.0,1350.0,substitution,100.0
104035,353382,Easter Seals Canada,EASTER SEALS CANADA,120931118,129931118,ON,,967522.0,17611.0,substitution,100.0
40960,345702,Canadian Global Response,Canadian Global Response,814030318,814030319,ON,AB,969438.0,13195.0,substitution,100.0
16016,383335,KOLLEL TOLDOS YAKOV YOSEF,KOLEL TOLDOS YAAKOV YOSEF,118986843,118988843,QC,QC,979903.0,250.0,substitution,96.0
288446,410536,Alzheimer Society of Canada,Alzheimer Society of Canada,118784425,118784125,ON,ON,870333.0,109297.0,substitution,100.0
66980,403663,LIVING WATERS CAMP,LIVING WATERS CAMP,888678042,388678042,SK,AK,945202.0,1610.0,substitution,100.0
308351,311558,RONALD MCDONALD HOUSE,Ronald McDonald House,118526310,011852631,,ON,904480.0,41099.0,insertion_deletion,100.0
307964,316926,UNITED CHURCH MISSION SERVICE,UNITED CHURCH OF CAN. MISSION & SERVICE,008102435,018102435,,ON,806737.0,137574.0,substitution,93.5
71350,350916,KIDS' WORLD OUTREACH SOCIETY,KID'S WORLD OUTREACH SOCIETY,890734148,790734148,AB,AB,922677.0,6816.0,substitution,92.3
312456,340768,Arthritis Society,ARTHRITIS SOCIETY,108071677,108071617,,ON,890020.0,30326.0,substitution,100.0
309299,323181,PRESBYTERIAN CHURCH OF CANADA,PRESBYTERIAN CHURCH IN CANADA,107856614,107856617,ON,ON,625103.0,293204.0,substitution,94.5
26297,327307,SOCIETE DE SAINT-VINCENT-DE-PAUL CONSEIL PROVINCIAL DU QUEBEC,CONSEIL PROVINCIAL SOCIÉTÉ SAINT VINCENT DE PAUL,120795307,120795304,QC,QC,911146.0,600.0,substitution,91.4
307055,312434,United Church of Canada - Mission & Services,UNITED CHURCH OF CANADA MISSION - SERVICE,118102425,118102435,ON,ON,819970.0,86498.0,substitution,98.6
30417,382690,YARMOUTH FOOD BANK SOCIETY,Yarmouth Food Bank,131499147,131498147,NS,NE,906133.0,0.0,substitution,100.0
339131,354293,Canadian Tire Jump Start.,CANADIAN TIRE JUMPSTART,013792945,137929457,ON,ON,1000.0,900000.0,insertion_deletion,97.9
320076,354293,Canadian Tire - Jump Start,CANADIAN TIRE JUMPSTART,137929450,137929457,ON,ON,500.0,900000.0,substitution,97.9
35297,332225,BAIS BRUCHA,Bals Brucha,139414189,138414189,ON,ON,896181.0,1000.0,substitution,90.9
7864,333868,VOLUNTEER CENTRE OF CHARLOTTE COUNTY INC.,Charlotte County Volunteer Centre,108042409,108642409,NB,NB,894521.0,750.0,substitution,100.0
7864,372030,VOLUNTEER CENTRE OF CHARLOTTE COUNTY INC.,CHARLOTTE COUNTY VOLUNTEER CENTRE,108042409,108042407,NB,NB,894521.0,750.0,substitution,100.0
312456,348676,Arthritis Society,The Arthritis Society,108071677,010807167,,ON,890020.0,3269.0,insertion_deletion,100.0
312456,392679,Arthritis Society,Arthritis Society,108071677,108071674,,,890020.0,632.0,substitution,100.0
312456,401568,Arthritis Society,THE ARTHRITIS SOCIETY,108071677,110807167,,SK,890020.0,58.0,insertion_deletion,100.0
129827,339315,The Corporation of the Municipality of South Bruce,Municipality of South Bruce,868829938,068829938,ON,ON,881049.0,7400.0,substitution,100.0
129827,339499,The Corporation of the Municipality of South Bruce,Municipality of South Bruce,868829938,868829937,ON,,881049.0,5406.0,substitution,100.0
129827,370285,The Corporation of the Municipality of South Bruce,Municipality of South Bruce,868829938,688299380,ON,ON,881049.0,4497.0,insertion_deletion,100.0
307055,312446,United Church of Canada - Mission & Services,United Church of Canada - Mission & Service,118102425,108102425,ON,ON,819970.0,54933.0,substitution,98.6
118418,413207,Municipal District of Greenview,Municipal District of Greenview #16,136866761,036866761,AB,AB,872411.0,500.0,substitution,94.9
104786,244203,NEW MALWA EXPRESS INC.,New Malwa Express Inc.,880674471,820674471,ON,ON,837881.0,25000.0,substitution,100.0
146301,286609,1163458 Alberta Ltd,1163458 Alberta Ltd.,840542674,850542674,AB,AB,586100.0,266996.0,substitution,100.0
22998,376345,THE COMOX VALLEY THERAPEUTIC RIDING SOCIETY,COMEX VALLEY THERAPEUTIC RIDING SOCIETY,119228070,119228870,BC,BC,835073.0,350.0,substitution,96.8
83858,327325,Arts and Culture Centre of Sussex Inc.,AX THE ARTS AND CULTURE CENTRE OF SUSSEX,796294528,796264528,NB,NB,816373.0,18716.0,substitution,94.5
70237,313106,THE EVANGELICAL FREE CHURCH OF CANADA - CANADIAN PACIFIC DISTRICT,Canadian Pacific District Evangelical Free Church,890265531,390265531,BC,,802355.0,28800.0,substitution,93.3
70749,352097,BIBLICAL MINISTRIES WORLDWIDE OF CANADA,BIBLICAL MINISTRIES WORLDWIDE OF CANADA,890499742,890449742,ON,NB,806040.0,22900.0,substitution,100.0
70749,310321,BIBLICAL MINISTRIES WORLDWIDE OF CANADA,Biblical Ministries Worldwide of Canada,890499742,870499742,ON,NB,806040.0,13000.0,substitution,100.0
77277,327551,L'Équipe Entreprise,ÉQUIPE ENTREPRISE (L'),894248483,894248493,QC,,815404.0,3609.0,substitution,100.0
51795,337466,Image,Image,856366463,853366463,ON,BC,768026.0,40300.0,substitution,100.0
67,324593,L'ATELIER R.A.D.O. INC.,Atelier R.A.D.O.,100318997,100318977,NB,,804788.0,0.0,substitution,93.8
314709,366634,Roman Catholic Episcopal Corporation for the Diocese of Toro,ROMAN CATHOLIC EPISCOPAL CORPORATION FOR THE DIOCESE OF TORO,107911025,107910025,ON,ON,779439.0,25125.0,substitution,100.0
20376,362501,SAINT JOHN EAST FOOD BANK INC.,East Saint John Food Bank,119132306,119132316,NB,NB,757972.0,23233.0,substitution,100.0
311132,322733,Watchtower Bible & Tract Society of Canada,WATCHTOWER BIBLE AND TRACT SOCIETY OF CANADA,011928891,119288919,,ON,472016.0,301888.0,insertion_deletion,100.0
309299,320745,PRESBYTERIAN CHURCH OF CANADA,The Presbyterian Church in Canada,107856614,107856618,ON,ON,625103.0,148586.0,substitution,94.5
309647,399595,SICK KIDS FOUNDATION,SICK KIDS FOUNDATION,108104419,108114419,,,773096.0,75.0,substitution,100.0
48397,365130,THE GUESTHOUSE SHELTER,THE GUSTHOUSE SHELTER,845435007,845430007,ON,ON,759779.0,6934.0,substitution,97.1
22506,365123,TELCI - THERAPEUTIC & EDUCATIONAL LIVING CENTRES INC,TELCI - THERAPEUTIC & EDUCATI0NAL LIVING CENTRES,119209369,119209269,ON,ON,761913.0,120.0,substitution,97.7
8802,361359,WALMER ROAD BAPTIST CHURCH,Warmar Road Baptist church,108188889,108188899,ON,ON,704485.0,57421.0,substitution,92.3
20376,321644,SAINT JOHN EAST FOOD BANK INC.,East Saint John Food Bank,119132306,119132300,NB,NB,757972.0,2800.0,substitution,100.0
23753,404132,ONEIDA BAPTIST CAMP,Baptist Camp Oneida,119248508,119240508,ON,ON,759418.0,1000.0,substitution,100.0
250510,411111,The Learning Partnership,The Learning Partnership,014056107,140561070,ON,ON,637180.0,120000.0,insertion_deletion,100.0
116397,125127,DOWNTOWN TOYOTA,DOWNTOWN TOYOTA,101476729,101476719,ON,ON,732656.0,20000.0,substitution,100.0
306401,318511,Samaritan's Purse,Samaritan's Purse,119738527,119238527,AB,AB,377990.0,370942.0,substitution,100.0
54510,412197,WHAKA PIMADIZIIWII PINAYSIIWIGAMIC INC.,Whaka Pimadiziiwii Pinaysiiwigamic Inc./Circle of Life Thund,862551926,862551326,MB,MB,714621.0,33639.0,substitution,100.0
32436,385319,CHURCH IN THE CITY,Chiurch in the City,132882820,132882620,ON,ON,708719.0,39150.0,substitution,96.6
59066,376565,CCI CHRISTIAN COMMUNICATION INC. OF CANADA,CHRISTIAN COMMUNICATION INC OF CANADA,870433729,870432729,ON,ON,741070.0,3500.0,substitution,93.8
59066,418053,CCI CHRISTIAN COMMUNICATION INC. OF CANADA,Christian Communication Inc. of Canada,870433729,870433229,ON,ON,741070.0,200.0,substitution,93.8
60518,335569,MUSIC FOR LIFE INSTITUTE,Music For Life Institute / The Africa Childrens Choir,873208664,873202664,BC,BC,735304.0,786.0,substitution,100.0
307075,336551,UNITED CHURCH OF CANADA MISSION AND SERVICE,The United Church of Canada- Mission & Service,108602435,108002435,,ON,380033.0,355460.0,substitution,100.0
74923,371273,ARIEL Ministries Canada,Ministère Ariel Canada,892419748,892479748,QC,QC,732985.0,1900.0,substitution,93.3
309299,360200,PRESBYTERIAN CHURCH OF CANADA,Presbyterian Church in Canada,107856614,107856612,ON,ON,625103.0,108362.0,substitution,94.5
75851,316811,LUTHERAN WOMEN'S MISSIONARY LEAGUE - CANADA INC,LUTHERAN WOMEN'S MISSIONARY LEAGUE - CANADA INC.,892916768,892616768,AB,MB,715758.0,11039.0,substitution,100.0
306031,355893,Archidiocèse de Québec,ARCHIDIOCÈSE DE QUÉBEC,119006927,119006920,QC,QC,681598.0,43433.0,substitution,100.0
306356,309880,BETH JACOB SCHOOL,Beth Jacob School,020991620,209916200,,QC,538008.0,180430.0,insertion_deletion,100.0
75851,398326,LUTHERAN WOMEN'S MISSIONARY LEAGUE - CANADA INC,LUTHERAN WOMEN'S MISSIONARY LEAGUE CANADA,892916768,492916768,AB,MB,715758.0,1540.0,substitution,100.0
68933,416112,SASKATOON ROTARY CLUB CHARITABLE TRUST FUND INC,Rotary Club of Saskatoon Charitable Trust Fund,889674396,088967439,SK,SK,714597.0,389.0,insertion_deletion,100.0
1333,362260,HOMEBRIDGE YOUTH SOCIETY,HoeBridge Youth Society,106728918,106928918,NS,,709564.0,5000.0,substitution,96.8
82611,345627,HOSPICE PRINCE EDWARD FOUNDATION,HOPSPICE PRINCE EDWARD,816799134,816789134,ON,ON,705031.0,3980.0,substitution,97.7
44812,362735,CHABAD OF CENTREPOINTE,Chabad of Centrepointe,831506670,083150667,ON,QC,658043.0,47829.0,insertion_deletion,100.0
307118,337725,Primate's World Relief and Development Fund,PRIMATE'S WORLD RELIEF & DEVELOPMENT FUND,866434650,866434600,ON,ON,699594.0,5693.0,substitution,100.0
307118,379393,Primate's World Relief and Development Fund,Primate's World Relief And Development Fund,866434650,866434670,ON,BC,699594.0,3104.0,substitution,100.0
74624,402450,L'Ecluse des Laurentides,ÉCLUSE DES LAURENTIDES (L'),892264490,892264990,QC,QC,700579.0,0.0,substitution,100.0
314891,328102,UNITED CHURCH OF CANADA - MISSION & SERVICE,United Church of Canada Mission and Service Fund,100102435,105102435,ON,ON,284221.0,415142.0,substitution,93.5
314697,379824,RC BISHOP OF THE DIOCESE OF CALGARY,RC Bishop of the Diocese of Calgary,107990993,107790993,AB,AB,640039.0,56284.0,substitution,100.0
44376,345872,BULLYINGCANADA INC.,BULLYINGCANADA.INC.,829917897,819917897,NB,NE,682965.0,10000.0,substitution,100.0
215998,407099,Caledon Teen Ranch,Caledon Teen Ranch,118823020,118823030,ON,,685114.0,7000.0,substitution,100.0
323198,362062,Roman Catholic Episcopal Corporation for the diocese of Toro,Roman Catholic Episcopal Corporation for the Diocese of Toro,107902590,010790259,,ON,596231.0,89541.0,insertion_deletion,100.0
307848,323022,"""Mission & Service United Church of Canada""",United Church of Canada-Mission & Service,108102343,108102345,ON,ON,428317.0,256691.0,substitution,100.0
318403,319232,MENUCHA V'SIMCHA,MENUCHA V'SIMCHA,598189060,059818906,,QC,106480.0,573114.0,insertion_deletion,100.0
45966,409318,CA-R-MA.ORG - CAT RESCUE MARITIMES,"""Ca-r-ma.org - Cat Rescue Maritimes""",835850561,835950561,NB,NS,669666.0,3865.0,substitution,100.0
175788,245991,Human Resource Systems Group Ltd.,Human Resource Systems Group Ltd.,123028466,123028446,ON,ON,368364.0,300000.0,substitution,100.0
56238,382177,FRIENDSHIP HOUSE OF BRANT INC,BRANTFORD FRIENDSHIP HOUSE,865741573,885741573,ON,ON,654655.0,950.0,substitution,91.7
309299,365591,PRESBYTERIAN CHURCH OF CANADA,The Presbyterian Church in Canada,107856614,107856610,ON,ON,625103.0,30439.0,substitution,94.5
56411,328785,GRACELAND MINISTRIES,GRACELAND MINISTRIES,866055114,866055144,NB,NS,485565.0,165962.0,substitution,100.0
373070,421949,Red River North Regional Library,Red River North Regional Library,118941940,118941941,,,450.0,650000.0,substitution,100.0
22238,358204,STRATHMORE CHURCH OF CHRIST,Srathmore Church of Christ,119200384,719200384,ON,ON,643678.0,3598.0,substitution,97.9
26543,373175,UNIVERSITE DU QUEBEC,UQ UNIVERSITÉ DU QUÉBEC,122018203,122018206,QC,QC,642204.0,1979.0,substitution,91.9
307848,317655,"""Mission & Service United Church of Canada""",UNITED CHURCH OF CANADA MISSION & SERVICE,108102343,108102543,ON,ON,428317.0,214696.0,substitution,100.0
203096,314802,The Salvation Army,SALVATION ARMY,107951518,107951818,BC,MB,564497.0,72087.0,substitution,100.0
79917,324994,YOUTH FOR CHRIST COMOX VALLEY,Comox Valley Youth for Christ,899054282,859054282,BC,BC,602149.0,34311.0,substitution,100.0
146016,288636,Organic Council of Ontario,Organic Council of Ontario,808307540,083075400,ON,ON,595765.0,38400.0,insertion_deletion,100.0
321388,418495,Roman Catholic Bishop of the Diocese of Calgary,Roman Catholic Bishop of Diocese of Calgary,707909939,709909939,AB,AB,586717.0,47430.0,substitution,100.0
44001,400056,THECRY CANADA,TheCry Canada,828372615,082837261,AB,ON,633344.0,550.0,insertion_deletion,100.0
350248,370303,Focus on the Family,FOCUS ON THE FAMILY,106848969,106846969,BC,BC,501800.0,132000.0,substitution,100.0
309802,314112,YESODEI HATORAH (zyesodei),YESODEI HATORAH (zyesodei),889143640,889153640,,,601027.0,31000.0,substitution,100.0
61505,398671,MAKE-A-WISH FOUNDATION OF QUÉBEC/LA FONDATION FAIS UN VOEU DU QUÉBEC,Make-A-Wish/Fais-Un-Voeu Quebec,876189119,876189919,QC,QC,625514.0,6350.0,substitution,100.0
17113,390823,L'OEUVRE FRANCISCAINE - LES FRANCISCAINS,L' UVRE FRANCISCAINE - LES FRANCISCAINS,119023133,119053133,QC,QC,629318.0,0.0,substitution,97.0
311132,325427,Watchtower Bible & Tract Society of Canada,WATCHTOWER BIBLE AND TRACT SOCIETY OF CANADA,011928891,119288917,,ON,472016.0,155544.0,insertion_deletion,100.0
203096,312947,The Salvation Army,THE SALVATION ARMY,107951518,107951018,BC,NS,564497.0,57892.0,substitution,100.0
100863,414395,Federation of Canadian Archers,Federation of Canadian Archers,119390821,119390851,ON,ON,619320.0,1376.0,substitution,100.0
312399,356520,Diocese of Huron,Diocese of Huron,118967720,118967727,,ON,416281.0,202265.0,substitution,100.0
313375,417990,SHEPHERD'S TRUST,Shepherd's Trust,894164897,894164697,ON,ON,595844.0,22117.0,substitution,100.0
3832,348133,First Baptist Church of Charlottetown,Charlottetown First Baptist Church,107387995,107387945,PE,PE,603399.0,3800.0,substitution,100.0
309617,312444,Lutheran Church Canada East District,Lutheran Church Canada East District,893929341,893928341,ON,ON,594119.0,9986.0,substitution,100.0
56554,309184,B.C. MISSION BOAT SOCIETY,BC Mission Boat Society,866291925,862291925,BC,BC,560212.0,36910.0,substitution,90.3
313193,326632,WEC International,WEC INTERNATIONAL,130309991,130309971,ON,ON,478729.0,118340.0,substitution,100.0
61110,419608,LOAVES & FISHES,LOAUES & FISHES,874927320,574927320,ON,ON,594096.0,1060.0,substitution,92.3
330431,356029,Theological college,THEOLOGICAL COLLEGE,039617320,039617620,ON,ON,433759.0,157927.0,substitution,100.0
207509,332833,The Corporation of Tay Valley Township,TAY VALLEY TOWNSHIP,867315699,867315669,ON,ON,589200.0,2000.0,substitution,100.0
74021,308196,CANADIAN FRIENDS OF CUBAN JEWRY,Canadian Friends of Cuban Jewry,891822249,891822299,QC,ON,576455.0,14560.0,substitution,100.0
320973,330227,B.C. CHILDRENS HOSPITAL,BC Children's Hospital,018852433,011852433,BC,BC,534400.0,52783.0,substitution,90.9
319232,333068,MENUCHA V'SIMCHA,MV MENUCHA V'SIMCHA,059818906,859818906,QC,QC,573114.0,5811.0,substitution,91.4
63959,322272,NEIGHBOURLINK VANDERHOOF,Vanderhoof NeighbourLink,886085190,886086190,BC,BC,569714.0,7118.0,substitution,100.0
137895,260176,Grand Prix Cycliste de Beauce,Grand Prix Cycliste de Beauce,102170800,102170500,QC,QC,521315.0,53000.0,substitution,100.0
16352,306947,La Fondation Mgr Gérard-Marie Coderre,Fondation Gérard Marie Coderre,119001428,119001425,QC,QC,572010.0,190.0,substitution,90.9
315407,418096,Ontario March of Dimes,Ontario March of Dimes,107883925,107883920,,ON,568614.0,100.0,substitution,100.0
314146,338385,MENNONITE CENTRAL COMMITTEE,MENNONITE CENTRAL COMMITTEE,007690855,107690855,MB,MB,101564.0,466655.0,substitution,100.0
203096,324664,The Salvation Army,Salvation Army,107951518,107951118,BC,ON,564497.0,2949.0,substitution,100.0
34779,321040,LITTLE RED CAMPING ASSOCIATION,CAMP LITTLE RED,138083266,038083266,AB,AB,565482.0,1100.0,substitution,90.9
203096,363715,The Salvation Army,SALVATION ARMY,107951518,107951418,BC,MB,564497.0,2000.0,substitution,100.0
307772,327263,RCAV,RCAV,118849700,011884970,BC,BC,384051.0,181742.0,insertion_deletion,100.0
203096,390967,The Salvation Army,The Salvation Army,107951518,107851518,BC,NS,564497.0,500.0,substitution,100.0
203096,355626,The Salvation Army,THE SALVATION ARMY,107951518,107941518,BC,MB,564497.0,400.0,substitution,100.0
203096,416645,The Salvation Army,Salvation Army,107951518,107951516,BC,BC,564497.0,101.0,substitution,100.0
76160,421127,CARA TRANSITION HOUSE INC,Care Transition House Inc.,893108779,883108779,NL,NL,562657.0,260.0,substitution,95.2
309370,309371,ROMAN CATHOLIC EPISCOPAL CORPORATION OF THE DIOCESE OF LO...,THE ROMAN CATHOLIC EPISCOPAL CORPORATION OF THE DIOCESE OF L,119109819,011910981,ON,ON,307670.0,251477.0,insertion_deletion,98.6
47184,350479,INTERNATIONAL HUMANITARIAN HOPE SOCIETY,INTERNATIONAL HUMANITARIAN HOPE SOCIETY,840670566,840670666,BC,QC,558446.0,15.0,substitution,100.0
349042,385183,AGA KHAN FOUNDATION CANADA,Age Khan Foundation Canada/Foundation Age Khan Canada,100072856,100072356,BC,ON,550000.0,7766.0,substitution,93.3
333917,354975,Roman Catholic Episcopal Corporation for the Diocese of St.C,Roman Catholic Episcopal Corporation of the Diocese of St. C,119109797,011910979,ON,ON,435210.0,122420.0,insertion_deletion,94.9
29032,396272,CHILD FIND (ONTARIO) INCORPORATED,CHILD FIND (ONTARIO) INC,130263502,120263502,ON,MB,401232.0,154644.0,substitution,100.0
66837,402895,CANADIAN WHEELCHAIR FOUNDATION / LA FONDATION DE CHAISE ROULANTE CANADA,Canadian Wheelchair Foundation,888615606,088861560,BC,ON,545073.0,200.0,insertion_deletion,100.0
12311,412318,RESSOURCES COMMUNAUTAIRES OMEGA/ OMEGA COMMUNITY RESOURCES,Omega Community Resources / Ressources Communautaires Oméga,118874502,118864502,QC,,509962.0,25000.0,substitution,100.0
42702,355182,ALPHA-1 ANTITRYPSIN DEFICIENCY CANADA INC.,Alpha-1 Antitrypsin Deficiency Canada Inc.,822647871,822647971,AB,ON,529502.0,3672.0,substitution,100.0
333917,358719,Roman Catholic Episcopal Corporation for the Diocese of St.C,Roman Catholic Episcopal Corp. for the Diocese of St.Cathari,119109797,119109790,ON,,435210.0,95845.0,substitution,93.2
99388,316336,La maison des jeunes de Longueuil Inc.,LA MAISON DES JEUNES DE LONGUEUIL INC,107588402,104588402,QC,QC,519418.0,8181.0,substitution,100.0
308527,312862,Stratford Festival,THE STRATFORD FESTIVAL,019200103,192001030,,ON,129600.0,395150.0,insertion_deletion,100.0
61884,358878,NEWARK NEIGHBOURS,Newmark Neighbours,877904458,879904458,ON,ON,510052.0,14524.0,substitution,97.1
317776,407792,National Ballet,National Ballet,119051149,119061149,ON,ON,503184.0,15000.0,substitution,100.0
90596,392119,ORGANISATION COMMUNAUTAIRE J'AIME MA VILLE,ORGANISATION COMMUNAUTAIRE J'AIME MA VILLE/ I LOVE MY CITY C,732604335,732607335,QC,QC,513757.0,104.0,substitution,100.0
56805,312175,HABITAT FOR HUMANITY ON THE BORDER LLOYDMINSTER SOCIETY,"""Habitat for Humanity Lloydminster on the Border Society Ver""",866675275,866673275,SK,AB,510588.0,650.0,substitution,95.6
124692,164518,Municipality of Grasslands,MUNICIPALITY OF GRASSLAND,810018788,810048788,MB,,412473.0,97330.0,substitution,97.8
71035,414448,VOICE OF HOPE MISSION,Voice of Hope Mission,890614340,890414340,BC,MB,505733.0,500.0,substitution,100.0
312987,328685,United Church Mission & SERVICE FUND,United Church of Canada Mission and Service Fund,108702435,108202435,ON,ON,444899.0,59936.0,substitution,90.7
308522,349351,L'église adventiste du 7ième jour - Fédération du Québec,Eglise Adventiste du 7? Jour-Federation du Quebec,010793074,018793074,QC,QC,400903.0,101387.0,substitution,93.3
311132,415208,Watchtower Bible & Tract Society of Canada,WATCHTOWER BIBLE AND TRACT SOCIETY OF CANADA,011928891,119288912,,ON,472016.0,23532.0,insertion_deletion,100.0
45307,385953,ONEXONE FOUNDATION/FONDATION ONEXONE,ONEXONE FOUNDATION/FONDATION ONEXONE,833411473,083341147,NS,QC,487546.0,3000.0,insertion_deletion,100.0
311187,395634,Riverside Congregation of Jehovah's Witnesses,Riverside Congregation of Jehovah's Witnesses,746925976,746925906,ON,ON,489315.0,732.0,substitution,100.0
32280,424141,VOLUNTEER INTERNATIONAL CHRISTIAN SERVICE OF THE HOLY GHOST,VOLUNTEER INTERNATIONAL CHRISTIAN SERVICE OF THE HOLY GHOST,132700857,132770857,ON,AB,484610.0,431.0,substitution,100.0
21525,331820,STE. LOUISE OUTREACH CENTRE OF PEEL,ST LOUISE OUTREACH CENTRE OF PEEL,119172856,011917285,ON,ON,484309.0,250.0,insertion_deletion,98.4
263330,267085,Jean-François Rochefort inc.,Jean-François Rochefort inc.,861157466,831157466,QC,QC,180572.0,300000.0,substitution,100.0
311132,359439,Watchtower Bible & Tract Society of Canada,WATCHTOWER BIBLE & TRACT SOCIETY OF CANADA,011928891,119288911,,ON,472016.0,4765.0,insertion_deletion,100.0
312399,392952,Diocese of Huron,Diocese of Huron,118967720,011896772,,ON,416281.0,59834.0,insertion_deletion,100.0
306290,307894,Apostolic Church of Pentecost,Apostolic Church of Pentecost,186718661,018671866,AB,AB,460741.0,12516.0,insertion_deletion,100.0
359869,373414,Yeshiva Gedola of Montreal,Yeshiva Gedola of Montreal,010822517,108225177,QC,QC,223986.0,247534.0,insertion_deletion,100.0
328102,414251,United Church of Canada Mission and Service Fund,United Church of Canada Mission of Service Fund.,105102435,105103435,ON,ON,415142.0,53481.0,substitution,100.0
57073,392217,CHEDER RAMBAM-MAIMONIDES LEARNING CENTRE,CHEDER RAMBAM-MAIMONIDES LEARNING CENTRE,867075038,867065038,ON,QC,468046.0,366.0,substitution,100.0
79977,323349,ECUMENICAL CAMPUS MINISTRY,ECUMENICAL CAMPUS MINISTRY,899169494,889169494,AB,ON,426817.0,41250.0,substitution,100.0
312833,367776,Diocese of Qu'Appelle,Teachers of the Faith Parish/Diocese of Qu'Appelle,011920823,119208230,SK,SK,447702.0,19239.0,insertion_deletion,100.0
312965,356316,NIGHTLIGHT,NIGHTLIGHT,802479436,802479136,ON,ON,463144.0,574.0,substitution,100.0
86319,385885,WALKERTON & DISTRICT FOOD BANK,WACKERTON & DISTRICT FOOD BANK,873517874,873517854,ON,ON,448099.0,15066.0,substitution,96.4
101402,351478,Athletics New Brunswick Inc./Athletisme Nouveau-Brunswick Inc.,Athletics New Brunswick,891341844,891341884,NB,NB,374053.0,87900.0,substitution,100.0
326923,331323,Canadian Red Cross,Canadian Red Cross,019219814,192198140,MB,ON,11565.0,449350.0,insertion_deletion,100.0
3258,318718,L'Entraide missionnaire,Entraide Missionnaire,107306086,107306286,QC,,456407.0,1100.0,substitution,95.5
322733,325427,WATCHTOWER BIBLE AND TRACT SOCIETY OF CANADA,WATCHTOWER BIBLE AND TRACT SOCIETY OF CANADA,119288919,119288917,ON,ON,301888.0,155544.0,substitution,100.0
3258,407382,L'Entraide missionnaire,Entraide Missionnaire,107306086,107306085,QC,QC,456407.0,0.0,substitution,95.5
99171,302264,Le Salon du livre de la Péninsule acadienne inc.,Salon du livre de la Péninsule acadienne,858075765,852075765,NB,NB,214874.0,240100.0,substitution,100.0
310242,318672,UNITED CHURCH OF CANADA MISSION AND SERVICE FUND,United Church of Canada - Mission and Service Fund,108102433,108102438,ON,ON,243044.0,211856.0,substitution,100.0
312434,351960,UNITED CHURCH OF CANADA MISSION - SERVICE,MISSION AND SERVICE FUND-UNITED CHURCH OF CANADA,118102435,158102435,ON,ON,86498.0,367245.0,substitution,93.5
309840,362658,Camp Oochigeas,Camp Oochigeas,131160220,013116022,ON,ON,343648.0,110000.0,insertion_deletion,100.0
312987,360899,United Church Mission & SERVICE FUND,United Church Mission & Service Fund,108702435,010870243,ON,ON,444899.0,8260.0,insertion_deletion,100.0
331323,365277,Canadian Red Cross,Canadian Red Cross,192198140,719219814,ON,ON,449350.0,1000.0,insertion_deletion,100.0
319003,419435,Jewish National Fund of Canada,Jewish National Fund of Canada,107834877,107234877,QC,BC,447914.0,1800.0,substitution,100.0
70365,339985,MARANATHA MISSIONARY SOCIETY,MARANATHA MISSIONARY SOCIETY,890324775,890324774,AB,MB,305172.0,141688.0,substitution,100.0
309429,312987,United Church of Canada Mission & Service Fund,United Church Mission & SERVICE FUND,108782435,108702435,ON,ON,994.0,444899.0,substitution,90.7
320745,323181,The Presbyterian Church in Canada,PRESBYTERIAN CHURCH IN CANADA,107856618,107856617,ON,ON,148586.0,293204.0,substitution,100.0
307075,328685,UNITED CHURCH OF CANADA MISSION AND SERVICE,United Church of Canada Mission and Service Fund,108602435,108202435,,ON,380033.0,59936.0,substitution,93.5
45056,318323,PRAIRIE SKY EQUINE ASSISTED THERAPY ASSOCIATION,Priairie Sky Equine Assisted Therapy Association,832465686,835465686,AB,AB,429687.0,10000.0,substitution,98.6
311376,369707,Anglican Network in Canada,ANGLICAN NETWORK IN CANADA,891091981,881091981,ON,ON,346988.0,86744.0,substitution,100.0
313659,362451,Church of the Lutheran Brethren in Canada,Church of the Lutheran Brethren in Canada,891086175,891066175,SK,SK,196176.0,233673.0,substitution,100.0
307660,362196,Mission & Service Fund,Mission & Service Fund,101102435,106102435,ON,ON,418585.0,7185.0,substitution,100.0
328102,358852,United Church of Canada Mission and Service Fund,United Church of Canada-Mission & Service,105102435,107102435,ON,ON,415142.0,1740.0,substitution,93.5
328685,336551,United Church of Canada Mission and Service Fund,The United Church of Canada- Mission & Service,108202435,108002435,ON,ON,59936.0,355460.0,substitution,93.5
56667,309806,CARE & SHARE SASKATOON INC.,Saskatoon Care & Share,866477763,866471763,SK,SK,408841.0,2000.0,substitution,100.0
64280,397398,INTERNATIONAL COORDINATED CHRISTIAN MINISTRIE,International Coordinated Christian Ministries,886412998,886412988,ON,BC,401852.0,8354.0,substitution,98.9
315642,422224,Diocese of Nova Scotia & Prince Edward Island,Nglican Diocese of Nova Scotia & Prince Edward Island,022341340,002341340,NS,NS,393987.0,11850.0,substitution,90.9
330761,376077,St Michaels Hospital,ST MICHAEL'S HOSPITAL,122963363,122963563,ON,ON,396864.0,5590.0,substitution,97.6
64167,418922,PRO-JEUNE-EST,FONDATION PHO JEUNE-EST,886301357,816301357,QC,,400966.0,600.0,substitution,92.3
323181,360200,PRESBYTERIAN CHURCH IN CANADA,Presbyterian Church in Canada,107856617,107856612,ON,ON,293204.0,108362.0,substitution,100.0
307075,405145,UNITED CHURCH OF CANADA MISSION AND SERVICE,UNITED CHURCH OF CANADA MISSION & SERVICE,108602435,108402435,,ON,380033.0,18750.0,substitution,100.0
58878,321293,ARCTIC MISSION OUTREACH TRUST FUND,Artic Missions Outreach Trust Fund,870076031,870075031,ON,ON,375841.0,22000.0,substitution,96.4
49877,389093,BARRIE OUT OF THE COLD,Out of the Cold Barrie,850640947,850641947,ON,,394695.0,1000.0,substitution,100.0
313747,313748,Diocese of Alexandria-Cornwall,RCEC Alexandria/Cornwall Diocese,011912278,011922278,ON,ON,393859.0,1212.0,substitution,91.5
81296,397948,The Graham and Ruby DeLaet Foundation,THE GRAHAM AND RUBY DELAET FOUNDATION,830931978,890931978,ID,ON,389634.0,5000.0,substitution,100.0
306401,347256,Samaritan's Purse,SAMARATAN'S PURSE,119738527,119038527,AB,AB,377990.0,6839.0,substitution,94.1
175269,255888,Atrexis Systems Ltd.,ATREXIS SYSTEMS LTD.,834479667,834479677,BC,BC,326400.0,56070.0,substitution,100.0
307075,421438,UNITED CHURCH OF CANADA MISSION AND SERVICE,UNITED CHURCH OF CANADA MISSION & SERVICE,108602435,108602455,,,380033.0,961.0,substitution,100.0
312866,320392,Classis Hamilton,Classis Hamilton,083010826,830108260,,,354836.0,26017.0,insertion_deletion,100.0
306401,344135,Samaritan's Purse,SAMARITANS PURSE,119738527,119728527,AB,AB,377990.0,2000.0,substitution,90.9
318511,347256,Samaritan's Purse,SAMARATAN'S PURSE,119238527,119038527,AB,AB,370942.0,6839.0,substitution,94.1
185763,245981,Anandia Laboratories Inc.,Anandia Laboratories Inc.,829383834,829383835,BC,BC,350000.0,25500.0,substitution,100.0
313093,351006,ASSOCIATION OF BAPTISTS FOR WORLD EVANGELISM,ABWE (Association of Baptist for World Evangelism),081550558,815505580,ON,ON,371723.0,2500.0,insertion_deletion,90.3
336551,405145,The United Church of Canada- Mission & Service,UNITED CHURCH OF CANADA MISSION & SERVICE,108002435,108402435,ON,ON,355460.0,18750.0,substitution,100.0
309054,403093,BC CHILDREN'S HOSPITAL FOUNDATION,BC CHILDREN'S HOSPITAL,011885243,118852431,BC,BC,372836.0,750.0,insertion_deletion,100.0
286708,288578,Portuguese Cheese Company Limited,Portuguese Cheese Company Ltd.,104272669,104273669,ON,ON,270500.0,100000.0,substitution,100.0
43252,395210,LEDUC HUB ASSOCIATION,LEDEUC HUB ASSOCIATION,825163611,828163611,AB,AB,362414.0,2415.0,substitution,94.7
308239,320056,MARITIME DISTRICT (PAOC,PAOC MARITIME DISTRICT,119033291,119033297,NS,NS,200562.0,163778.0,substitution,100.0
131306,361100,The Canadian Red Cross Society,The Canadian Red Cross Soc,119219841,011921984,BC,ON,339392.0,9500.0,insertion_deletion,90.0
306196,350864,World Vision,World Vision,119304355,119309355,ON,ON,343660.0,2236.0,substitution,100.0
306196,341057,World Vision,WORLD VISION,119304355,119304655,ON,ON,343660.0,1464.0,substitution,100.0
56627,311966,NORTHERN B.C. FRIENDS OF CHILDREN SOCIETY,"""Nothern BC Friends of Children",866418791,886418791,BC,Cranbrook,332051.0,12500.0,substitution,96.4
307730,375021,MISSION AVIATION FELLOWSHIP,MISSION AVIATION FELLOWSHIP,012994256,129942564,ON,ON,173212.0,169000.0,insertion_deletion,100.0
131306,352322,The Canadian Red Cross Society,Canadian Red Cross,119219841,119219811,BC,AB,339392.0,970.0,substitution,100.0
131306,407696,The Canadian Red Cross Society,CANADIAN RED CROSS SOCIETY,119219841,119219881,BC,ON,339392.0,45.0,substitution,100.0
323181,392795,PRESBYTERIAN CHURCH IN CANADA,Ther Presbyterian Church in Canada,107856617,107856611,ON,ON,293204.0,44648.0,substitution,92.1
52982,322288,KIDS FOR KIDS PROMOTING EDUCATION SOCIETY,Kids 4 Kids Promoting Education,859410151,085941015,BC,BC,306684.0,31098.0,insertion_deletion,90.6
322733,387713,WATCHTOWER BIBLE AND TRACT SOCIETY OF CANADA,WATCHTOWER BIBLE AND TRACT SOCIETY OF CANAADA,119288919,119288819,ON,ON,301888.0,34827.0,substitution,98.3
309572,313231,The Presbyterian Church in Canada,THE PRESBYTERIAN CHURCH IN CANADA,107956619,107356619,ON,ON,189016.0,147039.0,substitution,100.0
71740,346039,BC FAMILYCARE FOUNDATION O/A WOMANCARE,WomanCare (BC FamilyCare Foundation),890847064,890947064,BC,BC,335402.0,25.0,substitution,92.0
131884,281248,SWAT SYNERGY WELLNESS ATTITUDE TRAINING INC.,SWAT SYNERGY WELLNESS ATTITUDE TRAINING INC.,800579338,800578338,ON,ON,320000.0,15000.0,substitution,100.0
87943,351710,TREY TRAUMA RECOVERY FOR EXPLOITED YOUTH SOCIETY,TRAUMA RECOVERY FOR EXPLOITED YOUTH,806051769,806051969,NS,NS,332647.0,1450.0,substitution,93.3
306786,366874,Teen Challenge Inc.,Teen Challenge,010806663,108066638,ON,ON,323780.0,10000.0,insertion_deletion,100.0
306786,341255,Teen Challenge Inc.,TEEN CHALLENGE,010806663,010806666,ON,ON,323780.0,8972.0,substitution,100.0
64278,310185,ANGLICAN MISSIONS SERVICE COMMITTEE,AMSC (Anglican Mission Service Committee),886412196,886412194,ON,ON,330542.0,1000.0,substitution,91.9
362817,364129,UNITED JEWISH WELFARE FUND OF TORONTO,United Jewish Welfare Fund of Toronto,010815579,108155792,ON,ON,203950.0,125000.0,insertion_deletion,100.0
309982,315665,CANAMERA BAPTIST MISSIONS INTERNATIONAL,CANAMERA BAPTIST MISSIONS INTERNATIONAL,191736928,161736928,MB,MB,298865.0,29850.0,substitution,100.0
154748,377003,Town of Watson,Town of Watson,108130949,106130949,SK,SK,306703.0,20500.0,substitution,100.0
306786,355606,Teen Challenge Inc.,TEEN CHALLENGE,010806663,108066633,ON,ON,323780.0,3000.0,insertion_deletion,100.0
306786,327008,Teen Challenge Inc.,TEEN CHALLENGE,010806663,108066631,ON,SK,323780.0,2980.0,insertion_deletion,100.0
322733,415208,WATCHTOWER BIBLE AND TRACT SOCIETY OF CANADA,WATCHTOWER BIBLE AND TRACT SOCIETY OF CANADA,119288919,119288912,ON,ON,301888.0,23532.0,substitution,100.0
35537,410217,WINGS AVIAN REHABILITATION CENTRE,Avian Rehabilitation Centre,139997092,199997092,ON,ON,324672.0,325.0,substitution,90.0
306786,389352,Teen Challenge Inc.,TEEN CHANLLENGE INC.,010806663,110806663,ON,ON,323780.0,650.0,substitution,96.6
308742,341185,Covenant House,Eovenant House,106690195,106490195,,,321988.0,2000.0,substitution,92.9
323181,365591,PRESBYTERIAN CHURCH IN CANADA,The Presbyterian Church in Canada,107856617,107856610,ON,ON,293204.0,30439.0,substitution,100.0
56472,364937,Fondation des clubs Lions du Québec,Fondation Clubs Lions du Québec,866175383,086617538,QC,QC,320406.0,2950.0,insertion_deletion,90.0
347371,406496,The Bunswick Street Mission,The Brunswick Street Mission 8,839085321,039085321,NS,,320777.0,100.0,substitution,93.9
316579,323181,THE PRESBYTERIAN CHURCH IN CANADA,PRESBYTERIAN CHURCH IN CANADA,107866617,107856617,ON,ON,24346.0,293204.0,substitution,100.0
193587,371095,Société canadienne du cancer,Société Canadienne du Cancer,118829403,118829407,QC,,316360.0,460.0,substitution,100.0
27227,326907,THE KIWANIS CLUB OF STRATFORD CHARITABLE FOUNDATION,KIWANIS CLUB OF STRATFORD/CJCS BASKET FUND,125753194,125753193,ON,ON,315320.0,1000.0,substitution,100.0
30912,367642,Canadian Fellowship of Churches and Ministers Inc.,Canadian Fellowship of Churches and Ministers,131805301,131805401,ON,SK,314620.0,1300.0,substitution,100.0
307570,318209,Anglican Diocese of New Westminster,ANGLICAN DIOCESE OF NEW WESTMINSTER,188061466,118061466,BC,BC,257644.0,58008.0,substitution,100.0
30912,354533,Canadian Fellowship of Churches and Ministers Inc.,CANADIAN FELLOWSHIP OF CHURCHES & MINISTRIES,131805301,131505301,ON,SK,314620.0,925.0,substitution,96.1
321149,356004,OMF INTERNATIONAL CANADA,OMF International Canada,107808790,107808490,ON,ON,313100.0,2200.0,substitution,100.0
373256,419610,Mt. St.Joseph Foundation,MT. ST. JOSEPH FOUNDATION,125136927,125636927,SK,SK,215000.0,100000.0,substitution,100.0
344330,359698,The Diocese of Kootenay,DIOCESE OF KOOTENAY,129144597,129144547,BC,BC,284174.0,27465.0,substitution,100.0
309526,326044,GREAT COMMISSION FOUNDATION,The Great Commission Foundation,589928483,889928483,AB,AB,257758.0,50000.0,substitution,100.0
322733,359439,WATCHTOWER BIBLE AND TRACT SOCIETY OF CANADA,WATCHTOWER BIBLE & TRACT SOCIETY OF CANADA,119288919,119288911,ON,ON,301888.0,4765.0,substitution,100.0
17810,324199,ST-FRANCIS XAVIER MISSION,MISSION ST-FRANCOIS-XAVIER,119043339,119013339,QC,QC,303111.0,3500.0,substitution,98.0
308861,311969,La corporation épiscopale C.R. de Saint-Hyacinthe,LA CORPORATION ÉPISCOPALE C.R. DE SAINT-HYACINTHE,132502474,132503474,QC,QC,29286.0,275859.0,substitution,100.0
322733,334884,WATCHTOWER BIBLE AND TRACT SOCIETY OF CANADA,Watchtower Bible and Tract Society of Canada,119288919,119288119,ON,ON,301888.0,3050.0,substitution,100.0
40464,415415,THE KALEIN HOSPICE CENTRE SOCIETY,Kalien Hospice Centre,811315464,811315764,BC,BC,292089.0,10000.0,substitution,95.2
309572,323289,The Presbyterian Church in Canada,THE PRESBYTERIAN CHURCH IN CANADA,107956619,107056619,ON,ON,189016.0,111295.0,substitution,100.0
175136,200380,Foraco Canada Ltd.,Foraco Canada Ltd.,946999761,846999761,ON,ON,160000.0,140000.0,substitution,100.0
42553,346734,COBALT COLEMAN LATCHFORD AND AREA FOOD BANK,Cabolt Coleman Latchford & Area Food Bank,821933876,821933076,ON,ON,266199.0,32776.0,substitution,94.9
315576,339983,WESTERN ONTARIO DISTRICT PAOC,WESTERN ONTARIO DISTRICT OF THE PAOC,119243447,119343447,ON,ON,265136.0,32326.0,substitution,100.0
323194,377604,Roman Catholic Episcopal Corporation for the Diocese of Toro,Roman Catholic Episcopal Corporation for the Diocese of Toro,107910269,107910279,ON,ON,72752.0,220684.0,substitution,100.0
307533,317739,FEB Central,FEB Central,567721542,867721542,ON,ON,161420.0,129903.0,substitution,100.0
308265,404386,DIOCÈSE DE QUÉBEC,DIOCESE DE QUÉBEC,823232343,823235343,,,286315.0,5000.0,substitution,100.0
33506,345696,LIFELINE OUTREACH SOCIETY,Lifeline Outreach Society,134899236,134899296,BC,NC,290476.0,350.0,substitution,100.0
309854,320943,Presbyterian Church in Caada,PRESBYTERIAN CHURCH IN CANADA,107856669,107856661,ON,ON,137124.0,152350.0,substitution,98.2
310242,359620,UNITED CHURCH OF CANADA MISSION AND SERVICE FUND,United Church of Canada Mission and Service Fund,108102433,108102431,ON,ON,243044.0,45608.0,substitution,100.0
50122,324914,A PORT IN THE STORM INC.,PORT IN A STORM,851412833,851412835,MB,MB,281232.0,5510.0,substitution,100.0
314891,358852,UNITED CHURCH OF CANADA - MISSION & SERVICE,United Church of Canada-Mission & Service,100102435,107102435,ON,ON,284221.0,1740.0,substitution,100.0
318479,396379,North American Baptist Conference,North American Baptist Conferences,010779761,070779761,ON,CA,284730.0,801.0,substitution,98.5
77449,416484,EQUIPPING THE SAINTS INC,EQUIPPING THE SAINTS/LOVE WINNIPEG,894462571,894462581,MB,MB,282101.0,1036.0,substitution,100.0
38983,419420,ISLAMIC SOCIETY OF AJAX,Isalmic Society of Ajax,803768258,808768258,ON,ON,274335.0,6200.0,substitution,91.7
330737,414306,CANADIAN REFORMED THEOLOGICAL COLLEGE,CANADIAN REFORMED THEOLOGICAL COLLEGE,119448458,119448958,ON,ON,230000.0,50000.0,substitution,100.0
309203,394560,Tabernacle United Baptist Church,Tabarnacle United Baptist Church,131769473,131769474,,NB,276783.0,2672.0,substitution,96.9
309669,357593,Salvation Army,SALVATION ARMY,109951618,108951618,SK,ON,93477.0,182900.0,substitution,100.0
152737,261239,Battelec Inc.,Battelec Inc.,100418525,100418425,QC,QC,150000.0,126000.0,substitution,100.0
81543,306471,BEACON BAPTIST CHURCH INC.,'...' BEACON BAPTIST CHURCH,839748431,829748431,AB,PE,265105.0,7785.0,substitution,100.0
377604,396408,Roman Catholic Episcopal Corporation for the Diocese of Toro,ROMAN CATHOLIC EPISCOPAL CORPORATION FOR THE DIOCESE OF TORO,107910279,107910249,ON,ON,220684.0,51986.0,substitution,100.0
315262,374986,JUVENILE DIABETES RESEARCH,Juvenile Diabetes Research Foundation,113976604,116976604,ON,,270505.0,2000.0,substitution,100.0
340244,349361,Canadian Cancer Society of NS,Canadian Cancer Society,118829603,118829203,NS,MB,268581.0,3125.0,substitution,90.9
310242,379868,UNITED CHURCH OF CANADA MISSION AND SERVICE FUND,UNITED CHURCH OF CANADA- MISSION & SERVICE FUND,108102433,108102483,ON,ON,243044.0,28118.0,substitution,100.0
187169,407314,Project Ploughshares,Project Ploughshares,118830312,118830412,ON,ON,267800.0,2775.0,substitution,100.0
323022,418578,United Church of Canada-Mission & Service,UNITED CHURCH OF CANADA MISSION AND SERVICE FUN,108102345,108102245,ON,ON,256691.0,13861.0,substitution,94.7
340244,369871,Canadian Cancer Society of NS,Canadian Cancer Society,118829603,118829703,NS,ON,268581.0,1000.0,substitution,90.9
340244,393409,Canadian Cancer Society of NS,CANADIAN CANCER SOCIETY,118829603,118829503,NS,SK,268581.0,663.0,substitution,90.9
340244,340676,Canadian Cancer Society of NS,Canadian Cancer Society,118829603,118822603,NS,ON,268581.0,200.0,substitution,90.9
54889,319695,ONTRACK INSTITUTE OF CHRISTIAN LEADERSHIP (CANADA),On Track Institute of Christian Leadership,863314282,863317282,BC,BC,268001.0,700.0,substitution,90.5
271509,334123,Canadian Red Cross,CANADIAN RED CROSS,119219614,119219414,MB,ON,266477.0,20.0,substitution,100.0
307534,318809,United Church of Canada - Mission and Service Fund,UNITED CHURCH OF CANADA MISSION AND SERVICE FUND,108210243,108110243,ON,ON,194483.0,69089.0,substitution,100.0
356520,392952,Diocese of Huron,Diocese of Huron,118967727,011896772,ON,ON,202265.0,59834.0,insertion_deletion,100.0
314102,372274,ARCHDIOCESE OF EDMONTON,Archdiocese of Edmonton,010875904,108759040,AB,AB,261306.0,500.0,insertion_deletion,100.0
286429,377570,House of Lazarus,HOUSE OF LAZURUS,134650309,136650309,ON,ON,225408.0,36300.0,substitution,92.3
327292,420456,Diocese of Ontario,Diocese of Ontario,101505042,106505042,ON,ON,253194.0,8185.0,substitution,100.0
183919,349593,District of Clearwater,DISTRICT OF CLEARWATER,106933864,106936864,BC,BC,247039.0,14000.0,substitution,100.0
309427,333541,Village Missions,Village Missions,000886642,008866427,BC,BC,230944.0,27598.0,insertion_deletion,100.0
313231,323289,THE PRESBYTERIAN CHURCH IN CANADA,THE PRESBYTERIAN CHURCH IN CANADA,107356619,107056619,ON,ON,147039.0,111295.0,substitution,100.0
318672,359620,United Church of Canada - Mission and Service Fund,United Church of Canada Mission and Service Fund,108102438,108102431,ON,ON,211856.0,45608.0,substitution,100.0
320745,360200,The Presbyterian Church in Canada,Presbyterian Church in Canada,107856618,107856612,ON,ON,148586.0,108362.0,substitution,100.0
319696,355524,United Church of Canada Mission & Service,Mission and Service Fund of The United Church of Canada,108103435,108105435,ON,ON,196644.0,59528.0,substitution,93.5
316991,355367,PRESBYTERIAN CHURCH IN CANADA,The Presbyterian Church In Canada,107866619,107896619,ON,ON,87993.0,167957.0,substitution,100.0
319696,320986,United Church of Canada Mission & Service,The United Church of Canada Mission & Services,108103435,108107435,ON,ON,196644.0,58715.0,substitution,98.6
340892,394093,HABITAT FOR HUMANITY,HABITAT FOR HUMANITY,133824268,133824468,ON,ON,4500.0,250000.0,substitution,100.0
313526,406534,ANGLICAN DIOCESE OF OTTAWA,Anglican Diocese of Ottawa,010808465,108084653,ON,ON,155074.0,98319.0,insertion_deletion,100.0
11228,346677,L'ABC de la Famille,ABC DE LA FAMILLE,118839695,118839692,QC,QC,222381.0,30000.0,substitution,91.7
33282,396511,SOCIETY FOR THE TREATMENT OF AUTISM,Soc Treatment of Autism,134415256,134414256,NS,,250694.0,204.0,substitution,90.0
319696,414251,United Church of Canada Mission & Service,United Church of Canada Mission of Service Fund.,108103435,105103435,ON,ON,196644.0,53481.0,substitution,93.5
400679,421261,Environmental Defense,ENVIRONMENTAL DEFENCE,111883085,118830855,ON,ON,230000.0,20000.0,insertion_deletion,95.2
350952,350953,Christian & Missionary Alliance,Christian & Missionary Alliance,133003859,133003559,,,244636.0,3600.0,substitution,100.0
34381,322038,Hasassah-Wizo Canada Foundation,Hadassah-Wizo Organization Of Canada,136913936,136919936,ON,QC,118481.0,129602.0,substitution,95.0
350952,350954,Christian & Missionary Alliance,CHRISTIAN & MISSIONARY ALLIANCE,133003859,133003809,,,244636.0,2400.0,substitution,100.0
350952,355691,Christian & Missionary Alliance,CHRISTIAN AND MISSIONARY ALLIANCE,133003859,133083859,,ON,244636.0,2250.0,substitution,100.0
41891,334314,Sjogren's Society of Canada,Sjorgen's Society of Canada,818588956,818588959,ON,ON,246098.0,25.0,substitution,93.8
45437,304439,K O ARTS CENTRE SOCIETY OF CALGARY,KO Arts Centre Society of Calgary,833914955,833914555,AB,AB,220384.0,24300.0,substitution,97.8
308430,331685,CREDIT COUNSELLING SERVICE OF SAULT STE. MARIE AND DISTRICT,CREDIT COUNSELLING SERVICE OF SAULT STE MARIE AND DISTRICT,131160442,131160642,,,229446.0,15000.0,substitution,100.0
153769,354583,Town of Sedgewick,Town of Sedgewick,108129651,010812965,AB,AB,231869.0,10000.0,insertion_deletion,100.0
319727,414768,APOSTOLIC CHURCH OF PENTECOST,Apostolic Church of Pentecost,106718664,106718660,AB,AB,241117.0,700.0,substitution,100.0
100835,321665,Société Cascapedia Society Inc.,Cascapedia Societe Inc,122939184,112939184,QC,QC,226578.0,13300.0,substitution,100.0
17304,317035,ARCHE MAURICIE INC.,L'Arche Mauricie inc.,119028546,119028540,QC,,198451.0,40940.0,substitution,93.3
308599,358584,Youth Haven,Youth Haven,113328757,013328757,ON,ON,235972.0,100.0,substitution,100.0
345765,415654,Anglican Network in Canada,Anglican Network in Canada,086109181,086109981,BC,"""",235186.0,0.0,substitution,100.0
214908,249748,The Sansin Corporation,The Sansin Corporation,830564076,830564079,ON,ON,13323.0,221800.0,substitution,100.0
307049,409393,M2W2,M2W2,107758054,107758064,BC,BC,233214.0,1000.0,substitution,100.0
373084,380189,University of Calgary,UNIVERSITY OF CALGARY,108102684,108102884,AB,AB,143466.0,90000.0,substitution,100.0
317009,349678,DÉVELOPPEMENT ET PAIX,Développement et Paix,111929902,111829902,QC,QC,227133.0,4778.0,substitution,100.0
116550,230727,CMP AUTOMOTIVE LIMITED,CMP AUTOMOTIVE LIMITED,850349408,850379408,AB,AB,225000.0,5000.0,substitution,100.0
306350,331928,MISSION & SERVICE,Missions & Services,108102455,108103455,ON,,224381.0,3976.0,substitution,93.8
317717,333008,Multiple Sclerosis Society,Multiple Sclerosis,889687646,889687696,,ON,218187.0,7296.0,substitution,100.0
311706,349753,MS Society of Canada,MS SOCIETY OF CANADA,107745174,107749174,,MB,224774.0,240.0,substitution,100.0
360223,372912,United Church of Canada Mission Service,Mission & Service Fund - United Church of Canada,010810245,001081024,ON,,47411.0,176983.0,insertion_deletion,93.5
312434,316926,UNITED CHURCH OF CANADA MISSION - SERVICE,UNITED CHURCH OF CAN. MISSION & SERVICE,118102435,018102435,ON,ON,86498.0,137574.0,substitution,95.7
57694,386606,THE SONSHINE LUNCH CLUB,Sunshine Lunch Club,868114133,898114133,BC,BC,221703.0,1595.0,substitution,94.7
307191,357509,Free Hebrew for Juniors,FREE HEBREW FOR JUNIORS,118911534,118951534,,,222888.0,200.0,substitution,100.0
307191,388078,Free Hebrew for Juniors,FREE HEBREW FOR JUNIORS,118911534,118941534,,,222888.0,180.0,substitution,100.0
59486,340896,GEORGIAN NATIVE & OUTREACH MINISTRIES,GEORGIAN NATIVE AND OUTREACH MINISTRIES,871215661,871215561,AB,ON,215178.0,7327.0,substitution,100.0
320943,328071,PRESBYTERIAN CHURCH IN CANADA,PRESBYTERIAN CHURCH OF CANADA,107856661,107856691,ON,ON,152350.0,70089.0,substitution,94.5
319179,354803,National Spiritual Assembly of the Bahais of Canada,National Spiritual Assembly of Bahà'is of Canada,119050144,119059144,ON,ON,207646.0,11135.0,substitution,94.0
308764,315247,Bruyere Foundation,BRUYERE FOUNDATION INC,888460442,088846044,,ON,199709.0,18730.0,insertion_deletion,100.0
34737,415848,CANADIAN MENTAL HEALTH ASSOCIATION SHUSWAP/REVELSTOKE BRANCH,Canadian mental health assn Shuswap/resortock br,137973129,137973179,BC,BC,218028.0,200.0,substitution,92.3
142920,415294,Loisirs St-rodrigue inc.,Loisirs St-Rodrigue,103375853,103375953,QC,,214088.0,1574.0,substitution,100.0
41088,317154,Christ The Teacher Roman Catholic Separate School Division No 212,CHRIST THE TEACHER ROMAN CATHOLIC SEPERATE SCHOOL DIVSION...,814740072,814740082,SK,SK,199569.0,15676.0,substitution,91.2
47975,418724,THE DIAPER BANK OF TORONTO,"""Diaper Bank of Toronto",843760331,643760331,ON,Toronto,213569.0,0.0,substitution,100.0
330657,415049,Christian Aid Ministries,Christian Aid Ministries,032219494,002219494,ON,ON,194522.0,17240.0,substitution,100.0
353050,354645,TORONTO GENERAL & WESTERN HOSPITAL FOUNDATION,TORONTO GENERAL & WESTERN HOSPITAL FDN.,123864058,123864088,,ON,110000.0,100000.0,substitution,94.1
37258,343557,Cedarvale Congregation of Jehovah's Witnesses Toronto Ontario,TORONTO CEDARVALE CONGREGATION OF JEHOVAH'S WITNESSES,747534881,747544881,ON,ON,207388.0,1975.0,substitution,92.6
312991,382642,Salvation Army,The Salvation Army,107981618,107931618,BC,YT,206947.0,1225.0,substitution,100.0
313571,362167,Tamil United Church Mission,Tamil United Church Mission,080392710,803927100,ON,ON,200735.0,6250.0,insertion_deletion,100.0
319696,367013,United Church of Canada Mission & Service,MISSION & SERVICE OF THE UNITED CHURCH OF CANADA,108103435,108108435,ON,ON,196644.0,9600.0,substitution,100.0
316673,329103,Wycliffe Bible Translators,WYCLIFFE BIBLE TRANSLATORS,010822371,108223710,AB,AB,179631.0,25240.0,insertion_deletion,100.0
323204,356520,Diocese of Huron,Diocese of Huron,115967727,118967727,ON,ON,2400.0,202265.0,substitution,100.0
267496,330669,The Salvation Army,The Salvation Army,107951816,107951616,AB,ON,130229.0,73448.0,substitution,100.0
308231,313255,AVANT MINISTRIES,AVANT MINISTRIES,118942561,011894256,MB,MB,195546.0,7775.0,insertion_deletion,100.0
79830,365432,CLARICO PLACE OF YORK REGION INC.,CLAMCO PLACE OF YORK REGION INC,898931126,898331126,ON,ON,188149.0,15000.0,substitution,93.9
267496,314802,The Salvation Army,SALVATION ARMY,107951816,107951818,AB,MB,130229.0,72087.0,substitution,100.0
328891,330171,Municipality of Chelsea,Municipality of Chelsea,011069857,001069857,,QC,153770.0,46580.0,substitution,100.0
307692,409134,The Refuge,THE REFUGE,898941406,898941496,ON,ON,198087.0,2190.0,substitution,100.0
128335,341068,Municipality of Pembina,Municipality of Pembina,128702859,128703859,MB,,175555.0,24500.0,substitution,100.0
101326,379877,Navigators,The Navigators,001080898,010808987,ON,ON,106204.0,93850.0,insertion_deletion,100.0
318455,322097,Canadian Red Cross,CANADIAN RED CROSS SOCIETY,119218814,119218914,SK,SK,41106.0,158552.0,substitution,100.0
214225,246104,Launchfire Interactive Inc.,Launchfire Interactive Inc.,897086114,897085114,ON,ON,120000.0,78450.0,substitution,100.0
1351,397754,PRAIRIE PARTNERS INC.,PRARIE PARTNERS INC.,106731888,106732888,MB,MB,193353.0,4655.0,substitution,96.8
320943,392795,PRESBYTERIAN CHURCH IN CANADA,Ther Presbyterian Church in Canada,107856661,107856611,ON,ON,152350.0,44648.0,substitution,92.1
320379,390567,CEGEP HERITAGE COLLEGE,CEGEP Heritage College Foundation,817779244,817779224,,QC,170000.0,25000.0,substitution,100.0
1584,390563,BIBLE BAPTIST CHURCH OF LOON LAKE,Loon Lake Bible Baptist Church,106792070,103792070,SK,SK,193541.0,300.0,substitution,100.0
320745,392795,The Presbyterian Church in Canada,Ther Presbyterian Church in Canada,107856618,107856611,ON,ON,148586.0,44648.0,substitution,92.1
309572,370122,The Presbyterian Church in Canada,PRESBYTERIAN CHURCH OF CANADA,107956619,107756619,ON,ON,189016.0,3503.0,substitution,94.5
308133,341255,TEEN CHALLENGE,TEEN CHALLENGE,108066666,010806666,,ON,183510.0,8972.0,insertion_deletion,100.0
37174,388424,Circonscription des Témoins de Jéhovah du Québec 3B,CIRSONSCIPTION DES TEMOINS DE JEHOVAH DU QUEBEC 3B,746606516,746606526,ON,,191400.0,1000.0,substitution,96.6
309572,418452,The Presbyterian Church in Canada,Presbyterian Church in Canada,107956619,107156619,ON,ON,189016.0,2635.0,substitution,100.0
309367,413705,Roman Catholic Episcopal Corporation of the Diocese of Londo,THE ROMAN CATHOLIC EPISCOPAL CORPORATION OF THE DIOCESE OF L,011910817,119108170,ON,ON,177308.0,14208.0,insertion_deletion,94.4
318500,360650,Covenant House,COVENANT HOUSE,106909195,106900195,ON,ON,190561.0,360.0,substitution,100.0
314168,360190,The Presbyterian Church in Canada,The Presbyterian Church in Canada,101786619,107786619,ON,ON,170800.0,19900.0,substitution,100.0
388907,399688,United Way of the Lower Mainland,United Way of the Lower Mainland,106160185,103160185,BC,BC,500.0,188803.0,substitution,100.0
15172,350854,HOME-CHURCH MINISTRIES,HOME CHURCH MINISTRIES,118962109,118862109,AB,SK,188401.0,800.0,substitution,100.0
306537,309800,National Spiritual Assembly of the Bahais of Canada,NATIONAL SPIRITUAL ASSEMBLY OF CANADA,001905944,011905944,,ON,106801.0,82215.0,substitution,90.7
314168,418438,The Presbyterian Church in Canada,THE PRESBYTERIAN CHURCH IN CANADA,101786619,101786679,ON,ON,170800.0,17000.0,substitution,100.0
332991,402626,ELCIC Eastern Synod,ELCIC Eastern Synod,272773666,072773666,ON,ON,140137.0,47477.0,substitution,100.0
307994,357593,Salvation Army,SALVATION ARMY,101951618,108951618,ON,ON,4076.0,182900.0,substitution,100.0
406196,411230,IWK Health Centre Charitable Foundation,IWK Health Centre Foundation,867558050,867558080,NS,NS,250.0,186716.0,substitution,100.0
307998,327476,SYNOD OF ALBERTA & THE TERRITORIES,Synod of Alberta and the Territories,130059404,030059404,AB,AB,181263.0,4427.0,substitution,100.0
308439,313224,Wycliffe Bible Translators,Wycliff Bible Translators,108223311,108223381,AB,AB,66545.0,118577.0,substitution,98.0
357593,394382,SALVATION ARMY,THE SALVATION ARMY,108951618,102951618,ON,ON,182900.0,1100.0,substitution,100.0
307998,366507,SYNOD OF ALBERTA & THE TERRITORIES,Synod of Alberta & The Territories,130059404,130359404,AB,AB,181263.0,1159.0,substitution,100.0
377270,401215,TORONTO GENERAL & WESTERN HOSPITA,TORONTO GENERAL & WESTERN HOSPITAL FOUNDATION,123984068,123684068,ON,ON,60000.0,122359.0,substitution,98.4
321703,358225,Childrens' Wish Foundation,Children's Wish Foundation,012403887,124038870,,BC,182140.0,0.0,insertion_deletion,96.6
316673,319126,Wycliffe Bible Translators,Wycliffe Bible Translators,010822371,010823371,AB,AB,179631.0,2388.0,substitution,100.0
307730,394191,MISSION AVIATION FELLOWSHIP,Mission Aviation Fellowship,012994256,129942560,ON,ON,173212.0,8500.0,insertion_deletion,100.0
320943,340462,PRESBYTERIAN CHURCH IN CANADA,Presbyterian Church in Canada WMS,107856661,107855661,ON,ON,152350.0,28704.0,substitution,93.5
32003,332680,Camp Ta Wa Si Inc.,Camp Ta-Wa-Si,132462037,132462047,NS,NB,172668.0,8184.0,substitution,100.0
314146,423009,MENNONITE CENTRAL COMMITTEE,Mennonite Central Committee,007690855,007690885,MB,MB,101564.0,79282.0,substitution,100.0
221102,363363,Developmental Disabilities Association,Development Disabilities Association,010816770,108167707,BC,BC,180818.0,0.0,insertion_deletion,96.0
314465,388519,PAOC INTERNATIONAL OFFICE,PAOC INTERNATIONAL OFFICE,107833296,107833294,ON,ON,139236.0,40508.0,substitution,100.0
325427,415208,WATCHTOWER BIBLE AND TRACT SOCIETY OF CANADA,WATCHTOWER BIBLE AND TRACT SOCIETY OF CANADA,119288917,119288912,ON,ON,155544.0,23532.0,substitution,100.0
320745,365591,The Presbyterian Church in Canada,The Presbyterian Church in Canada,107856618,107856610,ON,ON,148586.0,30439.0,substitution,100.0
328785,367202,GRACELAND MINISTRIES,GRACELAND MINISTRIES,866055144,866056144,NS,AB,165962.0,12905.0,substitution,100.0
336349,367239,SALVATION ARMY,SALVATION ARMY,107951678,107951648,,ON,177162.0,1400.0,substitution,100.0
309268,317146,CANADIAN PLAINS DISTRICT,Canadian Plains District,087598436,077598436,AB,AB,175221.0,3020.0,substitution,100.0
375021,394191,MISSION AVIATION FELLOWSHIP,Mission Aviation Fellowship,129942564,129942560,ON,ON,169000.0,8500.0,substitution,100.0
72178,386664,NOVA SCOTIA 4H COUNCIL,4H NOVA SCOTIA COUNCIL,891023442,089102344,NS,NS,176330.0,500.0,insertion_deletion,100.0
314763,318809,UNITED CHURCH OF CANADA MISSION AND SERVICE FUND,UNITED CHURCH OF CANADA MISSION AND SERVICE FUND,108140243,108110243,ON,ON,107522.0,69089.0,substitution,100.0
321398,396409,ROMAN CATHOLIC EPISCOPAL CORPORATION FOR THE DIOCESE OF TORO,Roman Catholic Episcopal Corporation for the Diocese of Toro,107910129,107910029,ON,ON,32581.0,143475.0,substitution,100.0
332708,422964,Yesodei Hatorah,YESODEI HATORAH,105225194,106225194,,,170510.0,5510.0,substitution,100.0
38691,330164,INSTRUMENTS OF CHANGE SOCIETY,Insruments of Change Society,802323113,802323313,BC,BC,167871.0,8000.0,substitution,97.1
320463,368358,United Pentecostal Church Atlantic District,United Pentecostal Church Atlantic District,237487605,023748760,NB,NB,151761.0,23210.0,insertion_deletion,100.0
307730,349508,MISSION AVIATION FELLOWSHIP,MISSIONS AVIATION FELLOWSHIP,012994256,012994257,ON,ON,173212.0,1500.0,substitution,98.2
307533,380361,FEB Central,FEB Central,567721542,967721542,ON,ON,161420.0,11700.0,substitution,100.0
320981,389787,Zareinu Educational Centre of Metropolitan Toronto,ZREINU EDUCATIONAL CENTRE OF METROPOLITAN TORONTO,126452332,126432332,,,167711.0,5225.0,substitution,98.9
310254,360223,United Church of Canada Mission & Service Fund,United Church of Canada Mission Service,010810235,010810245,ON,ON,124703.0,47411.0,substitution,93.5
320082,334981,Friends of Hospice Ottawa,Friends Of Hospice Ottawa,869749609,869749606,ON,ON,20.0,168707.0,substitution,100.0
366634,396409,ROMAN CATHOLIC EPISCOPAL CORPORATION FOR THE DIOCESE OF TORO,Roman Catholic Episcopal Corporation for the Diocese of Toro,107910025,107910029,ON,ON,25125.0,143475.0,substitution,100.0
322097,378435,CANADIAN RED CROSS SOCIETY,CANADIAN RED CROSS,119218914,119218714,SK,ON,158552.0,10000.0,substitution,100.0
318249,331848,WYCLIFFE BIBLE TRANSLATORS,Wycliffe Bible Translators,808223371,008223371,AB,AB,95800.0,72041.0,substitution,100.0
308281,332654,Alzheimer Society of Canada,Alzheimer Society of Canada,108784952,118784952,,,144277.0,23487.0,substitution,100.0
332498,371077,SALVATION ARMY,The Salvation Army,107954618,107956618,ON,ON,146500.0,17570.0,substitution,100.0
17307,317668,MAISON D'ENTRAIDE L'ARC-EN-CIEL INC.,MASION D'ENTRAIDE L'ARC-EN-CIEL,119028611,119025611,QC,,162193.0,0.0,substitution,96.8
338427,355969,Presbyterian Church of Canada,PRESBYTERIAN CHURCH IN CANADA,010785669,010785660,ON,ON,83983.0,77557.0,substitution,94.5
314075,359436,MEDECINS SANS FRONTIERES,MEDICINS SANS FRONTIERS,135275257,135275757,,ON,10925.0,150360.0,substitution,93.6
188628,367717,Corporation of the Township of Southwold,TOWNSHIP OF SOUTHWOLD,130189061,130189091,ON,ON,151630.0,8729.0,substitution,100.0
325427,359439,WATCHTOWER BIBLE AND TRACT SOCIETY OF CANADA,WATCHTOWER BIBLE & TRACT SOCIETY OF CANADA,119288917,119288911,ON,ON,155544.0,4765.0,substitution,100.0
308945,357264,Multiple Sclerosis Society of Canada,MULTIPLE SCLEROSIS SOCIETY OF CANADA,107746147,107746117,ON,ON,157606.0,575.0,substitution,100.0
316022,354630,BNEI LEVI FOUNDATION,BNEI LEVI FOUNDATION,896469210,089646921,QC,QC,92725.0,65260.0,insertion_deletion,100.0
307313,362275,Croix Rouge Canadienne,SOCIÉTÉ CANADIENNE DE LA CROIX-ROUGE,119119814,119319814,QC,QC,134426.0,23376.0,substitution,100.0
321477,347470,University of Toronto,University of Toronto,010816233,108162333,ON,ON,108750.0,48000.0,insertion_deletion,100.0
320123,335250,LUTHERAN CHURCH CANADA ALBERTA-BC DISTRICT,Lutheran Church Canada - ABC District,107649660,010764966,AB,AB,103810.0,50600.0,insertion_deletion,90.9
328071,338427,PRESBYTERIAN CHURCH OF CANADA,Presbyterian Church of Canada,107856691,010785669,ON,ON,70089.0,83983.0,insertion_deletion,100.0
309854,361368,Presbyterian Church in Caada,The Presbyterian Church in Canada,107856669,107856609,ON,ON,137124.0,16548.0,substitution,98.2
364213,403697,MENNONITE CENTRAL COMMITTEE,Mennonite Central Committee,107690685,107690985,MB,MB,33300.0,120000.0,substitution,100.0
325906,350521,Phare enfants et familles,LE PHARE ENFANTS ET FAMILLES,878089720,878089722,,QC,152472.0,677.0,substitution,100.0
360200,392795,Presbyterian Church in Canada,Ther Presbyterian Church in Canada,107856612,107856611,ON,ON,108362.0,44648.0,substitution,92.1
65479,364543,CHRISTIAN ACTION FEDERATION OF NB INC,N.B. Christian Action Federation,887712065,881712065,NB,NB,151277.0,330.0,substitution,95.1
314411,360935,New Tribes Missions of Canada,New Tribes Mission of Canada,010772139,110772139,ON,ON,127907.0,22900.0,substitution,98.0
32620,408647,INTERNATIONAL SOCIETY FOR ENDANGERED CATS INC,"""INTERNATIONAL SOCIETY FOR ENDANGERED CATS",133088641,130088641,AB,CALGARY,150684.0,0.0,substitution,100.0
313231,370122,THE PRESBYTERIAN CHURCH IN CANADA,PRESBYTERIAN CHURCH OF CANADA,107356619,107756619,ON,ON,147039.0,3503.0,substitution,94.5
321179,369461,Canada Helps,Canada Helps,896598417,896598407,ON,ON,150232.0,200.0,substitution,100.0
321179,407387,Canada Helps,CANADA HELPS,896598417,896578417,ON,ON,150232.0,170.0,substitution,100.0
313231,418452,THE PRESBYTERIAN CHURCH IN CANADA,Presbyterian Church in Canada,107356619,107156619,ON,ON,147039.0,2635.0,substitution,100.0
323425,332498,SALVATION ARMY,SALVATION ARMY,107957618,107954618,AB,ON,2205.0,146500.0,substitution,100.0
56822,339088,CHRIST FOR YOUR CITY,Christ For Your City,866714330,866717330,AB,ON,142088.0,6240.0,substitution,100.0
312322,364522,CANADIAN CANCER SOCIETY,CANADIAN CANCER SOCIETY,118229803,118129803,MB,ON,130342.0,17896.0,substitution,100.0
73641,306393,EVANGELICAL MISSION TO UKRAINE,Evangelical Mission to Ukraine,891607061,891697061,ON,AB,130221.0,14086.0,substitution,100.0
56822,323716,CHRIST FOR YOUR CITY,Christ for Your City,866714330,867714330,AB,ON,142088.0,1950.0,substitution,100.0
379128,408013,World Relief of Canada,World Relief Canada,108122191,108522191,ON,ON,143055.0,965.0,substitution,100.0
62570,323116,EGLISE EVANGELIQUE BAPTISTE DE L'ESPOIR,ÉGILSE ÉVANGÉLIQUE BAPTISTE DE L'ESPOIR,880959713,880958713,QC,QC,138505.0,5341.0,substitution,97.2
56822,374981,CHRIST FOR YOUR CITY,Christ For Your City,866714330,868714330,AB,ON,142088.0,300.0,substitution,100.0
317739,380361,FEB Central,FEB Central,867721542,967721542,ON,ON,129903.0,11700.0,substitution,100.0
317739,338891,FEB Central,FEB Central,867721542,866721542,ON,ON,129903.0,11000.0,substitution,100.0
362066,374747,ROMAN CATHOLIC EPISCOPAL CORPORATION FOR THE DIOCESE OF TORO,Roman Catholic Episcopal Corporation for the Diocese of Toro,107910256,107910257,ON,ON,125026.0,15872.0,substitution,100.0
86171,401658,MOSQUEE MARKAZ-UL-IMANE,MOSQUÉE MARKAZ-UL-IMANE/MARKAZ-UL-IMANE MOSQUE,829512441,829412441,QC,QC,139554.0,1032.0,substitution,100.0
320204,352117,Archevêché Catholique Romain de Québec,ARCHEVECHE CATHOLIQUE ROMAIN DE QUEBEC,019006922,190069220,,QC,95646.0,43603.0,insertion_deletion,100.0
360200,365591,Presbyterian Church in Canada,The Presbyterian Church in Canada,107856612,107856610,ON,ON,108362.0,30439.0,substitution,100.0
309854,367344,Presbyterian Church in Caada,THE PRESBYTERIAN CHURCH IN CANADA,107856669,107856679,ON,ON,137124.0,600.0,substitution,98.2
309761,409564,AISH TORONTO,AISH HATORAH/AISH TORONTO,106848512,106845512,,ON,101060.0,36000.0,substitution,100.0
310903,323640,DIABETES CANADA,Canadian Diabetes,118831744,118838744,,MB,128209.0,8042.0,substitution,93.8
73641,370258,EVANGELICAL MISSION TO UKRAINE,Evangelical Mission to Ukraine,891607061,089160706,ON,AB,130221.0,5400.0,insertion_deletion,100.0
314851,402661,South Saskatchewan Hospital,South Saskatchewan Hospital,870708558,870708550,SK,SK,119675.0,15625.0,substitution,100.0
147196,184580,CANADIAN ARCTIC HOLIDAYS LTD,Canadian Arctic Holidays Ltd,855166546,885166546,NU,BC,99999.0,34440.0,substitution,100.0
309262,318455,CANADIAN RED CROSS,Canadian Red Cross,119216814,119218814,QC,SK,93119.0,41106.0,substitution,100.0
337626,358860,DIOCESE OF RUPERTSLAND,DIOCESE OF RUPERTSLAND,108079733,010807973,MB,MB,125388.0,8752.0,insertion_deletion,100.0
312322,345574,CANADIAN CANCER SOCIETY,CANADIAN CANCER SOCIETY,118229803,118529803,MB,ON,130342.0,3100.0,substitution,100.0
308177,391908,Auxiliary Mount Sinai Hospital,Auxiliary Mount Senai Hospital,118990068,108990068,,,130304.0,2620.0,substitution,96.7
320437,403697,Mennonite Central Committee,Mennonite Central Committee,107690085,107690985,MB,MB,12913.0,120000.0,substitution,100.0
312322,400423,CANADIAN CANCER SOCIETY,CANADIAN CANCER SOCIETY,118229803,118929803,MB,ON,130342.0,1389.0,substitution,100.0
312170,359686,THE PRIMATES WORLD RELIEF AND DEVELOPMENT FUND,PRIMATE WORLD RELIEF AND DEVELOPMENT FUND,886434640,886434690,ON,ON,128222.0,2575.0,substitution,98.7
312322,381651,CANADIAN CANCER SOCIETY,Canadian Cancer Society,118229803,118629803,MB,ON,130342.0,200.0,substitution,100.0
267496,416645,The Salvation Army,Salvation Army,107951816,107951516,AB,BC,130229.0,101.0,substitution,100.0
312170,313989,THE PRIMATES WORLD RELIEF AND DEVELOPMENT FUND,Primake's World Relief & Development Fund,886434640,846434640,ON,ON,128222.0,2040.0,substitution,93.5
312947,314802,THE SALVATION ARMY,SALVATION ARMY,107951018,107951818,NS,MB,57892.0,72087.0,substitution,100.0
345961,355854,Incorporated Synod of the Dioces of Toronto/FaithWorks,Incorporated Synod of the Diocese of Toronto/FaithWorks,155595159,175595159,ON,ON,9575.0,120285.0,substitution,100.0
360200,370007,Presbyterian Church in Canada,The Presbyterian Church in Canada,107856612,107886612,ON,ON,108362.0,21260.0,substitution,100.0
674,418909,MAISON DES JEUNES DE METABETCHOUAN,MAISON DES JEUNES METABETCHOUAM,103463410,103403410,QC,CA,129293.0,300.0,substitution,96.8
312486,323457,Zareinu Educational Centre,ZAREINU EDUCATIONAL CENTRE OF,124462332,128462332,,ON,49399.0,79956.0,substitution,100.0
314760,349392,PRESBYTERIAN CHURCH IN CANADA,The Presbyterian Church in Canada,108856619,108756619,ON,ON,20371.0,108589.0,substitution,100.0
354975,422008,Roman Catholic Episcopal Corporation of the Diocese of St. C,Roman Catholic Episcopal Corporation for the Diocese of St C,011910979,011910971,ON,ON,122420.0,4761.0,substitution,94.9
401215,411203,TORONTO GENERAL & WESTERN HOSPITAL FOUNDATION,Toronto General & Western Hospital Foundation,123684068,123664068,ON,,122359.0,4000.0,substitution,100.0
351129,404465,Canadian Sports Centre Saskatchewan,Canadian Sports Centre Saskatchewan,121505840,012150584,SK,SK,101000.0,25000.0,insertion_deletion,100.0
316698,362283,PREBYTERIAN CHURCH OF CANADA,Presbyterian Church in Canada,856963213,856963713,ON,ON,35751.0,89300.0,substitution,92.6
312104,377621,UNITED CHURCH OF CANADA MISSION AND SERVICE FUND,United Church of Canada Mission & Service Fund,108162435,108182435,ON,ON,75147.0,49893.0,substitution,100.0
323194,396408,Roman Catholic Episcopal Corporation for the Diocese of Toro,ROMAN CATHOLIC EPISCOPAL CORPORATION FOR THE DIOCESE OF TORO,107910269,107910249,ON,ON,72752.0,51986.0,substitution,100.0
307135,348676,ARTHRITIS SOCIETY,The Arthritis Society,108071670,010807167,ON,ON,120810.0,3269.0,insertion_deletion,100.0
320123,379768,LUTHERAN CHURCH CANADA ALBERTA-BC DISTRICT,Lutheran Church Canada ABC District,107649660,107649661,AB,AB,103810.0,19837.0,substitution,90.9
319073,414917,AIM,AIM,992674718,092674718,ON,ON,112219.0,10846.0,substitution,100.0
309673,383986,Ukrainian Catholic Archeparchy of Winnipeg,UKRAINIAN CATHOLIC ARCHEPARCHY OF WINNIPEG,108147780,010814778,,MB,121420.0,1032.0,insertion_deletion,100.0
307135,392679,ARTHRITIS SOCIETY,Arthritis Society,108071670,108071674,ON,,120810.0,632.0,substitution,100.0
54758,322650,Fédération GymnO du Québec,FÉDÉRATION GYMNO DU QUÉBEC/LAURENTIDES,863066114,863063114,QC,QC,111176.0,10000.0,substitution,100.0
307135,401568,ARTHRITIS SOCIETY,THE ARTHRITIS SOCIETY,108071670,110807167,ON,SK,120810.0,58.0,insertion_deletion,100.0
306161,307526,Evangelical Free Church of Canada,THE EVANGELICAL FREE CHURCH OF CANADA/ZIMBOWE GECKS SOCIETY,118403407,118403467,BC,BC,109571.0,11010.0,substitution,100.0
356935,375993,Mount Sinai Hospital Foundation,MOUNT SINAI HOSPITAL FOUNDATION,119018106,119058106,ON,ON,20000.0,100000.0,substitution,100.0
307525,369705,CHRISTAR,CHRISTAR,011897084,118970849,ON,ON,117202.0,1200.0,insertion_deletion,100.0
320986,355524,The United Church of Canada Mission & Services,Mission and Service Fund of The United Church of Canada,108107435,108105435,ON,ON,58715.0,59528.0,substitution,92.3
309144,320897,Centre Missionnaire Ste-Thérèse/Pères Capucins,CENTRE MISSIONAIRE STE-THÉRÈSE/PÈRES CAPUCINS,893172759,891172759,,QC,118050.0,0.0,substitution,100.0
332814,346461,VMM,VMM,890818796,890818798,,,60995.0,57000.0,substitution,100.0
313099,354431,Wycliffe Bible Translations,Wycliffe Bible Translators,010822337,108223372,AB,AB,114363.0,3200.0,insertion_deletion,94.3
381143,390336,Boys & Girls Club of Calgary,Boys and Girls Clubs of Calgary,186804669,196804669,AB,AB,105000.0,12500.0,substitution,97.9
307300,373407,Cecr de St-Hyacinthe,CECR de St-Hyacinthe,013250357,013250359,QC,QC,116533.0,323.0,substitution,100.0
324699,413444,Sociéte St-Vincent-de-Paul,Société St-Vincent-de Paul,890358449,890368449,QC,QC,111479.0,5162.0,substitution,100.0
103428,376578,Canadian Courage Project Inc.,THE CANADIAN COURAGE PROJECT,732925276,732925576,ON,ON,112647.0,2500.0,substitution,100.0
311075,389786,One Hope Canada,One Hope Canada,107664573,107264573,MB,MB,111568.0,3320.0,substitution,100.0
323289,370122,THE PRESBYTERIAN CHURCH IN CANADA,PRESBYTERIAN CHURCH OF CANADA,107056619,107756619,ON,ON,111295.0,3503.0,substitution,94.5
172344,368701,The Hope Centre,The Hope Centre,119210591,011921059,ON,ON,114183.0,300.0,insertion_deletion,100.0
314852,418045,Centenary-Queen Square,Centenary-Queen Square,014083958,140839580,NB,NB,110750.0,3500.0,insertion_deletion,100.0
323289,418452,THE PRESBYTERIAN CHURCH IN CANADA,Presbyterian Church in Canada,107056619,107156619,ON,ON,111295.0,2635.0,substitution,100.0
362658,416984,Camp Oochigeas,Camp Oochigeas,013116022,013111022,ON,ON,110000.0,3500.0,substitution,100.0
316331,354827,TOWN OF NAICAM,TOWN OF NAICAM,108128545,106128545,SK,SK,76080.0,36485.0,substitution,100.0
2454,416037,CHRISTIAN SCIENCE COMMITTEE ON PUBLICATION FOR B C,BC COMMITTEE ON PUBLICATION FOR CHRISTIAN SCIENCE,106920184,106921184,BC,BC,111551.0,1000.0,substitution,99.0
316579,316991,THE PRESBYTERIAN CHURCH IN CANADA,PRESBYTERIAN CHURCH IN CANADA,107866617,107866619,ON,ON,24346.0,87993.0,substitution,100.0
318403,333068,MENUCHA V'SIMCHA,MV MENUCHA V'SIMCHA,598189060,859818906,,QC,106480.0,5811.0,insertion_deletion,91.4
321477,381542,University of Toronto,University of Toronto,010816233,010816273,ON,,108750.0,3500.0,substitution,100.0
349392,370122,The Presbyterian Church in Canada,PRESBYTERIAN CHURCH OF CANADA,108756619,107756619,ON,ON,108589.0,3503.0,substitution,94.5
308000,350764,ARCHEVECHÉ RIMOUSKI,ARCHEVÊCHÉ DDE RIMOUSKI,013002553,130025530,QC,QC,103303.0,7063.0,insertion_deletion,90.5
323833,418031,CDN FRIENDS YAD ELIEZER,CANADIAN FRIENDS OF YAD ELIEZER,889968867,889965867,,ON,1130.0,108000.0,substitution,90.2
307518,386321,SAMARITANS PURSE,Samaritan's Purse,119138524,111913852,AB,AB,97870.0,10808.0,insertion_deletion,90.9
104052,414900,The Canadian National Institute for the Blind,CANADIAN NATIONAL INSTITUTE FOR THE BLIND,119211949,119219949,MB,MB,107763.0,744.0,substitution,100.0
310162,338768,Primate's World Relief & Development Fund,PRIMATE'S WORLD RELIEF AND DEVELOPMENT FUND,086643464,108664346,ON,ON,83781.0,24624.0,insertion_deletion,100.0
321431,377621,United Church of Canada - Mission & Service Fund,United Church of Canada Mission & Service Fund,008182435,108182435,ON,ON,58327.0,49893.0,substitution,100.0
44884,382618,MOMS CANADA,Mom's Canada,831817200,083181720,AB,AB,106627.0,1300.0,insertion_deletion,95.7
350163,381851,ASSOCIATION DES BÉNÉVOLES DE LES MÉCHINS,Association Des Bénévoles De Les Méchins,137420055,137420555,QC,QC,89321.0,18500.0,substitution,100.0
33802,324438,SAINT VARTAN ARMENIAN CHURCH OF MISSISSAUGA,ST. VARTAN ARMENIAN CHURCH OF MISSISSAUGA,135561991,133561991,ON,ON,105130.0,2500.0,substitution,96.1
306644,408693,North Okanagan Pregnancy Care Centre,North Okanagan Pregnancy Care Centre,818278400,081827840,BC,BC,101910.0,5670.0,insertion_deletion,100.0
348389,365578,ROMAN CATHOLIC EPISCOPAL CORPORATION OF HALIFAX YARMOUTH,ROMAN CATHOLIC EPISCOPAL CORPORATION OF HALIFAX YARMOUTH,011909833,119098330,NS,NS,91378.0,16143.0,insertion_deletion,100.0
172532,389024,St. Andrew's College,St Andrews College,008154808,008754808,SK,SK,106914.0,600.0,substitution,91.9
146018,310436,Coopérative de solidarité alimentaire des Sources,COOP SOLIDARITÉ ALIMENTAIRE DES SOURCES,117296639,172966393,QC,QC,18750.0,88602.0,insertion_deletion,91.8
324003,340979,SALVATION ARMY,SALVATION ARMY,197951618,167951618,BC,ON,64129.0,42914.0,substitution,100.0
329460,329461,ST James United Church Food,St James United Church Food Bank,108041700,108031700,ON,,2515.0,103979.0,substitution,91.5
307518,328491,SAMARITANS PURSE,SAMARITANS PURSE,119138524,119138526,AB,AB,97870.0,8241.0,substitution,100.0
369759,382952,GRACE MATERNITY HOSPITAL,Grace Maternity Hospital,893412569,893412539,NS,NS,97048.0,8911.0,substitution,100.0
308652,316615,C-TA-C,C-TA-C,890032289,890035289,QC,QC,63000.0,42000.0,substitution,100.0
339160,408082,UNITED CHURCH OF CANADA MISSION & SERVICE,United Church of Canada - Mission & Service Fund,108102935,108102934,ON,ON,98383.0,6590.0,substitution,93.5
307518,319960,SAMARITANS PURSE,Samaritans Purse,119138524,119138522,AB,AB,97870.0,6926.0,substitution,100.0
307518,320491,SAMARITANS PURSE,Samaritans Purse,119138524,119138529,AB,AB,97870.0,6879.0,substitution,100.0
308511,324517,"""THE UNITED CHURCH OF CANADA","""United church of Canada",003102435,103102435,TORONTO,Toronto,76523.0,27597.0,substitution,100.0
327028,343038,B.C. CONFERENCE OF M.B. CHURCHES,BC CONFERENCE OF MB CHURCHES,132154273,132154673,BC,BC,75332.0,28621.0,substitution,92.3
330669,355775,The Salvation Army,SALVATION ARMY,107951616,107951611,ON,ON,73448.0,30250.0,substitution,100.0
313900,390876,WORLD VISION,World Vision,119304885,119304865,ON,ON,19677.0,83484.0,substitution,100.0
337251,379732,SAMARTIN'S PURSE,SAMARITAN'S PURSE,119138627,119138227,AB,AB,101584.0,315.0,substitution,90.9
312842,420450,Tel Aviv University Canada,TEL AVIV UNIVERSITY CANADA,124045643,124945643,,ON,47500.0,54000.0,substitution,100.0
311073,364293,Fellowship of Evangelical Baptist Churches in BC and Yukon,FELLOWSHIP OF EVANGELICAL CHURCHES IN B.C. AND YUKON,131939777,131969777,BC,BC,57034.0,42959.0,substitution,92.6
307854,389809,Corporation of Spanish and Portuguese Jews,Corporation of Spanish and Portuguese Jews,009228641,001228641,QC,QC,79750.0,19750.0,substitution,100.0
196125,213368,Coop Couturières Pop,Coop Couturières Pop,740518478,749518478,QC,QC,90385.0,8104.0,substitution,100.0
307518,394433,SAMARITANS PURSE,SAMARITAN'S PURSE,119138524,119138521,AB,AB,97870.0,453.0,substitution,90.9
6422,363625,PENTECOSTAL TABERNACLES INC.,"""Pentecostal Tabernacles",107834889,107834880,NB,Oakland   Canada,91020.0,7200.0,substitution,100.0
307994,309669,Salvation Army,Salvation Army,101951618,109951618,ON,SK,4076.0,93477.0,substitution,100.0
342708,353995,Heart for Africa,Heart for Africa,080493077,804930770,ON,ON,70606.0,26820.0,insertion_deletion,100.0
371509,379877,The Navigators,The Navigators,110808987,010808987,,ON,3512.0,93850.0,substitution,100.0
318249,361836,WYCLIFFE BIBLE TRANSLATORS,WYCLIFFE BIBLE TRANSLATORS,808223371,408223371,AB,AB,95800.0,1200.0,substitution,100.0
326785,340359,LAMBTON KENT DISTRICT SCHOOL BOARD,Lambton Kent District School Board,118797490,011879749,,,87673.0,9100.0,insertion_deletion,100.0
309262,321707,CANADIAN RED CROSS,Canadian Red Cross Society,119216814,119214814,QC,SK,93119.0,3040.0,substitution,100.0
322828,342111,Christian and Missionary Alliance,CHRISTIAN AND MISSIONARY ALLIANCE,133063856,133063857,ON,ON,907.0,94847.0,substitution,100.0
10732,318099,CALVARY TEMPLE EDUCATIONAL ASSOCIATION,Calvary Temple Educational Association,118825686,118805686,SK,AB,67866.0,27478.0,substitution,100.0
315563,417213,YESHIVA KESER TORAH,YESHIVA KESER TORAH,888940061,888940051,,,94234.0,900.0,substitution,100.0
324554,343721,Home Missions,Home Missions,106916640,106916940,ON,,3342.0,91294.0,substitution,100.0
309669,394382,Salvation Army,THE SALVATION ARMY,109951618,102951618,SK,ON,93477.0,1100.0,substitution,100.0
310162,312454,Primate's World Relief & Development Fund,Primates World Relief and Development Fund,086643464,006643464,ON,ON,83781.0,10597.0,substitution,96.1
317247,333925,Missionary Co-operative Plan,Mission Co-operative Plan,011911045,119110451,ON,ON,47435.0,46700.0,insertion_deletion,94.3
355969,361368,PRESBYTERIAN CHURCH IN CANADA,The Presbyterian Church in Canada,010785660,107856609,ON,ON,77557.0,16548.0,insertion_deletion,100.0
309262,374077,CANADIAN RED CROSS,CANADIAN RED CROSS,119216814,119211814,QC,ON,93119.0,500.0,substitution,100.0
306245,352033,OMF,OMF,107808999,107808991,ON,ON,37741.0,55400.0,substitution,100.0
336352,345549,ST-VINCENT DE PAUL STE-MARTHE,Société St-Vincent Paul Ste-Marthe..,032789000,003278900,QC,QC,44500.0,48250.0,insertion_deletion,100.0
361166,380189,University of Calgary,UNIVERSITY OF CALGARY,108102894,108102884,AB,AB,2500.0,90000.0,substitution,100.0
306053,419994,HALTON LEARNING FOUNDATION (HALTON DISTRICT SCHOOL BOARD) HO,HALTON LEARNING FOUNDATION (HALTON DISTRICT SCHOOL BOARD),891590911,891590211,ON,ON,85000.0,7000.0,substitution,96.7
73036,414727,L'Oasis de Saint-Laurent,Oasis de St-Laurent (L'),891385346,891385342,QC,,90997.0,0.0,substitution,92.3
67676,320177,JACKFISH LUTHERAN CAMP INC,Jackfish Lutheran Camp,889030193,889036193,SK,MB,79710.0,11026.0,substitution,100.0
316477,330669,SALVATION ARMY,The Salvation Army,107951615,107951616,ON,ON,17276.0,73448.0,substitution,100.0
313516,418536,Elizabeth Fry Society of Capc Breton,Elizabeth Fry Society of Cape Breton,107794498,107744498,NS,NS,60000.0,30000.0,substitution,96.0
310162,321259,Primate's World Relief & Development Fund,THE PRIMATE'S WORLD RELIEF DEVELOPMENT FUND,086643464,866434643,ON,ON,83781.0,6168.0,insertion_deletion,100.0
338427,349457,Presbyterian Church of Canada,The Presbyterian Church in Canada,010785669,001078566,ON,ON,83983.0,5472.0,insertion_deletion,94.5
309605,310162,The Primates World Relief & Development Fund,Primate's World Relief & Development Fund,008664346,086643464,ON,ON,5438.0,83781.0,insertion_deletion,96.1
317456,349352,OMF International,OMF International,010780990,107809900,ON,ON,82524.0,6500.0,insertion_deletion,100.0
309361,330669,SALVATION ARMY,The Salvation Army,107951617,107951616,ON,ON,15531.0,73448.0,substitution,100.0
326785,346791,LAMBTON KENT DISTRICT SCHOOL BOARD,Lambton Kent District School,118797490,111879749,,ON,87673.0,700.0,insertion_deletion,90.3
390876,413042,World Vision,WORLD VISION,119304865,119304866,ON,ON,83484.0,4682.0,substitution,100.0
311039,345868,AIDE À L'ÉGLISE EN DÉTRESSE,AIDE À L'ÉGLISE EN DÉTRESSE,130362592,130362596,,QC,7600.0,80000.0,substitution,100.0
306084,318555,CALGARY HUMANE SOCIETY,CALGARY HUMANE SOCIETY,118826632,118825632,AB,AB,83498.0,4000.0,substitution,100.0
337837,362102,EASTERN SYNOD OF THE ELCIC,Eastern Synod ELCIC,107273646,107273606,ON,ON,83367.0,4000.0,substitution,100.0
310536,405299,Teen Challenge,Teen Challenge,018066663,008066663,AB,ON,86154.0,1200.0,substitution,100.0
19312,399531,POPOTE ROULANTE D'AYLMER/ AYLMER MEALS ON WHEELS,MEALS ON WHEELS AYLMER,119095990,119195990,QC,QC,86749.0,500.0,substitution,100.0
314711,350946,THE SHEPHERD'S TRUST,The Shepherd's Trust,894164985,089416498,ON,ON,19957.0,66836.0,insertion_deletion,100.0
371414,393721,Canadian Diabetes Association,Canadian Diabetes Association,118830746,011883074,ON,ON,652.0,85887.0,insertion_deletion,100.0
307182,337719,Evangelical Free Church of Canada,Evangelical Free Church of Canada,118903461,118903469,BC,BC,9504.0,76612.0,substitution,100.0
45997,324380,Contemplative Fire Canada,Contemplative Fire Canada / Feu Contemplatif Canada,835953738,833953738,ON,ON,83532.0,2406.0,substitution,100.0
310162,384208,Primate's World Relief & Development Fund,PRIMATES WORLD RELIEF & DEVELOPMENT FUND,086643464,886643464,ON,ON,83781.0,2150.0,substitution,96.1
325748,417519,CONVENTION OF ATLANTIC BAPTIST CHURCHES,Convention of Atlantic Baptist Churches,119276229,119276225,NB,NB,83350.0,1273.0,substitution,100.0
311713,361469,TEACH BEYOND,Teach Beyond,107526296,107526496,MB,MB,83071.0,1200.0,substitution,100.0
366673,367066,Frontier College,Frontier College,107408455,707408455,ON,ON,50556.0,33704.0,substitution,100.0
328309,329271,Diocese of Brandon,Diocese of Brandon,108061390,010806139,MB,MB,52824.0,30954.0,insertion_deletion,100.0
349457,355969,The Presbyterian Church in Canada,PRESBYTERIAN CHURCH IN CANADA,001078566,010785660,ON,ON,5472.0,77557.0,insertion_deletion,100.0
316158,343118,Shelter Box Canada,SHELTER BOX CANADA,084628320,846283206,ON,ON,67012.0,16000.0,insertion_deletion,100.0
330669,381470,The Salvation Army,Salvation Army,107951616,107951613,ON,PE,73448.0,9300.0,substitution,100.0
321533,352133,THE PRIMATE'S WORLD RELIEF AND DEVELOPMENT FUND,Primates World Relief and Development Fund,864434640,860434640,ON,ON,35257.0,47448.0,substitution,96.1
81743,378386,Twelve Canada,Twelve Canada,847386844,847366844,NS,ON,62640.0,20000.0,substitution,100.0
331731,370119,Candian Baptist Ministries,Cdn Baptist Ministries,106846436,106844436," Ont""",ON,75973.0,6656.0,substitution,91.7
337222,407846,United Pentecostal Church (Ontario District) Home Missions,United Pentecostal Church Ontario District Home Missions,108962158,008962158,ON,,78140.0,4000.0,substitution,100.0
330978,361423,SAMARATAINS PURSE,Samaritans Purse,119135827,119138827,AB,AB,80077.0,1990.0,substitution,90.9
328772,405905,St Joseph's Food Bank,St Joseph's Food Bank,071874209,671874209,ON,ON,80466.0,1500.0,substitution,100.0
313435,328071,PRESBYTERIAN CHURCH IN CANADA,PRESBYTERIAN CHURCH OF CANADA,007856691,107856691,ON,ON,11840.0,70089.0,substitution,94.5
323249,323250,BOARDING HOMES MINISTRY,BOARDING HOMES MINISTRY,889990621,889990921,ON,ON,22850.0,58500.0,substitution,100.0
34959,329371,Centre de femmes Marie-Dupuis,Centre de femmes Marie-Dupuis,138586920,138536920,QC,"""",81224.0,0.0,substitution,100.0
308620,421686,Auberge Shalom,Auberge Shalom,014005265,140052650,,,76725.0,3600.0,insertion_deletion,100.0
314088,400061,Friends of Simon Wiesenthal,Friends of Simon Wiesenthal,890666791,890666781,,ON,68310.0,11800.0,substitution,100.0
334341,393353,CNIB,CNIB,119218459,119217459,PE,SK,79090.0,155.0,substitution,100.0
307820,418543,PRIMATE WORLD RELIEF AND DEVELOPMENT FUND,PRIVATE WORLD RELLIEF AND DEVELOPMENT FUND,855434640,755434640,ON,ON,78801.0,320.0,substitution,96.0
321285,334341,CNIB,CNIB,119213459,119218459,,PE,0.0,79090.0,substitution,100.0
340978,415673,Anglican Network in Canada,ANGLICAN NETWORK IN CANADA,086109198,861091982,ON,ON,61731.0,17160.0,insertion_deletion,100.0
328685,405145,United Church of Canada Mission and Service Fund,UNITED CHURCH OF CANADA MISSION & SERVICE,108202435,108402435,ON,ON,59936.0,18750.0,substitution,93.5
140060,150017,TOPSOIL - Innovative Urban Agriculture Inc.,TOPSOIL - Innovative Urban Agriculture INC,702102691,792102691,BC,BC,25600.0,51100.0,substitution,100.0
45337,337458,Saint John Church of Christ,St. John Church of Christ,833514466,833514465,NB,NB,73800.0,2400.0,substitution,93.3
319350,340319,MAOZ-ISRAEL,MAOZ ISRAEL,011883203,118832033,,MB,36240.0,39832.0,insertion_deletion,100.0
398344,402029,The Great Commission Foundation,The Great Commission Foundation,085992843,859928430,AB,AB,72500.0,3550.0,insertion_deletion,100.0
356412,363664,Canadian Food for the Hungary,FOOD FOR THE HUNGRY CANADA,132152593,132152393,BC,BC,50.0,75795.0,substitution,93.6
331848,382154,Wycliffe Bible Translators,WYCLIFFE BIBLE TRANSLATORS,008223371,068223371,AB,AB,72041.0,3800.0,substitution,100.0
365591,392795,The Presbyterian Church in Canada,Ther Presbyterian Church in Canada,107856610,107856611,ON,ON,30439.0,44648.0,substitution,92.1
314802,324664,SALVATION ARMY,Salvation Army,107951818,107951118,MB,ON,72087.0,2949.0,substitution,100.0
350946,362454,The Shepherd's Trust,The Shepherd's Trust,089416498,894164989,ON,ON,66836.0,7991.0,insertion_deletion,100.0
338378,376783,Wycliffe Bible Translators,Wycliffe Bible Translators,188223371,118223371,AB,AB,60913.0,13902.0,substitution,100.0
318621,360396,"""Mission & Service Fund",Mission Service Dund,000102435,006102435,Toronto,ON,69246.0,5275.0,substitution,95.0
314760,413574,PRESBYTERIAN CHURCH IN CANADA,THE PRESBYTERIAN CHURCH IN CANADA,108856619,104856619,ON,ON,20371.0,54065.0,substitution,100.0
312446,394780,United Church of Canada - Mission & Service,UNITED CHURCH OF CANADA (MISSION AND SERVICE FUND),108102425,108102415,ON,ON,54933.0,19224.0,substitution,93.5
266613,282622,Hays Genetics International Ltd.,HAYS GENETICS INTERNATIONAL LIMITED,885457852,886457852,ON,ON,64125.0,10000.0,substitution,100.0
314802,363715,SALVATION ARMY,SALVATION ARMY,107951818,107951418,MB,MB,72087.0,2000.0,substitution,100.0
55683,356823,BURNTWOOD BAPTIST CHURCH,Bruntwood Baptist Church,864680384,864680684,MB,MB,70827.0,3200.0,substitution,95.8
330669,386125,The Salvation Army,Salvation Army,107951616,810795161,ON,,73448.0,250.0,insertion_deletion,100.0
330669,416645,The Salvation Army,Salvation Army,107951616,107951516,ON,BC,73448.0,101.0,substitution,100.0
331848,361836,Wycliffe Bible Translators,WYCLIFFE BIBLE TRANSLATORS,008223371,408223371,AB,AB,72041.0,1200.0,substitution,100.0
315785,327842,ST CLAIR CATHOLIC SCHOOL BOARD,St Claire Catholic School Board,892916969,892816969,ON,ON,7937.0,64817.0,substitution,98.4
119067,189419,ENSIGN PACIFIC CHRYSLER DODGE JEEP RAM,ENSIGN PACIFIC CHRYSLER DODGE JEEP RAM,864653480,864643480,BC,BC,62500.0,10000.0,substitution,100.0
118282,219969,Town of Hanley,Town of Hanley,130088192,130388192,SK,SK,43587.0,28148.0,substitution,100.0
115114,189532,PAUL COFFEY KIA,PAUL COFFEY KIA,851809919,851509919,ON,ON,5000.0,66250.0,substitution,100.0
315770,337503,Presbyterian Church in Canada,Presbyterian Church in Canada,010756619,010786619,ON,ON,34513.0,36549.0,substitution,100.0
324298,341625,University of Toronto- TYP,UNIVERSITY OF TORONTO,108162300,108162360,,,70000.0,1000.0,substitution,90.0
360223,365324,United Church of Canada Mission Service,United Church of Canada Mission & Service,010810245,108102456,ON,ON,47411.0,23315.0,insertion_deletion,100.0
335250,379768,Lutheran Church Canada - ABC District,Lutheran Church Canada ABC District,010764966,107649661,AB,AB,50600.0,19837.0,insertion_deletion,100.0
141880,241277,Festival du Doré Baie James,Festival du doré Baie-James,876926729,876926726,QC,QC,52938.0,17314.0,substitution,100.0
310591,417904,Middle East Reformed Fellowship,MIDDLE EAST REFORMED FELLOWSHIP,850851085,890851085,ON,ON,69477.0,378.0,substitution,100.0
308288,393412,Teen Challenge North,Teen Challenge North,118066663,718066663,ON,ON,64497.0,5000.0,substitution,100.0
51652,382134,CREATIVE CITY NETWORK OF CANADA - RESEAU DES VILLES CREATIVES DU CANADA,CREATIVE CITY NETWORK OF CANADA - RESEAU DES VILLES CREATIVE,856079330,856079333,ON,BC,68415.0,956.0,substitution,93.2
355524,367013,Mission and Service Fund of The United Church of Canada,MISSION & SERVICE OF THE UNITED CHURCH OF CANADA,108105435,108108435,ON,ON,59528.0,9600.0,substitution,93.5
316158,386992,Shelter Box Canada,SHELTER BOX CANADA,084628320,846283205,ON,ON,67012.0,2000.0,insertion_deletion,100.0
306865,370823,ONE HOPE MINISTRIES OF CANADA,ONE HOPE MINISTRIES OF CANADA,107763573,107765573,MB,MB,55924.0,12970.0,substitution,100.0
85090,379569,SPIRITUAL GROWTH MINISTRY,SPRITUAL GROWTH MINISTRIES,724480926,724490926,ON,ON,56756.0,12000.0,substitution,90.2
320986,367013,The United Church of Canada Mission & Services,MISSION & SERVICE OF THE UNITED CHURCH OF CANADA,108107435,108108435,ON,ON,58715.0,9600.0,substitution,98.6
307263,351980,Développement et paix,Développement et Paix,118829901,111882990,,QC,63025.0,5170.0,insertion_deletion,100.0
307524,370274,Sudan Interior Mission,Sudan Interior Mission,029947537,299475370,ON,ON,67592.0,500.0,insertion_deletion,100.0
316158,361101,Shelter Box Canada,Shelter Box of Canada,084628320,846283203,ON,ON,67012.0,1000.0,insertion_deletion,100.0
353204,409634,Didsbury Municipal Library,Didsbury Municipal Library,336730120,033673012,AB,,46639.0,20990.0,insertion_deletion,100.0
312966,403414,Elgin Street Mission,Elgin Street Mission,523944673,023944673,ON,ON,67128.0,110.0,substitution,100.0
315564,323831,TORONTO LAKEWOOD,TORONTO LAKEWOOD,888606043,888608043,,,60220.0,7000.0,substitution,100.0
207220,374312,PLEA Community Services Society of BC,PLEA COMMUNITY SERVICES SOCIETY,107810407,107810417,BC,BC,63051.0,4000.0,substitution,93.9
79307,318328,LE FONS COMMUNAUTAIRE DE TROIS-RIVIERES,Fonds communautaire de Trois-Rivières,897992541,089799254,QC,,46900.0,20000.0,insertion_deletion,98.5
317529,340978,Anglican network in canada,Anglican Network in Canada,861091984,086109198,ON,ON,5000.0,61731.0,insertion_deletion,100.0
340857,385931,HOPE ACADEMY,Hope Academy,831722118,831725118,ON,ON,61544.0,5075.0,substitution,100.0
339830,360830,BC Children's Hospital,BC CHILDRENS HOSPITAL FOUNDATION,118852453,118852443,BC,,50000.0,16275.0,substitution,93.0
326044,330243,The Great Commission Foundation,The Great Commission Foundation,889928483,869928483,AB,AB,50000.0,16200.0,substitution,100.0
308513,376712,Baptist Convention of Ontario & Quebec,Baptist Convention of Ontario & Quebec,011899071,011879071,ON,ON,63995.0,2000.0,substitution,100.0
323915,388079,MCGILL,McGILL,119148981,119138981,,,53700.0,12000.0,substitution,100.0
316848,320217,Salvation Army,The Salvation Army,017951618,007951618,ON,ON,38928.0,26761.0,substitution,100.0
323312,407743,FEBCAST,FEBCAST,061287931,061187931,AB,AB,52090.0,13350.0,substitution,100.0
344442,358492,SIM,SIM,129947530,129947538,ON,,50101.0,15304.0,substitution,100.0
323861,378576,POINTS NORTH BAPTIST MISSIONS,POINTS NORTH BAPTIST MISSIONS,892264999,892264949,ON,ON,62679.0,2600.0,substitution,100.0
316783,324003,Salvation Army,SALVATION ARMY,191951618,197951618,ON,BC,245.0,64129.0,substitution,100.0
313167,346060,VANCOUVER FOOD BANK,VANCOUVER FOOD BANK,107449789,107449784,BC,BC,63391.0,200.0,substitution,100.0
362718,364287,United Way Kingston,"""UNITED WAY OF KINGSTON",125977827,125978827,ON,N,63000.0,0.0,substitution,100.0
318003,388905,VISION MINISTRIES,VISION MINISTRIES INC.,140774515,140774519,ON,ON,61006.0,1956.0,substitution,100.0
312646,419873,Canadian Cancer Society,CANADIAN CANCER SOCIETY,118829800,118829806,BC,ON,58423.0,4500.0,substitution,100.0
313200,352426,Greenhill Lake Camp,Greenhill Lake Camp,108151795,010815179,NB,NB,59339.0,3338.0,insertion_deletion,100.0
403720,408126,Second Harvest,SECOND HARVEST,133865470,013386547,ON,ON,22500.0,40000.0,insertion_deletion,100.0
315575,370050,Church of God in Eastern Canada,Church of God Eastern Canada,011280535,019280535,ON,ON,53123.0,9272.0,substitution,94.3
394107,399345,Safe Families,SAFE FAMILIES,800841842,840841842,ON,ON,26399.0,35000.0,substitution,100.0
327379,392867,THE STOP,THE STOP,119182763,119122763,ON,ON,60000.0,1050.0,substitution,100.0
338378,367012,Wycliffe Bible Translators,Wycliffe Bible Translators,188223371,188223377,AB,AB,60913.0,80.0,substitution,100.0
312947,324664,THE SALVATION ARMY,Salvation Army,107951018,107951118,NS,ON,57892.0,2949.0,substitution,100.0
33947,422248,PHOENIX HOUSE FOR YOUTH INC.,Phoenix House (Youth),135866481,435866481,ON,NS,54782.0,6000.0,substitution,90.5
341889,381933,VGH UBC,VGH UBC,132183063,132193063,,,25000.0,35000.0,substitution,100.0
371449,414816,Second Harvest,Second Harvest,133875477,133885477,ON,ON,30000.0,30000.0,substitution,100.0
312947,363715,THE SALVATION ARMY,SALVATION ARMY,107951018,107951418,NS,MB,57892.0,2000.0,substitution,100.0
341943,405028,Calgary Women's Emergency Shelter,CALGARY WOMEN'S EMERGENCY SHELTER,129833443,129863443,,AB,39593.0,20000.0,substitution,100.0
312646,338862,Canadian Cancer Society,CANADIAN CANCER SOCIETY (NS),118829800,118829809,BC,NS,58423.0,768.0,substitution,90.9
312646,416419,Canadian Cancer Society,CANADIAN CANCER SOCIETY,118829800,118829804,BC,SK,58423.0,650.0,substitution,100.0
312646,376516,Canadian Cancer Society,CANADIAN CANCER SOCIETY,118829800,118829805,BC,ON,58423.0,500.0,substitution,100.0
312446,394413,United Church of Canada - Mission & Service,United Church of Canada Mission and Service Fund,108102425,101102425,ON,ON,54933.0,3967.0,substitution,93.5
312646,400644,Canadian Cancer Society,CANADIAN CANCER SOCIETY,118829800,118829801,BC,ON,58423.0,100.0,substitution,100.0
312646,351636,Canadian Cancer Society,Canadian Cancer Society,118829800,118829808,BC,ON,58423.0,75.0,substitution,100.0
333675,409830,4-H ONTARIO COUNCIL,H-4 Ontario Council,035887227,035887727,ON,ON,47215.0,10905.0,substitution,100.0
320711,321257,Indwell,InDwell,131295195,131295196,,ON,56266.0,1327.0,substitution,100.0
349971,380999,National Spiritual Assembly of the Baha'is of Canada,National Spiritual Assembly of the Bahais of Canada,119051940,119051949,ON,ON,14650.0,42213.0,substitution,94.0
317074,317351,SEND INTERNATIONAL,SEND INTERNATIONAL,119145063,119145065,ON,ON,18191.0,38320.0,substitution,100.0
10301,327067,BIRTHRIGHT OF ORANGEVILLE,Orangeville Birthright,118810423,118910423,ON,ON,53927.0,2500.0,substitution,100.0
309511,364244,Chalice,Chalice,117591012,187591012,NS,NS,55471.0,888.0,substitution,100.0
318556,404293,JOHNSON FAMILY MINISTRIES,Johnson Family Ministries,867291296,867291196,AB,AB,55325.0,1000.0,substitution,100.0
100169,414087,Municipalité paroisse St-Marc-de-Figuery,Municipalité de la Paroisse de Saint-Marc-de-Figuery,129584074,129584078,QC,QC,54845.0,1413.0,substitution,96.1
309291,360223,"""Mission & Service Fund United Church of Canada""",United Church of Canada Mission Service,108102450,010810245,ON,ON,8562.0,47411.0,insertion_deletion,93.5
314668,359620,UNITED CHURCH OF CANADA (MISSION & SERVICE FUND),United Church of Canada Mission and Service Fund,108102411,108102431,ON,ON,9964.0,45608.0,substitution,100.0
53073,306803,SAMUHA OVERSEAS DEVELOPMENT ASSOCIATION,Sumuha Overseas Development Association,859634842,859634542,BC,BC,51191.0,4151.0,substitution,96.3
397219,422831,Toronto General and Western Hospital Foundation,TORONTO GENERAL & WESTERN HOSPITAL,126864068,122864068,,ON,5000.0,50000.0,substitution,100.0
151139,423784,Urban Forest Associates Inc.,Urban Forest Associates Inc.,867100182,897100182,ON,ON,52437.0,2500.0,substitution,100.0
7882,309012,SAINT VERONICA'S PARISH,ST. VERONICA'S PARISH,108044876,108014876,QC,QC,42613.0,12000.0,substitution,93.0
41831,331787,Assemblée chrétienne du réveil des nations / Christian assembly for revival of the nations,ASSEMBLEE CHRETIENNE DU REVEIL DES NATIONS/CHRISTIAN ASSEMBL,818275026,818278026,QC,QC,44355.0,10000.0,substitution,100.0
314899,381452,Convention of Atlantic Baptist Churches,Convention of Atlantic Baptist Churches,119276288,011927628,NB,NB,28238.0,26043.0,insertion_deletion,100.0
76393,347065,ANNAPOLIS AREA FOOD BANK SOCIETY,Ananapolis Area Food Bank,893247965,893247905,NS,NS,53057.0,699.0,substitution,98.0
21386,421564,STAN FOWLER SANTA CLAUS FUND,Lions-Stan Fowler Santa Claus Fund,119166817,019166817,ON,ON,52691.0,100.0,substitution,90.3
21386,348678,STAN FOWLER SANTA CLAUS FUND,Lions-Stan Fowler Santa Claus Fund,119166817,191668170,ON,ON,52691.0,100.0,insertion_deletion,90.3
306929,337207,Christian Children's Fund,Christian Children Fund,106918542,010691854,ON,ON,47292.0,4872.0,insertion_deletion,95.8
34147,259528,CENTRE DE BENEVOLAT MIEUX ETRE VILLE DE LAC BROME,Centre de bénévolat mieux être ville de Lac Brome/Town of Brome Lake Wellness Volunteer Centre,136344355,136344335,QC,QC,20745.0,31116.0,substitution,100.0
318455,378435,Canadian Red Cross,CANADIAN RED CROSS,119218814,119218714,SK,ON,41106.0,10000.0,substitution,100.0
306391,375025,British Columbia conference of Mennonite Brethren Churches,British Columbia Conference of Mennonite Brethren Churches,132154676,132154672,BC,BC,50000.0,1000.0,substitution,100.0
309429,377621,United Church of Canada Mission & Service Fund,United Church of Canada Mission & Service Fund,108782435,108182435,ON,ON,994.0,49893.0,substitution,100.0
308849,354957,Benedict Labre House,BENEDICT LABRE HOUSE,118803267,118803260,,,30800.0,20000.0,substitution,100.0
317824,350855,Apostolic Church of Pentecost,Apostolic Church of Pentacost,107618661,010761866,AB,AB,21000.0,29490.0,insertion_deletion,96.2
335399,353837,ONE HOPE CANDA,One Hope Canada,107764572,107764576,QC,MB,39192.0,11292.0,substitution,96.6
312564,314317,Primates World Relief and Development Fund,THE PRIMATES WORLD RELIEF & DEVELOPMENT,866431640,866436640,ON,ON,9245.0,41189.0,substitution,93.0
407041,422200,BAYCREST FOUNDATION,THE BAYCREST FOUNDATION,113215242,118215242,,,50000.0,180.0,substitution,100.0
359439,397105,WATCHTOWER BIBLE & TRACT SOCIETY OF CANADA,Watchtower Bible and Tract Society of Canada,119288911,119288981,ON,ON,4765.0,45173.0,substitution,100.0
102936,353903,Royal Canadian Legion Branch #198,ROYAL CANADIAN LEGION BRANCH 201,106806268,106806264,BC,BC,48000.0,545.0,substitution,93.8
327482,354501,PARTNESRS INTERNATIONAL,PARTNERS INTERNATIONAL,118556962,118056962,ON,ON,9168.0,39115.0,substitution,97.8
306477,378252,COAST TO COAST AGAINST CANCER,Coast to Coast Against Cancer Foundation,082825234,828252348,,ON,17956.0,30000.0,insertion_deletion,100.0
306929,336574,Christian Children's Fund,CHRISTIAN CHILDRENS FUND,106918542,110691854,ON,ON,47292.0,468.0,insertion_deletion,93.9
316477,355775,SALVATION ARMY,SALVATION ARMY,107951615,107951611,ON,ON,17276.0,30250.0,substitution,100.0
338208,384603,Salvation Army,Salvation Army,107956181,010795618,ON,ON,47200.0,200.0,insertion_deletion,100.0
332462,400249,Edmonton Dream Centre,Edmonton Dream Centre,899621032,899321032,AB,AB,40890.0,6000.0,substitution,100.0
346107,420935,Fellowship Atlantic,Fellowship Atlantic,135939292,135939092,NS,NS,45360.0,1200.0,substitution,100.0
307485,396305,LAMP,Lamp,119004310,119009310,AB,AB,46080.0,180.0,substitution,100.0
320437,364213,Mennonite Central Committee,MENNONITE CENTRAL COMMITTEE,107690085,107690685,MB,MB,12913.0,33300.0,substitution,100.0
328713,372958,Northern Sask Hospital Chaplaincy,NORTHERN SASK HOSPITAL CHAPLANCY,361416303,301416303,SK,SK,18311.0,27724.0,substitution,98.5
306531,355092,Terry Fox Foundation,TERRY FOX FOUNDATION,108099978,108099970,ON,SK,45770.0,100.0,substitution,100.0
315770,344807,Presbyterian Church in Canada,Presbyterian Church in Canada,010756619,107566190,ON,ON,34513.0,11307.0,insertion_deletion,100.0
309361,355775,SALVATION ARMY,SALVATION ARMY,107951617,107951611,ON,ON,15531.0,30250.0,substitution,100.0
308563,339089,Global Outreach,Global Outreach,118940425,118940422,ON,ON,36928.0,8786.0,substitution,100.0
25077,367150,VICTORIAN ORDER OF NURSES (WOODSTOCK BRANCH) INC,Victorian Order of Nurses (Woodstock Branch)Inc.,119285013,119225013,ON,NB,29578.0,15973.0,substitution,100.0
327680,338409,Allegra Foundation,The Allegra Foundation,884974430,088497443,,,8450.0,37000.0,insertion_deletion,100.0
372958,420769,NORTHERN SASK HOSPITAL CHAPLANCY,Northern Sask Hospital Chaplaincy,301416303,307416303,SK,SK,27724.0,17661.0,substitution,98.5
321948,351296,Partner's International,Partners International,018856962,718856962,ON,ON,36544.0,8820.0,substitution,97.8
337503,352407,Presbyterian Church in Canada,The Presbyterian Church of Canada,010786619,107866190,ON,ON,36549.0,8763.0,insertion_deletion,94.5
177649,221265,Ontario Limited 2257655,2257655 Ontario Limited,845840008,845850008,ON,ON,11847.0,33363.0,substitution,100.0
67523,363686,L'ENTRE-TEMPS MAISON DES JEUNES DE CAP-CHAT INC.,MAISON DES JEUNES DE CAP-CHAT L'ENTRE-TEMPS,888961679,888961678,QC,QC,45088.0,0.0,substitution,100.0
355671,389752,Convention of Atlantic Baptist Churches,Convention of Atlantic Baptist Churches,019226228,119226228,NB,NS,7423.0,37586.0,substitution,100.0
56180,372008,CANADIAN FALLEN HEROES FOUNDATION,Canadian Fallen Heroes Foundation,865639447,086563944,AB,BC,43292.0,1000.0,insertion_deletion,100.0
69987,391753,Association Sportive de la Petite Bourgogne Inc.,L'association sportive de la Petite Bourgogne,890168578,890168576,QC,QC,41640.0,2600.0,substitution,96.2
367042,389752,CONVENTION OF ATLANTIC BAPTIST CHURCHES,Convention of Atlantic Baptist Churches,119826228,119226228,NB,NS,6600.0,37586.0,substitution,100.0
318455,321707,Canadian Red Cross,Canadian Red Cross Society,119218814,119214814,SK,SK,41106.0,3040.0,substitution,100.0
368859,389752,Convention of Atlantic Baptist Churches,Convention of Atlantic Baptist Churches,119286228,119226228,NB,NS,6500.0,37586.0,substitution,100.0
321173,335400,Diocèse de Québec,Diocèse de Québec,000067102,000067702,QC,,3757.0,40203.0,substitution,100.0
307258,318610,Canadian Cancer Society,Canadian Cancer Society,078829803,048829803,SK,AB,38738.0,5181.0,substitution,100.0
311477,319236,Muscular Dystrophy Canada,MUSCULAR DYSTROPHY CANADA,107755836,107755839,QC,BC,11195.0,32638.0,substitution,100.0
309633,349626,FBH INTERNATIONAL,FBH International,131806409,013180640,ON,ON,42610.0,1000.0,insertion_deletion,100.0
56180,335473,CANADIAN FALLEN HEROES FOUNDATION,CANADIAN FALLEN HEROES FOUNDATION,865639447,865639947,AB,BC,43292.0,50.0,substitution,100.0
310220,351070,GOOD SHEPHERD,Good Shepherd,030636798,036636798,ON,ON,43175.0,100.0,substitution,100.0
351813,398872,BAPTIST CONVENTION CBOQ,Baptist Convention CBOQ,118199011,118199071,ON,ON,32373.0,10889.0,substitution,100.0
314642,386363,REACH BEYOND CANADA,REACH BEYOND CANADA,129113507,129113505,ON,ON,39640.0,3198.0,substitution,100.0
314235,355671,Convention of Atlantic Baptist Churches,Convention of Atlantic Baptist Churches,019276228,019226228,NB,NB,34599.0,7423.0,substitution,100.0
335498,368022,Samaritan's Purse,Samartian's Purse,019138527,009138527,AB,AL,2705.0,39176.0,substitution,94.1
345348,355407,PRESBYTERIAN CHURCH IN CANADA,PRESBYTERIAN CHURCH IN CANADA,107856819,107856919,ON,ON,16838.0,25000.0,substitution,100.0
329447,393753,UNICEF,UNICEF,122630572,122660572,ON,ON,1000.0,40625.0,substitution,100.0
318455,374077,Canadian Red Cross,CANADIAN RED CROSS,119218814,119211814,SK,ON,41106.0,500.0,substitution,100.0
327278,335399,ONE HOPE CANADA,ONE HOPE CANDA,107764574,107764572,MB,QC,2387.0,39192.0,substitution,96.6
323668,400543,WCBA,WCBA,889888541,889868541,BC,BC,39342.0,2000.0,substitution,100.0
380603,393753,UNICEF,UNICEF,122060572,122660572,ON,ON,600.0,40625.0,substitution,100.0
334275,342529,Alzheimers Society of Canada,ALZHEIMER SOCIETY CANADA,118704925,118744925,ON,ON,34052.0,7000.0,substitution,97.0
320374,412832,MCGILL UNIVERSITY,McGill University,119128982,011912898,QC,QC,29000.0,12000.0,insertion_deletion,100.0
321001,336433,CAMPS DES ÎLES,Camp des Isles,100749488,100749498,QC,QC,600.0,40273.0,substitution,92.9
307258,308776,Canadian Cancer Society,"""Canadian Cancer Society SK.""",078829803,018829803,SK,SK,38738.0,2092.0,substitution,90.9
316848,416491,Salvation Army,Salvation Army,017951618,179516180,ON,AB,38928.0,1886.0,insertion_deletion,100.0
313439,344470,The Presbyterian Church in Canada,The Presbyterian Church in Canada,197856619,187856619,ON,ON,16776.0,24000.0,substitution,100.0
318516,377633,Emmanuel Baptist Charitable Foundation,EMMANUAL BAPTIST CHARITABLE FOUNDATION,118889860,118879860,SK,SK,28705.0,12000.0,substitution,93.8
341943,408525,Calgary Women's Emergency Shelter,CALGARY WOMENS EMERGENCY SHELTER ASSOCIATION,129833443,129853443,,AB,39593.0,1000.0,substitution,95.4
321263,351175,Pregnancy Resource Centre,Pregnancy Resource Centre,119844287,114844287,NB,NB,39954.0,480.0,substitution,100.0
325368,404308,WYCLIFFE BIBLE TRANSLATORS,WYCLIFFE BIBLE TRANSLATORS,108223571,108223071,AB,AB,37850.0,2500.0,substitution,100.0
336516,354501,Partner's International,PARTNERS INTERNATIONAL,118656962,118056962,ON,ON,1200.0,39115.0,substitution,97.8
328572,364225,McGill University,McGill University,114128981,114128984,QC,QC,15000.0,25000.0,substitution,100.0
43824,320412,THE ROYAL CANADIAN SEA CADET EDUCATION FOUNDATION / FONDATION ÉDUCATIVE POUR LES CADETS DE LA MARINE ROYALE CANADIENNE,THE ROYAL CANADIAN SEA CADET EDUCATION FOUNDATION / FONDATIO,827614413,627614413,ON,ON,39709.0,180.0,substitution,100.0
307258,324484,Canadian Cancer Society,CANADIAN CANCER SOCIETY,078829803,008829803,SK,SK,38738.0,970.0,substitution,100.0
42808,393750,PEDIATRIC OBESITY FOUNDATION,Oediatric Obeisity Society,823114673,823114677,AB,AB,34638.0,5000.0,substitution,91.4
355775,381470,SALVATION ARMY,Salvation Army,107951611,107951613,ON,PE,30250.0,9300.0,substitution,100.0
339150,361515,Mennonite Central Committee,Mennonite Central Committee,009038263,019038263,ON,ON,1550.0,37878.0,substitution,100.0
368022,413881,Samartian's Purse,Samaritan's Purse,009138527,109138527,AL,AB,39176.0,50.0,substitution,94.1
312344,316218,World Vision,WORLD VISION,019304855,193048555,ON,ON,29061.0,10080.0,insertion_deletion,100.0
312861,395190,CREDO CHRISTIAN SCHOOL,Credo Christian School,118835618,118835318,ON,,35635.0,3500.0,substitution,100.0
325368,420869,WYCLIFFE BIBLE TRANSLATORS,WYCLIFFE BIBLE TRANSLATORS,108223571,108223671,AB,AB,37850.0,1185.0,substitution,100.0
308596,309439,Canadian Diabetes Assoc.,Canadian Diabetes Assoc.,118820774,118830774,SK,SK,15261.0,23750.0,substitution,100.0
333024,417917,Ukrainian Catholic Archparchy of Winnipeg,UKRANIAN CATHOLIC ARCHEPARCHY OF WINNIPEG,108417778,108477778,MB,,35186.0,3799.0,substitution,97.4
307397,347396,Emergency Relief & Development Overseas,Emergency Relief & Development Overseas,875912700,087591270,ON,ON,28083.0,10695.0,insertion_deletion,100.0
394314,421037,The United Church of Canada Mission & Service,United Church of Canada-Mission Service,708102435,081024350,ON,ON,12387.0,26331.0,insertion_deletion,100.0
324994,324995,Comox Valley Youth for Christ,Comox Valley Youth For Christ,859054282,859034282,BC,BC,34311.0,4200.0,substitution,100.0
367024,377605,THE SHEPHERD'S TRUST,THE SHEPHERD'S TRUST,894167987,894161987,ON,ON,21726.0,16538.0,substitution,100.0
323080,362307,SHEKINAH RETREAT CENTRE,SHEKINAH RETREAT CENTRE,871381174,871341174,SK,SK,28273.0,9953.0,substitution,100.0
357149,379170,University of Calgary,UNIVERSITY OF CALGARY,108102867,108102869,AB,AB,37500.0,500.0,substitution,100.0
334884,387713,Watchtower Bible and Tract Society of Canada,WATCHTOWER BIBLE AND TRACT SOCIETY OF CANAADA,119288119,119288819,ON,ON,3050.0,34827.0,substitution,98.3
319514,330852,Anglican Church of Canada,ANGLICAN CHURCH OF CANADA,018967728,189677280,ON,ON,35600.0,2137.0,insertion_deletion,100.0
319514,384421,Anglican Church of Canada,ANGLICAN CHURCH OF CANADA,018967728,018067728,ON,ON,35600.0,2003.0,substitution,100.0
332934,338747,BNEI ZION,Bnei Tzion,118812327,118812527,ON,,37300.0,216.0,substitution,94.7
321326,346054,EASTERN SYNOD OF THE ELCIC,EASTERN SYNOD-ELCIC,107233666,107293666,ON,ON,9077.0,27865.0,substitution,100.0
384681,387053,WORD AND DEED,WORD & DEED,881200941,861200941,ON,ON,9503.0,27375.0,substitution,100.0
324427,358595,PRIMATE'S WORLD RELIEF & DEVELOPMENT FUND,The Primate's World Relief and Development Fund,866434340,866414340,ON,ON,13084.0,23644.0,substitution,100.0
372545,390009,CHEO,THE CHEO FOUNDATION,011885247,118852471,ON,ON,3000.0,33668.0,insertion_deletion,100.0
378161,424109,NATIONAL SPIRITUAL ASSEMBLY OF THE BAHA'IS OF CANADA,National Spiritual Assembly of the Baha'is of Canada,119051964,119051914,ON,ON,17500.0,19100.0,substitution,100.0
334399,371510,JEWELS FOR JESUS MISSION INC,JEWELS FOR JESUS MISSION INC.,118974101,118974106,ON,ON,24450.0,12000.0,substitution,100.0
318104,402973,JUVENILE DIABETES RESEARCH FOUNDATION CANADA,Jevenile Diabetes Research Foundation Canada,118976504,118976004,ON,,35163.0,1200.0,substitution,97.0
362061,367024,THE SHEPHERD'S TRUST,THE SHEPHERD'S TRUST,894168987,894167987,ON,ON,14475.0,21726.0,substitution,100.0
540,393414,L'ALLIANCE DES FEMMES,Alliance des femmes,102948825,102944825,QC,QC,36162.0,0.0,substitution,95.0
351147,382917,United In Missions,United In Missions,000144313,000014431,NB,NB,21762.0,14189.0,insertion_deletion,100.0
52113,364400,Fondation du Horse Palace de Griffintown,Fondation du Horse Palace de Griffintown/Greffintown Horse P,857151666,857151660,QC,QC,35380.0,365.0,substitution,100.0
312363,340462,PRESBYTERIAN CHURCH IN CANADA,Presbyterian Church in Canada WMS,107895661,107855661,ON,ON,6559.0,28704.0,substitution,93.5
307685,355775,Salvation Army,SALVATION ARMY,107951681,107951611,ON,ON,4760.0,30250.0,substitution,100.0
183916,336458,Readymade Community Association,Readymade Community Association,898702592,898702595,AB,AB,24864.0,10000.0,substitution,100.0
21205,405654,SPURSTON ROAD BIBLE CAMP SOCIETY,Spruston Road Bible Camp,119160992,019160992,BC,BC,31374.0,3375.0,substitution,95.8
365517,423576,Eagle Wings Ministries,Eagle Wings Ministries,072064024,072065024,ON,ON,21499.0,13076.0,substitution,100.0
359698,410307,DIOCESE OF KOOTENAY,DIOCESE OF KOOTENDY,129144547,149144547,BC,BC,27465.0,7080.0,substitution,93.8
317451,338847,ARTHRITIS SOCIETY,ARTHRITIS SOCIETY,108077671,108017671,SK,NS,3160.0,31337.0,substitution,100.0
308595,308776,Canadian Cancer Society,"""Canadian Cancer Society SK.""",011829803,018829803,SK,SK,32215.0,2092.0,substitution,90.9
328961,335551,Primate's World Relief Development Fund,Primate World Relief Development Fund,866434540,866434040,ON,ON,14947.0,19154.0,substitution,97.4
308595,321945,Canadian Cancer Society,CANADIAN CANCER SOCIETY,011829803,118298030,SK,SK,32215.0,1788.0,insertion_deletion,100.0
309797,390416,Romero House,ROMERO HOUSE,013447093,134470936,ON,ON,23765.0,10000.0,insertion_deletion,100.0
324957,388149,The Presbyterian Church in Canada,The Presbyterian Church in Canada,007851106,107851106,ON,ON,20000.0,13650.0,substitution,100.0
309883,351060,World Vision,World Vision,110304855,112304855,ON,ON,31606.0,1721.0,substitution,100.0
355407,376766,PRESBYTERIAN CHURCH IN CANADA,THE PRESBYTERIAN CHURCH IN CANADA,107856919,107856419,ON,ON,25000.0,8095.0,substitution,100.0
318968,406550,100 Mile House Food Bank,100 Mile House Food Bank,361364440,391364440,BC,BC,32678.0,374.0,substitution,100.0
365591,389995,The Presbyterian Church in Canada,Presbyterian Church of Canada,107856610,108856610,ON,ON,30439.0,2570.0,substitution,94.5
316138,422567,Squadron 283 Air Cadets,Squadron 283 Air Cadets,303837665,103837665,ON,ON,23000.0,10000.0,substitution,100.0
348644,353264,Watoto Canada,WATOTO CANADA,863953617,086395361,BC,BC,3800.0,29130.0,insertion_deletion,100.0
309361,316477,SALVATION ARMY,SALVATION ARMY,107951617,107951615,ON,ON,15531.0,17276.0,substitution,100.0
331995,344470,Presbyterian Church in Canada,The Presbyterian Church in Canada,117856619,187856619,ON,ON,8770.0,24000.0,substitution,100.0
308647,412146,Camp Tapawingo,Camp Tapawingo,126836141,026836141,SK,SK,31809.0,800.0,substitution,100.0
313643,405955,Toronto Baptist Ministries,Toronto Baptist Ministries,891910066,891910096,ON,ON,30080.0,2500.0,substitution,100.0
306982,359616,RBC MINISTRIES,RBC Ministries,118108421,116108421,ON,ON,32126.0,406.0,substitution,100.0
323204,346222,Diocese of Huron,Diocese of Huron,115967727,115967728,ON,ON,2400.0,30014.0,substitution,100.0
388383,405190,Canadian Chinese Alliance Church Assication,CANADIAN CHINESE ALLIANCE CHURCHES ASSOCATION,887658597,887658590,ON,ON,25400.0,6989.0,substitution,95.5
312344,315530,World Vision,World Vision,019304855,009304855,ON,ON,29061.0,3282.0,substitution,100.0
308595,352291,Canadian Cancer Society,Canadian Cancer Society,011829803,011829603,SK,ON,32215.0,100.0,substitution,100.0
324427,335551,PRIMATE'S WORLD RELIEF & DEVELOPMENT FUND,Primate World Relief Development Fund,866434340,866434040,ON,ON,13084.0,19154.0,substitution,97.4
309883,385669,World Vision,WORLD VISION,110304855,114304855,ON,ON,31606.0,480.0,substitution,100.0
312419,368048,Calgary Pregnancy Care Centre,Calgary Pregnancy Care Centre,118923442,018923442,AB,AB,20031.0,12000.0,substitution,100.0
309291,365324,"""Mission & Service Fund United Church of Canada""",United Church of Canada Mission & Service,108102450,108102456,ON,ON,8562.0,23315.0,substitution,93.5
51039,340175,L'ASSEMBLÉE SPIRITUELLE DES BAHA'ISDE BROSSARD,ASSEMBLÉE SPIRITUELLE DES BAHA'IS DE BROSSARD,854375987,054375987,QC,QC,31016.0,750.0,substitution,95.5
309693,346289,Primates World Relief & Development Fund,Primate's World Relief and Development Fund,866443640,866433640,ON,ON,10125.0,21595.0,substitution,96.1
336473,340768,ARTHRITIS SOCIETY,ARTHRITIS SOCIETY,108071618,108071617,SK,ON,1388.0,30326.0,substitution,100.0
382693,396330,INTERVARSITY CHRISTIAN FELLOWSHIP,Intervarsity Christian Fellowship,107516160,107512160,ON,ON,15745.0,15860.0,substitution,100.0
334036,355236,National Spiritual Assembly of the Baha'is of Canada,THE NATIONAL SPIRITUAL ASSEMBLY OF THE BAHA'IS,119151944,119251944,ON,,16500.0,14661.0,substitution,90.9
362061,377605,THE SHEPHERD'S TRUST,THE SHEPHERD'S TRUST,894168987,894161987,ON,ON,14475.0,16538.0,substitution,100.0
326915,352719,Women and Children's Shelter,WOMEN & CHILDREN SHELTER,129951586,129951583,ON,ON,23250.0,7650.0,substitution,95.7
312564,346289,Primates World Relief and Development Fund,Primate's World Relief and Development Fund,866431640,866433640,ON,ON,9245.0,21595.0,substitution,96.1
331995,397709,Presbyterian Church in Canada,PRESBYTERIAN CHURCH IN CANADA,117856619,178566190,ON,ON,8770.0,22000.0,insertion_deletion,100.0
340768,416451,ARTHRITIS SOCIETY,Arthritis Society,108071617,108171617,ON,SK,30326.0,425.0,substitution,100.0
309507,327751,INSPIRE,Inspire,118834695,118834694,ON,ON,25641.0,5000.0,substitution,100.0
350349,420737,The Ross Memorial Museum,The Ross Memorial Museum,010812996,108129960,NB,NB,24103.0,6500.0,insertion_deletion,100.0
355775,386125,SALVATION ARMY,Salvation Army,107951611,810795161,ON,,30250.0,250.0,insertion_deletion,100.0
44544,333812,Canadian Stuttering Association / Association canadienne des personnes qui bégaient,CANADIAN STUTTERING ASSOCIATION,830606943,830606973,ON,AB,29413.0,1000.0,substitution,100.0
355775,408156,SALVATION ARMY,Salvation Army,107951611,107951661,ON,ON,30250.0,100.0,substitution,100.0
320217,411682,The Salvation Army,Salvation Army,007951618,000951618,ON,BC,26761.0,3520.0,substitution,100.0
331687,374258,University of Alberta,UNIVERSITY OF ALBERTA,108102310,108108310,AB,AB,14200.0,16000.0,substitution,100.0
344470,360304,The Presbyterian Church in Canada,The Presbyterian Church of Canada,187856619,167856619,ON,ON,24000.0,6090.0,substitution,94.5
309605,338768,The Primates World Relief & Development Fund,PRIMATE'S WORLD RELIEF AND DEVELOPMENT FUND,008664346,108664346,ON,ON,5438.0,24624.0,substitution,96.1
308185,380802,MADD Canada,MADD Canada,139702060,130702060,,MB,27027.0,3000.0,substitution,100.0
355407,394473,PRESBYTERIAN CHURCH IN CANADA,THE PRESBYTERIAN CHURCH IN CANADA,107856919,107856019,ON,ON,25000.0,4976.0,substitution,100.0
313496,357216,Awana International Canada,AWANA International Canada,841663629,841663625,BC,BC,28864.0,1000.0,substitution,100.0
309287,332221,WORD OF LIFE,WORD OF LIFE,193304194,199304194,ON,ON,22575.0,7220.0,substitution,100.0
357175,420570,Word & Deed,Word and Deed,089120094,891200944,ON,ON,24920.0,4866.0,insertion_deletion,100.0
77619,359873,LOGE M'ENTRAIDE,LODGE M'ENTRIADE,894736826,894736926,QC,QC,28856.0,800.0,substitution,90.3
307474,418174,Partners International,PARTNERS INTERNATIONAL,118856462,118856762,ON,ON,11115.0,18392.0,substitution,100.0
333919,364224,Development and Peace,DEVELOPMENT & PEACE,118929902,118529902,ON,ON,28210.0,1266.0,substitution,100.0
368920,389362,Diocesan Synod of NS & PEI,THE DIOCESAN SYNOD OF NS + PEI,112234134,122341341,NS,NS,25559.0,3816.0,insertion_deletion,100.0
309689,368429,Ne'eman Foundation,Ne'eman Foundation,810956665,810986665,,ON,29194.0,100.0,substitution,100.0
324896,379393,PRIMATES WORLD RELIEF DEVELOPMENT FUND,Primate's World Relief And Development Fund,866934670,866434670,ON,BC,26100.0,3104.0,substitution,96.1
314668,394780,UNITED CHURCH OF CANADA (MISSION & SERVICE FUND),UNITED CHURCH OF CANADA (MISSION AND SERVICE FUND),108102411,108102415,ON,ON,9964.0,19224.0,substitution,100.0
313496,422131,Awana International Canada,Awana International Canda,841663629,841663623,BC,BC,28864.0,250.0,substitution,98.0
313648,389162,The Arthritis Society,Arthritis Society,198971671,108971671,SK,,26856.0,2200.0,substitution,100.0
321531,335551,PRIMATE'S WORLD RELIEF AND DEVELOPMENT FUND,Primate World Relief Development Fund,866434840,866434040,ON,ON,9859.0,19154.0,substitution,97.4
335499,344852,Primates World Relief & Development Fund,Primates World Relief and Development Fund,866484640,866464640,ON,ON,11987.0,16990.0,substitution,100.0
321212,362287,REDEEMER UNIVERSITY COLLEGE,REDEEMER COLLEGE UNIVERSITY,123313060,123313360,ON,ON,24361.0,4579.0,substitution,100.0
75105,422237,ANNAPOLIS-DIGBY BAPTIST ASSOCIATION,ANNOPOLIS-DIGBY BAPTIST ASSOCIATION,892496449,892406449,NS,NS,28747.0,50.0,substitution,95.7
339902,390780,Canadian Foodgrains,CANADIAN FOOD GRAINS,118831103,111883110,MB,MB,16165.0,12302.0,insertion_deletion,97.4
256609,361123,Town of Gladstone,TOWN OF GLADSTONE,108126632,108122632,MB,MB,27714.0,747.0,substitution,100.0
311011,331781,International Student Ministries,International Student Ministries,029543302,009543302,AB,AB,28346.0,100.0,substitution,100.0
329017,374420,LATIN AMERICAN MISSION,LATIN AMERICAN MISSION,107601573,107601583,ON,ON,11810.0,16500.0,substitution,100.0
359439,415208,WATCHTOWER BIBLE & TRACT SOCIETY OF CANADA,WATCHTOWER BIBLE AND TRACT SOCIETY OF CANADA,119288911,119288912,ON,ON,4765.0,23532.0,substitution,100.0
320217,393755,The Salvation Army,SALVATION ARMY,007951618,907951618,ON,ON,26761.0,1514.0,substitution,100.0
323162,379807,Synod Of Alberta Territories,Synod of Alberta Territories,138559404,138559464,AB,AB,26450.0,1800.0,substitution,100.0
314638,370823,ONE HOPE MINISTRIES OF CANADA,ONE HOPE MINISTRIES OF CANADA,107765473,107765573,MB,MB,15200.0,12970.0,substitution,100.0
324427,328961,PRIMATE'S WORLD RELIEF & DEVELOPMENT FUND,Primate's World Relief Development Fund,866434340,866434540,ON,ON,13084.0,14947.0,substitution,100.0
314711,362454,THE SHEPHERD'S TRUST,The Shepherd's Trust,894164985,894164989,ON,ON,19957.0,7991.0,substitution,100.0
334874,340648,COWICHAN VALLEY CONGREGATION OF JEHOVAH'S WITNESSES,Cowichan Valley congregation of Jehovah's witnesses,890859756,890859796,BC,BC,17432.0,10490.0,substitution,100.0
320217,355135,The Salvation Army,SALVATION ARMY,007951618,207951618,ON,ON,26761.0,1000.0,substitution,100.0
327799,366160,World Vision,WORLD VISION,119304585,119304588,ON,ON,350.0,27200.0,substitution,100.0
320217,406537,The Salvation Army,The Salvation Army,007951618,079516180,ON,ON,26761.0,572.0,insertion_deletion,100.0
387761,422788,STARS,STARS,818458521,818456521,AB,MB,25000.0,2160.0,substitution,100.0
320217,352410,The Salvation Army,Salvation Army,007951618,707951618,ON,ON,26761.0,300.0,substitution,100.0
267801,347964,Fondation des Sourds du Québec,La Fondation des sourds du Québec,131864172,131884172,QC,,26777.0,250.0,substitution,100.0
320217,324324,The Salvation Army,Salvation Army,007951618,607951618,ON,MB,26761.0,75.0,substitution,100.0
369476,393033,DIOCESE OF FREDERICTON,DIOCESE OF FREDERICTON,130257197,130657197,NB,,19200.0,7515.0,substitution,100.0
316477,381470,SALVATION ARMY,Salvation Army,107951615,107951613,ON,PE,17276.0,9300.0,substitution,100.0
390728,424109,National Spiritual Assembly of Bahais of Canada,National Spiritual Assembly of the Baha'is of Canada,119051994,119051914,ON,ON,7149.0,19100.0,substitution,94.0
308080,402974,MEOW FOUNDATION,Meow Foundation,845012813,835012813,AB,,20889.0,5276.0,substitution,100.0
309439,412647,Canadian Diabetes Assoc.,Canadian Diabetes Association / Association Canadienne du Di,118830774,118830704,SK,ON,23750.0,2326.0,substitution,100.0
365517,393156,Eagle Wings Ministries,Eagle Wings Ministries,072064024,072069024,ON,ON,21499.0,4505.0,substitution,100.0
362676,374258,University of Alberta,UNIVERSITY OF ALBERTA,010810831,108108310,AB,AB,10000.0,16000.0,insertion_deletion,100.0
350843,362384,THE UNITED CHURCH DOWNTOWN MISSION,THE UNITED CHURCH DOWNTOWN MISSION,009260420,109260420,,ON,25370.0,536.0,substitution,100.0
313439,331995,The Presbyterian Church in Canada,Presbyterian Church in Canada,197856619,117856619,ON,ON,16776.0,8770.0,substitution,100.0
335488,367104,Primate's World Relief and Development Fund,PRIMATE'S WORLD RELIEF AND DEVELOPMENT FUND,366434640,766434640,ON,ON,16070.0,9000.0,substitution,100.0
317027,408265,MAISON DE LA FAMILLE,Maison de la Famille,103033909,003033909,QC,QC,24650.0,400.0,substitution,100.0
320296,421914,MINNEDOSA AGRICULTURAL SOCIETY,MINNEDOSA AGRICULTURAL SOCIETY,107705006,102705006,MB,MB,21000.0,4000.0,substitution,100.0
345348,376766,PRESBYTERIAN CHURCH IN CANADA,THE PRESBYTERIAN CHURCH IN CANADA,107856819,107856419,ON,ON,16838.0,8095.0,substitution,100.0
309361,381470,SALVATION ARMY,Salvation Army,107951617,107951613,ON,PE,15531.0,9300.0,substitution,100.0
92994,408245,FIRM - Faith in Reason Ministry,FAITH IN REASON MINISTRY,776426108,776456108,ON,ON,17830.0,7000.0,substitution,90.6
321531,328961,PRIMATE'S WORLD RELIEF AND DEVELOPMENT FUND,Primate's World Relief Development Fund,866434840,866434540,ON,ON,9859.0,14947.0,substitution,100.0
378161,390728,NATIONAL SPIRITUAL ASSEMBLY OF THE BAHA'IS OF CANADA,National Spiritual Assembly of Bahais of Canada,119051964,119051994,ON,ON,17500.0,7149.0,substitution,94.0
352664,403422,WYCLIFFE BIBLE TRANSLATORS,WYCLIFFE BIBLE TRANSLATERS,108233371,108333371,ON,MB,20040.0,4500.0,substitution,96.2
311348,343621,BURNING LOVE OUTREACH,BURNING LOVE OUTREACH,733262735,733362735,ON,ON,12882.0,11629.0,substitution,100.0
327362,418174,Partners International,PARTNERS INTERNATIONAL,118856862,118856762,ON,ON,6020.0,18392.0,substitution,100.0
359853,378319,SAMARITAN'S PURSE,SAMARITAN'S PURSE,119135527,119139527,AB,AB,21857.0,2500.0,substitution,100.0
317846,362644,CBM,CBM,106834360,010683436,ON,ON,19493.0,4714.0,insertion_deletion,100.0
198825,298527,TOWN OF TROUT RIVER,Town of Trout River,129789129,129189129,NL,NL,23154.0,1000.0,substitution,100.0
332245,383511,POWER TO BE,Power to Be,086226995,086126995,BC,BC,21325.0,2824.0,substitution,100.0
309439,338954,Canadian Diabetes Assoc.,CANADIAN DIABETES ASSOC,118830774,018830774,SK,SK,23750.0,305.0,substitution,100.0
7212,311878,SONSHINE CHRISTIAN MINISTRIES INC.,SUNSHINE CHRISTIAN MINISTRIES INC.,107993453,010799345,SK,SK,21247.0,2800.0,insertion_deletion,96.6
339090,359853,Samaritan's Purse,SAMARITAN'S PURSE,119130527,119135527,AB,AB,2140.0,21857.0,substitution,100.0
319423,404596,Bais chinuch L'Bonos,BAID CHINUCH L'BNONOS,876201838,816201838,,ON,8780.0,15144.0,substitution,92.7
312470,423277,The War Amps,WAR AMPS,131966628,131966928,,ON,23555.0,50.0,substitution,100.0
177597,420014,Village of Spalding,Village of Spalding,130529290,130528290,SK,SK,22516.0,1000.0,substitution,100.0
370328,418734,CHEVRA OSEH CHESED,CHEVRAH OSEH CHESED,861507174,861507184,ON,ON,23360.0,120.0,substitution,97.3
360190,370122,The Presbyterian Church in Canada,PRESBYTERIAN CHURCH OF CANADA,107786619,107756619,ON,ON,19900.0,3503.0,substitution,94.5
323034,340846,Nightehift Ministries,NIGHT SHIFT MINISTRIES,862038842,862038942,BC,BC,2000.0,21296.0,substitution,93.0
308250,424123,MISSION TO SEAFARERS,Mission to Seafarers,119245606,119245602,ON,ON,21112.0,2000.0,substitution,100.0
380943,408866,Aish Toronto,Aish Toronto,010846512,108465120,ON,,21200.0,1800.0,insertion_deletion,100.0
309733,334194,Beth Oloth Charitable Orangization,Beth Oloth Charitable Orangization,116827080,116807080,,,15000.0,8000.0,substitution,100.0
321531,324427,PRIMATE'S WORLD RELIEF AND DEVELOPMENT FUND,PRIMATE'S WORLD RELIEF & DEVELOPMENT FUND,866434840,866434340,ON,ON,9859.0,13084.0,substitution,100.0
314760,389995,PRESBYTERIAN CHURCH IN CANADA,Presbyterian Church of Canada,108856619,108856610,ON,ON,20371.0,2570.0,substitution,94.5
323249,355941,BOARDING HOMES MINISTRY,Boarding Homes Ministries,889990621,889900621,ON,ON,22850.0,75.0,substitution,91.7
313439,360304,The Presbyterian Church in Canada,The Presbyterian Church of Canada,197856619,167856619,ON,ON,16776.0,6090.0,substitution,94.5
329007,414560,MISSION GO,MISSION GO,118940427,118940429,ON,ON,22455.0,300.0,substitution,100.0
308519,338239,CNIB,CNIB,117219454,117219459,MB,MB,19875.0,2735.0,substitution,100.0
242975,262059,FORD SOREL-TRACY INC.,FORD SOREL-TRACY INC.,889827160,889827164,QC,QC,12500.0,10000.0,substitution,100.0
316078,359853,SAMARITAN'S PURSER,SAMARITAN'S PURSE,119137527,119135527,AB,AB,520.0,21857.0,substitution,97.1
65286,340827,ROYAL CANADIAN LEGION NAICAM BRANCH #218 INC. POPPY FUND,Royal Canadian Legion Naicam Branch #210 Poppy Fund,887537819,887539819,SK,SK,22015.0,175.0,substitution,98.0
317529,415673,Anglican network in canada,ANGLICAN NETWORK IN CANADA,861091984,861091982,ON,ON,5000.0,17160.0,substitution,100.0
307178,399055,Loads of Love,Loads of Love,089283034,089283634,ON,ON,22033.0,100.0,substitution,100.0
359853,393085,SAMARITAN'S PURSE,The Samaritan's Purse,119135527,119136527,AB,AB,21857.0,220.0,substitution,100.0
313278,353181,Mission Aviation Fellowship,Mission Aviation Fellowship,122942561,124942561,ON,ON,18947.0,3000.0,substitution,100.0
351986,413827,Kids Alive,Kids Alive,872164261,872164361,ON,ON,17100.0,4800.0,substitution,100.0
345348,394473,PRESBYTERIAN CHURCH IN CANADA,THE PRESBYTERIAN CHURCH IN CANADA,107856819,107856019,ON,ON,16838.0,4976.0,substitution,100.0
383325,383326,SEARCH AND RESCUE TORONTO,Toronto Search and Rescue,801246860,801246866,ON,ON,2000.0,19800.0,substitution,100.0
383326,395921,Toronto Search and Rescue,Search and Rescue Toronto,801246866,080124686,ON,ON,19800.0,2000.0,insertion_deletion,100.0
311106,420486,CanadaHelps,CANADA HELPS,896668417,896658417,ON,ON,11750.0,10000.0,substitution,95.7
328477,415702,CANADIAN CANCER SOCIETY,CANADIAN CANCER SOCIETY,118823803,118824803,ON,ON,10725.0,11000.0,substitution,100.0
310481,410369,Mennonite Disaster Service,MENNONITE DISASTER SERVICE,893880263,893882263,MB,MB,21314.0,388.0,substitution,100.0
340897,381371,RIO GRANDE BIBLE INSTITUTE,Rio Grande Bible Institute,893572708,893572728,MB,MB,17500.0,3956.0,substitution,100.0
348483,393995,National Spiritual Assembly of the Baha'is of Canada,Nationas Spiritual Assembly of Baha'is of Canada,119051344,119051744,ON,ON,3465.0,17742.0,substitution,97.6
320191,341208,Canadian Diabetes Association,Canadian Diabetes Association,118930744,118330744,ON,MB,2000.0,19130.0,substitution,100.0
405028,408525,CALGARY WOMEN'S EMERGENCY SHELTER,CALGARY WOMENS EMERGENCY SHELTER ASSOCIATION,129863443,129853443,AB,AB,20000.0,1000.0,substitution,95.4
345574,364522,CANADIAN CANCER SOCIETY,CANADIAN CANCER SOCIETY,118529803,118129803,ON,ON,3100.0,17896.0,substitution,100.0
347262,360098,AVANT MINISTRIES,AVANT MINISTRIES,118924564,118922564,MB,,300.0,20340.0,substitution,100.0
319420,348204,Hearth & Stroke Foundation,Heart and Stroke Foundation,106816942,106826942,ON,ON,2200.0,18099.0,substitution,96.0
341108,393002,CHRISTIANS FOR ISREAL,Christians for Israel,086988484,086988481,ON,ON,19808.0,450.0,substitution,95.2
310201,313900,World Vision,WORLD VISION,119804885,119304885,ON,ON,396.0,19677.0,substitution,100.0
344807,352407,Presbyterian Church in Canada,The Presbyterian Church of Canada,107566190,107866190,ON,ON,11307.0,8763.0,substitution,94.5
308519,393907,CNIB,CNIB,117219454,119219454,MB,SK,19875.0,178.0,substitution,100.0
331612,397181,"""The Kinsmen Club Of Kapuskasing Crippled""","""The Kinsmen Club Of Kapuskasing Crippled""",109240661,119240661,ON,ON,18.0,20018.0,substitution,100.0
316768,352327,SYNOD OF ALBERTA AND THE TERRITORIES,SYNOD OF ALBERTA & THE TERRITORIES,130554404,130554484,,AB,13532.0,6500.0,substitution,100.0
313900,327799,WORLD VISION,World Vision,119304885,119304585,ON,ON,19677.0,350.0,substitution,100.0
311650,378138,Vancouver Aquarium & Marine Sc. Centr,Vancouver Aquarium & Marine Sciences Centre,019292119,019282119,BC,BC,10000.0,10000.0,substitution,90.7
314734,328572,McGill University,McGill University,110128981,114128981,QC,QC,5000.0,15000.0,substitution,100.0
310484,412418,GRIMSBY LIFE CENTRE,GRIMSBY LIFE CENTRE,806788224,506788224,ON,ON,18924.0,1000.0,substitution,100.0
341208,345501,Canadian Diabetes Association,CANADIAN DIABETES ASSOCIATION,118330744,118730744,MB,SK,19130.0,730.0,substitution,100.0
313495,366682,Lockeport Ind. Baptist Church,Lockeport Ind. Baptist Church,117002762,117022762,NS,NS,4200.0,15650.0,substitution,100.0
354670,384295,Bible Parle Saguenay,La Bible Parle-Saguenay,010349079,000349079,QC,QC,17350.0,2425.0,substitution,100.0
323425,371077,SALVATION ARMY,The Salvation Army,107957618,107956618,AB,ON,2205.0,17570.0,substitution,100.0
322100,423893,The Salvation Army,SALVAITON ARMY,107591618,107561618,ON,BC,15625.0,4000.0,substitution,92.9
314552,375045,Wycliffe Bible Translators,Wycliffe Bible Translators,106223371,109223371,AB,AB,1603.0,18000.0,substitution,100.0
319323,418174,Partners International,PARTNERS INTERNATIONAL,118856662,118856762,ON,ON,1200.0,18392.0,substitution,100.0
326565,353565,PRENANCY HELP CENTRE,PREGNANCY HELP CENTRE,896740680,089674068,ON,ON,7554.0,12000.0,insertion_deletion,97.6
69756,376235,Arc-en-ciel du coeur,L'ARC-EN-CIEL-DU-COEUR,890066178,890666178,QC,,19425.0,100.0,substitution,94.4
320587,413730,Canadian Conference of Mennonite Brethren Churches,Canadian Conference of Mennonite Brethren Churches,008830363,108830363,MB,,8000.0,11500.0,substitution,100.0
309088,405658,THE WOMEN'S CENTRE - GREY BRUCE INC,The Womens Centre Grey Bruce,119902594,119802594,ON,ON,18343.0,1000.0,substitution,93.9
364522,400423,CANADIAN CANCER SOCIETY,CANADIAN CANCER SOCIETY,118129803,118929803,ON,ON,17896.0,1389.0,substitution,100.0
315845,338954,Canadian Diabetes Association,CANADIAN DIABETES ASSOC,018830744,018830774,MB,SK,18907.0,305.0,substitution,100.0
320513,348204,Heart & Stroke Foundation,Heart and Stroke Foundation,106836942,106826942,SK,ON,1041.0,18099.0,substitution,100.0
328491,386321,SAMARITANS PURSE,Samaritan's Purse,119138526,111913852,AB,AB,8241.0,10808.0,insertion_deletion,90.9
298295,334107,Raising Wildflowers,RAISING WILDFLOWERS,722768298,122768298,BC,AB,18441.0,531.0,substitution,100.0
39288,407897,HAPPILY EVER ACTIVE ASSOCIATION,Happily Ever Active Association,805262680,805232680,NS,ON,18435.0,500.0,substitution,100.0
318229,397993,PAROLE DE VIE QUÉBEC,PAROLE DE VIE QUEBEC,107507850,010750785,QC,QC,16257.0,2675.0,insertion_deletion,100.0
407719,410306,Prinates World Relief & Development Fund,Primates World Relief & Development Fund,086634040,086634640,ON,ON,8310.0,10559.0,substitution,97.4
415562,420256,Southlake Regional Health Centre Foundation,SOUTHLAKE REGIONAL HEALTH CENTRE FOUNDATION,131796540,131794540,ON,ON,10000.0,8662.0,substitution,100.0
337641,361958,Mennonite Disaster Service,MENNONITE DISASTER SERVICE,893388263,893688263,MB,MB,17270.0,1325.0,substitution,100.0
34935,346494,100 MILE HOUSE & DISTRICT WOMEN'S CENTRE SOCIETY,100 Mile Safe Home/100 Mile House & District Women's Centre,138518600,138578600,BC,BC,18249.0,295.0,substitution,100.0
329253,364504,Village Missions,VILLAGE MISSIONS,006642792,806642792,BC,BC,14035.0,4480.0,substitution,100.0
381816,417443,Canadian Friends of Tel Aviv University,CANADIAN FRIENDS OF TEL AVIV UNIVERSITY,124036543,124036643,,,18000.0,450.0,substitution,100.0
314638,344544,ONE HOPE MINISTRIES OF CANADA,ONE HOPE MINISTRIES OF CANADA,107765473,107764473,MB,ON,15200.0,3250.0,substitution,100.0
334354,335691,ABWE,ABWE,001098048,003098048,ON,ON,6600.0,11800.0,substitution,100.0
340675,348204,Heart & Stroke,Heart and Stroke Foundation,106876942,106826942,ON,ON,275.0,18099.0,substitution,100.0
405962,413295,Christar,Christar,108970847,008970847,ON,ON,16798.0,1510.0,substitution,100.0
321172,329232,DIOCÈSE DE SAINT-JÉRÔME,DIOCÈSE DE SAINT-JÉRÔME,119018785,119018789,QC,,17793.0,500.0,substitution,100.0
323123,418452,Presbyterian Church in Canada,Presbyterian Church in Canada,007156619,107156619,ON,ON,15636.0,2635.0,substitution,100.0
307379,385538,DAYS FOR GIRLS,DAY FOR GIRLS,827897079,827897039,ON,ON,17050.0,1200.0,substitution,96.3
348204,374962,Heart and Stroke Foundation,HEART & STROKE FOUNDATION,106826942,106856942,ON,,18099.0,75.0,substitution,100.0
321317,323855,WORLD VISION,World Vision,119304856,011930485,ON,ON,7961.0,10180.0,insertion_deletion,100.0
364522,381651,CANADIAN CANCER SOCIETY,Canadian Cancer Society,118129803,118629803,ON,ON,17896.0,200.0,substitution,100.0
343118,386992,SHELTER BOX CANADA,SHELTER BOX CANADA,846283206,846283205,ON,ON,16000.0,2000.0,substitution,100.0
308770,390943,Radio Bible Class,Radio Bible Class,011910842,119108420,ON,ON,7345.0,10509.0,insertion_deletion,100.0
336403,421355,FRIENDS OF THE DISABLED (SUNSHINE COACH),Friends of the Disabled (Sunshine Coach),018932979,008932979,ON,ON,17457.0,350.0,substitution,100.0
340897,385749,RIO GRANDE BIBLE INSTITUTE,Rio Grande Bible Institute,893572708,893672708,MB,MB,17500.0,300.0,substitution,100.0
311106,382101,CanadaHelps,CANADA HELPS,896668417,896868417,ON,ON,11750.0,6016.0,substitution,95.7
312718,374831,Atlantic District United Pentecostal Church,ATLANTIC DISTRICT UNITED PENTECOSTAL CHURCH,019277877,119277877,NB,NB,7566.0,10200.0,substitution,100.0
327652,386285,TEEN CHALLENGE,TEEN CHALLENGE,105066663,106066663,ON,SK,15196.0,2550.0,substitution,100.0
319960,386321,Samaritans Purse,Samaritan's Purse,119138522,111913852,AB,AB,6926.0,10808.0,insertion_deletion,90.9
320491,386321,Samaritans Purse,Samaritan's Purse,119138529,111913852,AB,AB,6879.0,10808.0,insertion_deletion,90.9
321531,331721,PRIMATE'S WORLD RELIEF AND DEVELOPMENT FUND,Primates World Relief Development Fund,866434840,868434840,ON,ON,9859.0,7825.0,substitution,96.1
317451,340491,ARTHRITIS SOCIETY,THE ARTHRITIS SOCIETY,108077671,108076671,SK,AB,3160.0,14453.0,substitution,100.0
393156,423576,Eagle Wings Ministries,Eagle Wings Ministries,072069024,072065024,ON,ON,4505.0,13076.0,substitution,100.0
316477,386125,SALVATION ARMY,Salvation Army,107951615,810795161,ON,,17276.0,250.0,insertion_deletion,100.0
312408,354834,Diocese of Huron,Diocese of Huron,000205229,002052293,ON,ON,16404.0,1100.0,insertion_deletion,100.0
331777,374708,The Rock on Campus,Rock on Campus,083250729,832507290,ON,ON,14678.0,2759.0,insertion_deletion,100.0
316267,334717,Christian Children Fund,CHRISTIAN CHILDREN'S FUND,806918543,006918543,,ON,7146.0,10239.0,substitution,95.8
307725,349412,CROHN'S & COLITIS FOUNDATION OF CANADA,Crohn's & Colitis Foundation of Canada,118831468,018831468,SK,SK,17245.0,126.0,substitution,100.0
367010,418481,PAONL,PAONL,107633394,107333394,NL,NL,4619.0,12615.0,substitution,100.0
322272,353294,Vanderhoof NeighbourLink,VANDERHOOF NEIGHBOURLINK,886086190,866086190,BC,BC,7118.0,10072.0,substitution,100.0
361368,367344,The Presbyterian Church in Canada,THE PRESBYTERIAN CHURCH IN CANADA,107856609,107856679,ON,ON,16548.0,600.0,substitution,100.0
307474,327362,Partners International,Partners International,118856462,118856862,ON,ON,11115.0,6020.0,substitution,100.0
399026,413216,TEAM,TEAM,708081597,008081597,AB,AB,10400.0,6600.0,substitution,100.0
343118,361101,SHELTER BOX CANADA,Shelter Box of Canada,846283206,846283203,ON,ON,16000.0,1000.0,substitution,100.0
344852,385844,Primates World Relief and Development Fund,PRIMATE'S WORLD RELIEF DEVELOPMENT FUND,866464640,866494640,ON,ON,16990.0,0.0,substitution,96.1
317374,332605,SALVATION ARMY,SALVATION ARMY,107451618,107051618,ON,ON,14408.0,2500.0,substitution,100.0
355183,362395,CALGARY ALLIANCE FOR THE COMMON GOOD,CALGARY ALLIANCE FOR THE COMMON GOOD,814588719,814588729,AB,AB,11624.0,5252.0,substitution,100.0
313570,418562,Ecumenical Campus Ministry,Ecumenical Campus Ministry,018161829,018161859,ON,ON,13017.0,3797.0,substitution,100.0
309804,421555,KEREN ONTARIO (zkeren),KEREN ONTARIO (ZKEREN),289363421,893634213,,,14300.0,2500.0,insertion_deletion,100.0
324985,334396,CANADA KANTHASWAMY TEMPLE,CANADA KANTHASWAMY TEMPLE,092435739,092435731,ON,ON,14700.0,2100.0,substitution,100.0
341405,395184,École Lionel Groulx/Mgr Bazinet,ÉCOLE LIONEL GROULX/ MGR BAZINET,142435080,014243508,QC,QC,4520.0,12215.0,insertion_deletion,100.0
327802,400100,TEEN CHALLENGE,Teen Challenge,108086863,108086663,ON,ON,2100.0,14600.0,substitution,100.0
314420,314421,Deep River Food Bank,Deep River Food Bank,891231990,891231190,ON,ON,6257.0,10403.0,substitution,100.0
318128,389021,Vancouver Vineyard Christian Fellowship,Vancouver Vineyard Christian Fellowship,141010074,141040074,BC,BC,9444.0,7200.0,substitution,100.0
76579,396115,THE SPIRITUAL ASSEMBLY OF THE BAHA'IS OF TRAIL,Local Spiritual Assembly Of The Baha'is Of Trail,893381962,893881962,BC,BC,16344.0,100.0,substitution,91.4
335488,361742,Primate's World Relief and Development Fund,Primate's World Relief & Development Fund,366434640,566434640,ON,ON,16070.0,346.0,substitution,100.0
364356,388095,Muscular Distrophy,Muscular Distrophy,017755837,177558370,,,16263.0,147.0,insertion_deletion,100.0
321573,405099,Leading Influence Ministries,LEADING INFLUENCE MINISTRIES,856656767,856556767,BC,,16100.0,200.0,substitution,100.0
335488,391963,Primate's World Relief and Development Fund,PRIMATES WORLD RELIEF & DEVELOPMENT FUND,366434640,266434640,ON,ON,16070.0,38.0,substitution,96.1
19383,378515,PRAYER CANADA,Prayer Canada,119098069,019098069,BC,ON,15606.0,493.0,substitution,100.0
347482,415785,Ryerson University,Ryerson University,118130383,113130383,ON,ON,1000.0,15000.0,substitution,100.0
309733,312560,Beth Oloth Charitable Orangization,Beth Oloth Charitable Orangization,116827080,118827080,,,15000.0,1000.0,substitution,100.0
322100,361447,The Salvation Army,13.SALVATION ARMY,107591618,107091618,ON,BC,15625.0,313.0,substitution,90.3
317374,395310,SALVATION ARMY,The Salvation Army,107451618,107851618,ON,ON,14408.0,1500.0,substitution,100.0
379908,384208,Primates World Relief and Development,PRIMATES WORLD RELIEF & DEVELOPMENT FUND,866434648,886643464,ON,ON,13648.0,2150.0,insertion_deletion,93.0
309361,386125,SALVATION ARMY,Salvation Army,107951617,810795161,ON,,15531.0,250.0,insertion_deletion,100.0
345573,345634,ANGLICAN RELIEF AND DEVELOPMENT FUND,ANGLICAN RELIEF AND DEVELOPMENT FUND,047301413,087301413,,ON,6339.0,9312.0,substitution,100.0
314422,361877,MCGILL UNITED THEOLOGICAL COLLEGE,MCGILL UNITED THEOLOGICAL COLLEGE,129128881,119128881,QC,QC,2500.0,13000.0,substitution,100.0
335354,351937,TEEN CHALLEGE,TEEN CHALLEGE,010816789,108167890,,,11750.0,3750.0,insertion_deletion,100.0
344490,347394,The Bridge on 20th,The Bridge on 20th,833422994,836422994,SK,SK,1262.0,14211.0,substitution,100.0
317621,390728,NATIONAL SPIRITUAL ASSEMBLY OF THE BAHA'IS OF CANADA,National Spiritual Assembly of Bahais of Canada,119051194,119051994,ON,ON,8130.0,7149.0,substitution,94.0
337777,355889,Evangelical Free Church of Canada,Evangelical Free Church of Canada,008903467,018903467,BC,BC,11274.0,4000.0,substitution,100.0
319960,328491,Samaritans Purse,SAMARITANS PURSE,119138522,119138526,AB,AB,6926.0,8241.0,substitution,100.0
316742,389162,Arthritis Society,Arthritis Society,108671671,108971671,AB,,12958.0,2200.0,substitution,100.0
320491,328491,Samaritans Purse,SAMARITANS PURSE,119138529,119138526,AB,AB,6879.0,8241.0,substitution,100.0
242973,242979,WHITBY OSHAWA HONDA,WHITBY OSHAWA HONDA,134856253,134756253,ON,ON,5000.0,10000.0,substitution,100.0
331995,360304,Presbyterian Church in Canada,The Presbyterian Church of Canada,117856619,167856619,ON,ON,8770.0,6090.0,substitution,94.5
313122,323025,BAPTIST CONVENTION OF ONTARIO AND QUEBEC,Baptist Convention of Ontario and Quebec,113799807,118799807,ON,ON,2200.0,12411.0,substitution,100.0
357037,396550,OTTAWA VALLEY VINEYARD CHURCH,Ottawa Valley Vineyard Church,833673529,833673525,ON,ON,7200.0,7200.0,substitution,100.0
321794,384208,PWRDF (PRIMATES WORLD RELIEF DEVELOPMENT. FUND ),PRIMATES WORLD RELIEF & DEVELOPMENT FUND,866434649,886643464,ON,ON,12165.0,2150.0,insertion_deletion,92.7
316742,345321,Arthritis Society,Arthritis Society,108671671,108171671,AB,SK,12958.0,1273.0,substitution,100.0
344022,394483,PEACE MENNONITE CHURCH,Peace Mennonite Church,886805594,886803594,AB,AB,6000.0,8225.0,substitution,100.0
327218,404993,First Bible Baptist Church,First Bible Baptist Church,089266497,892664979,NT,NT,7800.0,6300.0,insertion_deletion,100.0
308145,370166,S.A.B.E.C.,S.A.B.E.C.,086745694,867456940,QC,QC,13450.0,600.0,insertion_deletion,100.0
319323,391078,Partners International,Partners International,118856662,118856692,ON,ON,1200.0,12720.0,substitution,100.0
319960,320491,Samaritans Purse,Samaritans Purse,119138522,119138529,AB,AB,6926.0,6879.0,substitution,100.0
361999,390044,GLAD TIDINGS MINISTRIES,GLAD TIDINGS MINISTRIES,891405139,089140513,SK,SK,10798.0,3000.0,insertion_deletion,100.0
327278,353837,ONE HOPE CANADA,One Hope Canada,107764574,107764576,MB,MB,2387.0,11292.0,substitution,100.0
340463,354834,Diocese of Huron,Diocese of Huron,020522930,002052293,ON,ON,12512.0,1100.0,insertion_deletion,100.0
327367,359736,PLAN INTERNATIONAL,PLAN INTERNATIONAL,118926993,118920993,ON,ON,13071.0,540.0,substitution,100.0
377510,404527,CROSSROADS FOR WOMEN,Crossroads for Women Inc,118800244,118802244,NB,NB,1750.0,11858.0,substitution,100.0
340877,351301,Soupière Ste-Famille,Soupiere Ste Famille,142780725,142780724,,QC,8600.0,5000.0,substitution,100.0
315813,327870,ALZHEIMER'S SOCIETY OF MB,Alzheimer's Society of MB,105105353,106105353,MB,MB,1399.0,12188.0,substitution,100.0
351320,415654,ANGLIJCAN NETWORK IN CANADA,Anglican Network in Canada,086109984,086109981,ON,"""",13540.0,0.0,substitution,98.1
307310,310465,Canadian Ministries,Canadian Ministries,013413881,134138810,ON,ON,8455.0,5082.0,insertion_deletion,100.0
314653,387046,CRANDALL UNIVERSITY,CRANDALL UNIVERSITY,106766150,106796150,NB,NB,13200.0,300.0,substitution,100.0
406889,414860,Yetev Lev Cong,Yetev Lev Cong,106958035,106988035,,,6500.0,7000.0,substitution,100.0
326503,355606,Teen Challenge,TEEN CHALLENGE,108066683,108066633,ON,ON,10126.0,3000.0,substitution,100.0
376766,394473,THE PRESBYTERIAN CHURCH IN CANADA,THE PRESBYTERIAN CHURCH IN CANADA,107856419,107856019,ON,ON,8095.0,4976.0,substitution,100.0
324076,333568,CORNER BROOK SEVENTH-DAY ADVENTIST CHURCH,CORNER BROOK SEVENTH-DAY ADVENTIST CHURCH,819466497,819464497,NL,NL,2948.0,10068.0,substitution,100.0
325995,387099,Teen Challenge,Teen Challenge,108866663,108666663,ON,ON,10832.0,2180.0,substitution,100.0
393707,422844,MISSION AVIATION FELLOWSHIP,Mission Aviation Fellowship,129942661,029942661,ON,ON,10000.0,3000.0,substitution,100.0
310499,363933,SOCIETY OF ST VINCENT DE PAUL - PEEL PARTICULAR COUNCIL,"""Society of St.Vincent de Paul Peel Particular Council""",089246834,892468340,ON,,11500.0,1500.0,insertion_deletion,100.0
355606,366874,TEEN CHALLENGE,Teen Challenge,108066633,108066638,ON,ON,3000.0,10000.0,substitution,100.0
327008,366874,TEEN CHALLENGE,Teen Challenge,108066631,108066638,SK,ON,2980.0,10000.0,substitution,100.0
333867,374790,PRIMATE'S WORLD RELIEF DEVELOPMENT FUND,The Primate's World Relief and Development Fund,866434460,866434464,ON,ON,10876.0,2000.0,substitution,100.0
310306,412881,C4I CANADA,C4I CANADA,869848841,859848841,ON,ON,7350.0,5500.0,substitution,100.0
318381,376725,New Life Girls Home,New Life Girl's Home,131818212,131818222,ON,,9150.0,3666.0,substitution,92.3
343478,378201,International Humanitarian Society,Humanitarian International,089959688,089959686,AB,AB,11000.0,1800.0,substitution,100.0
355139,362859,RFRO-RUCHAMA FRAIDEL RELIEF ORGANIZATION,Ruchama Fraidel Relief Organization(RFRO),859297440,859296440,,ON,6585.0,6200.0,substitution,100.0
341684,361262,Habitat for Humanity,Habitat for Humanity-MB,129301034,199301034,MB,,780.0,11925.0,substitution,93.0
321317,413042,WORLD VISION,WORLD VISION,119304856,119304866,ON,ON,7961.0,4682.0,substitution,100.0
370888,372117,Salvation Army,Salvation Army,001079518,001079516,ON,SK,1000.0,11596.0,substitution,100.0
326923,365277,Canadian Red Cross,Canadian Red Cross,019219814,719219814,MB,ON,11565.0,1000.0,substitution,100.0
316529,416341,United Way of Brandon,United Way of Brandon,118166440,011816644,MB,MB,12205.0,344.0,insertion_deletion,100.0
369048,369049,PWRDF,PWRDF,066434640,664346400,ON,ON,10984.0,1530.0,insertion_deletion,100.0
360396,362196,Mission Service Dund,Mission & Service Fund,006102435,106102435,ON,ON,5275.0,7185.0,substitution,95.0
345226,371006,COMMISSION TO EVERY NATION,Commission to Every Nation,822138227,822138217,ON,ON,6180.0,6224.0,substitution,100.0
337725,340489,PRIMATE'S WORLD RELIEF & DEVELOPMENT FUND,Primates World Relief and Development Fund,866434600,866434604,ON,ON,5693.0,6668.0,substitution,96.1
311106,351339,CanadaHelps,Canada Helps,896668417,895668417,ON,ON,11750.0,600.0,substitution,95.7
312718,368169,Atlantic District United Pentecostal Church,Atlantic District United Pentecostal Church,019277877,009277877,NB,NB,7566.0,4775.0,substitution,100.0
307474,319323,Partners International,Partners International,118856462,118856662,ON,ON,11115.0,1200.0,substitution,100.0
323832,405374,KOLLEL EMES VEMONOH WIZNITZ,KOLLEL EMES VEMONOH WIZNITZ,888969197,886969197,,,8700.0,3600.0,substitution,100.0
345711,353473,Harvest Ministries,Harvest Ministries,869196711,086919671,,ON,10600.0,1660.0,insertion_deletion,100.0
377439,417221,FAITH CHRISTIAN FELLOWSHIP,FAITH CHRISTIAN FELLOWSHIP,140465880,014046588,NB,NB,1100.0,11100.0,insertion_deletion,100.0
319600,385654,Saskatchewan Synod ELCIC,Saskatchewan Synod ELCIC,000739865,030739865,SK,SK,9200.0,3000.0,substitution,100.0
325995,383284,Teen Challenge,TEEN CHALLENGE,108866663,108966663,ON,ON,10832.0,1330.0,substitution,100.0
321129,374867,SEND,SEND,119145066,119145060,ON,ON,11051.0,1100.0,substitution,100.0
325995,397530,Teen Challenge,TEEN CHALLENGE,108866663,108166663,ON,ON,10832.0,1230.0,substitution,100.0
324762,333877,NEW TRIBES MISSION,New Tribes Mission,107775139,107777139,ON,ON,10305.0,1755.0,substitution,100.0
335499,385844,Primates World Relief & Development Fund,PRIMATE'S WORLD RELIEF DEVELOPMENT FUND,866484640,866494640,ON,ON,11987.0,0.0,substitution,96.1
349764,378158,PENTECOSTAL CONQUERORS,Pentecostal Conquorers,119093389,119093089,ON,ON,11706.0,250.0,substitution,90.9
339315,370285,Municipality of South Bruce,Municipality of South Bruce,068829938,688299380,ON,ON,7400.0,4497.0,insertion_deletion,100.0
83379,389889,L'EGLISE EVANGELIQUE BAPTISTE L'ELIATHA,Église évangélique baptiste d'Éliatha,891934762,891834762,QC,,9889.0,2000.0,substitution,92.1
355971,362393,Seeds International,Seeds International,892780540,089278054,BC,BC,3115.0,8680.0,insertion_deletion,100.0
384681,411826,WORD AND DEED,WORD & DEED,881200941,981200941,ON,ON,9503.0,2285.0,substitution,100.0
341725,369332,Huron/Perth WMS Presbyterial,Huron Perth Presbyterial,019262855,009262855,ON,ON,8750.0,3000.0,substitution,92.3
321646,357144,Alzheimer Society,ALZHEIMER SOCIETY,106705333,106705363,MB,MB,8799.0,2905.0,substitution,100.0
348521,423869,Living Rock,THE LIVING ROCK,088345881,883458813,ON,ON,11325.0,300.0,insertion_deletion,100.0
382748,398469,Gospel for Asia,Gospel for Asia,107441854,107441814,ON,ON,2665.0,8911.0,substitution,100.0
328568,351571,NEW TRIBES MISSION,New Tribes Mission,107712137,107712139,ON,ON,9184.0,2345.0,substitution,100.0
339139,360841,KIDNEY FOUNDATION CANADA,Kidney Foundation of Canada,107567298,107567698,SK,SK,9525.0,2003.0,substitution,100.0
327576,415702,CANADIAN CANCER SOCIETY,CANADIAN CANCER SOCIETY,118821803,118824803,ON,ON,525.0,11000.0,substitution,100.0
309693,313461,Primates World Relief & Development Fund,PRIMATE'S WORLD RELIEF AND DEVELOPMENT FUND,866443640,866343640,ON,ON,10125.0,1390.0,substitution,96.1
353029,363133,Eastern Montréal United Pentecostal Church,Eastern Montréal United Pentecostal Church,183122777,183122677,QC,QC,6150.0,5300.0,substitution,100.0
320574,376652,Domestic Abuse Services,Domestic Abuse Services,889021593,889021583,BC,BC,11000.0,400.0,substitution,100.0
321401,386368,Action International,Action International,118777300,011877730,AB,AB,4500.0,6900.0,insertion_deletion,100.0
307198,323049,EVERGREEN BASICX NEEDS,Evergreen Basic Needs,012773455,012473455,MB,MB,150.0,11213.0,substitution,97.7
394473,403272,THE PRESBYTERIAN CHURCH IN CANADA,Presbyterian Church in Canada,107856019,010785601,ON,ON,4976.0,6300.0,insertion_deletion,100.0
359839,376611,The Presbyterian Church in Canada,Presbyterian Church in Canada,000010785,000107856,ON,ON,8075.0,3200.0,insertion_deletion,100.0
377762,412902,Baptist Union of Western Canada,Baptist Union of Western Canada,119250360,011925036,AB,AB,6704.0,4567.0,insertion_deletion,100.0
386321,394433,Samaritan's Purse,SAMARITAN'S PURSE,111913852,119138521,AB,AB,10808.0,453.0,insertion_deletion,100.0
327576,328477,CANADIAN CANCER SOCIETY,CANADIAN CANCER SOCIETY,118821803,118823803,ON,ON,525.0,10725.0,substitution,100.0
310420,402288,Jesse's Journey,JESSE'S JOURNEY,895097766,895097768,ON,ON,8650.0,2500.0,substitution,100.0
340758,340860,Anglican Network in Canada,Anglican Network in Canada,861081981,861981981,ON,ON,1000.0,10070.0,substitution,100.0
366339,382700,Canadian Association of Lutheran Congregations,CANADIAN ASSOCIATION OF LUTHERAN CONGREGATIONS,089252716,892527168,BC,BC,3000.0,8000.0,insertion_deletion,100.0
358512,411874,ALZHEIMER SOCIETY CANADA,Alzheimer Society of Canada,118784924,011878492,ON,ON,1000.0,10000.0,insertion_deletion,100.0
336787,338805,University of Toronto Ecumenical Chaplaincy,University of Toronto Ecumenical Chaplaincy,884113331,841133315,ON,ON,10000.0,1000.0,insertion_deletion,100.0
309686,369125,Cystic Fibrosis,Cystic Fibrosis,106845011,106846011,ON,ON,10870.0,100.0,substitution,100.0
308627,391555,"""RAINBOW SOCIETY OF ALBERTA THE""",Rainbow Society of Alberta,129988274,012998827,AB,,2308.0,8500.0,insertion_deletion,100.0
377310,400643,SPCA - Nova Scotia,NOVA SCOTIA SPCA,134704714,134704744,NS,NS,10500.0,300.0,substitution,100.0
323855,366907,World Vision,World Vision,011930485,119304853,ON,ON,10180.0,600.0,insertion_deletion,100.0
314516,364573,THE GIDEONS,THE GIDEONS,118082991,188082991,ON,ON,9760.0,1000.0,substitution,100.0
334717,360910,CHRISTIAN CHILDREN'S FUND,Christian Childrens Fund,006918543,006918541,ON,ON,10239.0,500.0,substitution,93.9
334717,414472,CHRISTIAN CHILDREN'S FUND,Christian Childrens Fund,006918543,069185430,ON,ON,10239.0,491.0,insertion_deletion,93.9
366874,389352,Teen Challenge,TEEN CHANLLENGE INC.,108066638,110806663,ON,ON,10000.0,650.0,insertion_deletion,96.6
403094,407696,CANADIAN RED CROSS,CANADIAN RED CROSS SOCIETY,119219884,119219881,ON,ON,10600.0,45.0,substitution,100.0
377123,380610,Red Deer Public Library,Red Deer Public Library,119122449,119102449,,,9958.0,661.0,substitution,100.0
320192,404317,AMI QUEBEC,AMI QUEBEC,896521071,896529071,QC,QC,610.0,10000.0,substitution,100.0
327437,418903,Effect:Hope The Leprosy Mission Canada,Effect Hope Leprosy Mission Canada,011924199,111924199,ON,ON,10286.0,319.0,substitution,100.0
315734,417199,CHRISTIANS FOR ISRAEL,CHRISTIANS FOR ISRAEL,869988484,869988489,ON,ON,8559.0,2000.0,substitution,100.0
309575,401545,Radio Bible Class Ministries,RADIO BIBLE CLASS MINISTRIES,119198421,119168421,ON,ON,10258.0,300.0,substitution,100.0
351571,366478,New Tribes Mission,News Tribes Mission,107712139,107732139,ON,ON,2345.0,8150.0,substitution,97.3
331679,420904,Gospel For Asia,GOSPEL FOR ASIA,010744183,001074418,ON,ON,6670.0,3820.0,insertion_deletion,100.0
368170,374831,United Pentecostal Church of Atlantic District,ATLANTIC DISTRICT UNITED PENTECOSTAL CHURCH,119227877,119277877,NB,NB,180.0,10200.0,substitution,100.0
327482,336516,PARTNESRS INTERNATIONAL,Partner's International,118556962,118656962,ON,ON,9168.0,1200.0,substitution,95.7
312141,393757,Huron County Christmas Bureau,Huron County Christmas Bureau,019222156,192221560,ON,,10110.0,250.0,insertion_deletion,100.0
309493,354980,Christian Medical and Dental Society,Christian Medical & Dental Society,129895006,129895056,ON,NS,341.0,10000.0,substitution,100.0
313892,323855,WORLD VISION,World Vision,119304858,011930485,ON,ON,100.0,10180.0,insertion_deletion,100.0
340695,389236,Camp Oochigeas,CAMP OOCHIGEAS,131186022,131106022,ON,ON,250.0,10000.0,substitution,100.0
316860,381780,North Burma Christian Mission,North Burma Christian Mission,272321347,723213475,,PE,9292.0,900.0,insertion_deletion,100.0
340489,384653,Primates World Relief and Development Fund,Primate's World Relief & Development Fund,866434604,866434104,ON,ON,6668.0,3507.0,substitution,96.1
316860,402354,North Burma Christian Mission,North Burma Christian Mission,272321347,072321347,,,9292.0,857.0,substitution,100.0
398469,404258,Gospel for Asia,Gospel for Asia,107441814,107441824,ON,ON,8911.0,1190.0,substitution,100.0
389464,420973,Canadian Association Lutherm Congregating,CANADIAN ASSOC. OF LUTHERAN CONGREGATIONA,992527169,192527169,BC,BC,1000.0,9090.0,substitution,90.0
310175,385378,Queen's House,Queen's House,107368916,107368416,SK,SK,4000.0,6000.0,substitution,100.0
311079,369980,Bayside Camp,Bayside Camp,106296228,106276228,NS,NS,5173.0,4633.0,substitution,100.0
340359,346791,Lambton Kent District School Board,Lambton Kent District School,011879749,111879749,,ON,9100.0,700.0,substitution,90.3
309605,312385,The Primates World Relief & Development Fund,Primate's World Relief And Development Fund,008664346,008664340,ON,ON,5438.0,4223.0,substitution,96.1
314459,379699,LIGHTHOUSE,LIGHTHOUSE,119013479,119012479,BC,BC,7200.0,2400.0,substitution,100.0
311644,328491,SAMARITANS PURSE,SAMARITANS PURSE,119138556,119138526,AB,AB,1358.0,8241.0,substitution,100.0
306134,380509,RM OF SPALDING,RM of Spalding,107944089,107944084,SK,SK,3775.0,5800.0,substitution,100.0
381470,386125,Salvation Army,Salvation Army,107951613,810795161,PE,,9300.0,250.0,insertion_deletion,100.0
309358,422006,Mustard Seed Food Bank,Mustard Seed Food Bank,119246123,019246123,BC,BC,9491.0,50.0,substitution,100.0
327137,339139,"""THE KIDNEY FOUNDATION OF CANADA",KIDNEY FOUNDATION CANADA,107567798,107567298,BURNABY,SK,0.0,9525.0,substitution,100.0
361100,416712,The Canadian Red Cross Soc,Canadian Red Cross,011921984,011921914,ON,ON,9500.0,0.0,substitution,90.0
350285,417984,Teach Beyond,TEACH BEYOND,107525196,107523196,MB,MB,2400.0,7090.0,substitution,100.0
331711,360304,THE PRESBYTERIAN CHURCH IN CANADA,The Presbyterian Church of Canada,167856629,167856619,ON,ON,3310.0,6090.0,substitution,94.5
316277,316278,Baptist International Missions Inc,Baptist International Missions Inc.,889712190,889712196,ON,ON,8791.0,566.0,substitution,100.0
361742,367104,Primate's World Relief & Development Fund,PRIMATE'S WORLD RELIEF AND DEVELOPMENT FUND,566434640,766434640,ON,ON,346.0,9000.0,substitution,100.0
319322,386811,SUNNYBROOK FDN,SUNNYBROOK FDN,899208118,899207118,,ON,9100.0,25.0,substitution,100.0
367104,391963,PRIMATE'S WORLD RELIEF AND DEVELOPMENT FUND,PRIMATES WORLD RELIEF & DEVELOPMENT FUND,766434640,266434640,ON,ON,9000.0,38.0,substitution,96.1
351095,422292,Mennonite Central Committee,Mennonite Central Committee,149038263,109038263,ON,ON,3554.0,5455.0,substitution,100.0
370577,396770,Knights of Columbus Charity Fund,Knights of Columbus Charity Fund,107998100,007998100,ON,ON,6967.0,2000.0,substitution,100.0
318895,416636,The Sharing Place,SHARING PLACE,013148229,131482290,ON,ON,7637.0,1200.0,insertion_deletion,100.0
337725,379393,PRIMATE'S WORLD RELIEF & DEVELOPMENT FUND,Primate's World Relief And Development Fund,866434600,866434670,ON,BC,5693.0,3104.0,substitution,100.0
318174,360887,Crossworld,CROSSWORLD,001927338,011927338,QC,QC,4320.0,4467.0,substitution,100.0
311551,356660,CROHNS & COLITIS FOUNDATION,Crohns & Colitis Foundation,118831448,118831443,MB,MB,7808.0,918.0,substitution,100.0
337912,423823,St. Paul Lions Club,St. Paul Lions Club,100097126,500097126,AB,AB,5000.0,3698.0,substitution,100.0
328491,394433,SAMARITANS PURSE,SAMARITAN'S PURSE,119138526,119138521,AB,AB,8241.0,453.0,substitution,90.9
349457,376611,The Presbyterian Church in Canada,Presbyterian Church in Canada,001078566,000107856,ON,ON,5472.0,3200.0,insertion_deletion,100.0
348358,417984,TEACH BEYOND INC,TEACH BEYOND,107529196,107523196,MB,MB,1500.0,7090.0,substitution,100.0
321457,322980,Chalice,CHALICE,137591010,137591020,NS,NS,8184.0,396.0,substitution,100.0
321461,377527,CAMP GEDDIE,Camp Geddie,137241674,013724167,NS,NS,500.0,8072.0,insertion_deletion,100.0
330002,379477,BRENTWOOD CONGREGATION OF JEHOVAH'S WITNESSES,BRENTWOOD CONGREGATION OF JEHOVAH'S WITNESSES,843772875,543772875,AB,AB,4373.0,4192.0,substitution,100.0
321317,366907,WORLD VISION,World Vision,119304856,119304853,ON,ON,7961.0,600.0,substitution,100.0
355139,399593,RFRO-RUCHAMA FRAIDEL RELIEF ORGANIZATION,RFRO Ruchama Fraidel Relied Organization,859297440,859294440,,,6585.0,1920.0,substitution,96.3
377527,389478,Camp Geddie,CAMP GEDDIE,013724167,137241678,NS,NS,8072.0,380.0,insertion_deletion,100.0
325705,410511,Parole de Vie Bethel,Parole De Vie Béthel Inc,107517857,107587857,QC,QC,8317.0,120.0,substitution,100.0
392953,423440,NORHT PEACE PREGNANCY CARE CENTRE,NORHT PEACE PREGNANCY CARE CENTRE,869389956,869389986,BC,BC,6919.0,1500.0,substitution,100.0
312271,417985,Cups,CUPS,013411251,134112516,,AB,6000.0,2400.0,insertion_deletion,100.0
321259,384208,THE PRIMATE'S WORLD RELIEF DEVELOPMENT FUND,PRIMATES WORLD RELIEF & DEVELOPMENT FUND,866434643,886643464,ON,ON,6168.0,2150.0,insertion_deletion,96.1
335541,423966,Massey Centre,Massey Centre,019283687,192836870,ON,ON,4425.0,3750.0,insertion_deletion,100.0
362859,399593,Ruchama Fraidel Relief Organization(RFRO),RFRO Ruchama Fraidel Relied Organization,859296440,859294440,ON,,6200.0,1920.0,substitution,96.3
366968,394851,SHARE WORD GLOBAL,SHAREWORD GLOBAL,108082994,108082992,ON,ON,7608.0,500.0,substitution,97.0
308776,368969,"""Canadian Cancer Society SK.""",CANADIAN CANCER SOCIETY,018829803,188298031,SK,SK,2092.0,6014.0,insertion_deletion,90.9
313892,321317,WORLD VISION,WORLD VISION,119304858,119304856,ON,ON,100.0,7961.0,substitution,100.0
352251,358713,CONVENTION OF ATLANTIC BAPTIST CHURCHES,CONVENTION OF ATLANTIC BAPTIST CHURCHES,041443131,081443131,NB,NB,1452.0,6437.0,substitution,100.0
309025,423771,Canadian Baptists of Ont & Que,Canadian Baptists of Ont & Que,018799041,187990410,ON,ON,6600.0,1200.0,insertion_deletion,100.0
320328,360050,Cal Bombay Ministries,Cal Bombay Ministries,875823808,875829808,ON,ON,7300.0,500.0,substitution,100.0
341810,402775,MTC,MTC,000037729,000037779,QC,QC,4500.0,3200.0,substitution,100.0
330367,332847,Vineyard Resources,vineyard Resources,898678470,089867847,NB,NB,4976.0,2667.0,insertion_deletion,100.0
316267,414472,Christian Children Fund,Christian Childrens Fund,806918543,069185430,,ON,7146.0,491.0,insertion_deletion,97.9
391493,407805,THE GREAT COMMISSION FOUNDATION,The Great Commission Foundation,859928583,859928183,AB,AB,7400.0,200.0,substitution,100.0
312832,319837,RESEAU ANIMAL SECOURS,Réseau secours animal,884865797,884865727,,,1800.0,5750.0,substitution,100.0
347196,365316,Papal Charities,PAPAL CHARITIES,011871698,118716980,ON,ON,7374.0,100.0,insertion_deletion,100.0
319960,394433,Samaritans Purse,SAMARITAN'S PURSE,119138522,119138521,AB,AB,6926.0,453.0,substitution,90.9
322553,324664,SALVATION ARMY,Salvation Army,107951168,107951118,ON,ON,4426.0,2949.0,substitution,100.0
319118,332937,Fabrique de Cap-Chat,FABRIQUE DE CAP-CHAT,889187042,880187042,QC,QC,7255.0,100.0,substitution,100.0
389735,394276,Family Counselling Centre,Family Counselling Centre,028379609,026379609,ON,ON,4107.0,3232.0,substitution,100.0
320491,394433,Samaritans Purse,SAMARITAN'S PURSE,119138529,119138521,AB,AB,6879.0,453.0,substitution,90.9
308776,318610,"""Canadian Cancer Society SK.""",Canadian Cancer Society,018829803,048829803,SK,AB,2092.0,5181.0,substitution,90.9
319323,327362,Partners International,Partners International,118856662,118856862,ON,ON,1200.0,6020.0,substitution,100.0
347359,384602,Niagara Nutrition,Niagara Nutrition,106729400,010672940,,ON,550.0,6650.0,insertion_deletion,100.0
312363,331775,PRESBYTERIAN CHURCH IN CANADA,Presbyterian Church of Canada,107895661,107885661,ON,ON,6559.0,622.0,substitution,94.5
307571,365377,MISSION TO SEAFARERS,Mission to Seafarers,889108495,889108455,BC,BC,3373.0,3737.0,substitution,100.0
317532,386810,MISSION DES FRANCISCAINS,MISSION DES FRANCISCAINS,040011769,400117690,,,6800.0,300.0,insertion_deletion,100.0
15900,355405,THE KITIMAT SCHOLARSHIP ASSOCIATION,KITMAT SCHOLARSHIP ASSOCIATION,118983733,118933733,BC,BC,3500.0,3600.0,substitution,97.3
317654,320085,SALVATION ARMY,The Salvation Army,107916180,010791618,ON,SK,4880.0,2215.0,insertion_deletion,100.0
332034,370172,International Fellowship of Christians & jeus,Internation Fellowship of Christians & Jews,869411578,869411518,ON,ON,4070.0,3000.0,substitution,94.9
334223,381597,Gideons of Canada,The Gideons of Canada,708082991,408082991,,ON,6700.0,350.0,substitution,100.0
339150,422292,Mennonite Central Committee,Mennonite Central Committee,009038263,109038263,ON,ON,1550.0,5455.0,substitution,100.0
307723,320189,BIBLE SOCIETY,BIBLE SOCIETY,018829647,011829647,ON,,1732.0,5272.0,substitution,100.0
309851,313895,Canadian Lutheran Hour,CANADIAN LUTHERAN HOUR,118833821,118833820,ON,ON,6909.0,95.0,substitution,100.0
330500,346605,FONDS L'AIDENT,FONDS L'AIDENT,868317157,868317757,,,5500.0,1500.0,substitution,100.0
327124,374717,The Mustard Seed Church,THE MUSTARD SEED CHURCH,013344326,133443269,AB,AB,5020.0,1886.0,insertion_deletion,100.0
398577,413448,Paroisse San Giovanni Bosco,Paroisse San Giovanni Bosco,081045697,081045691,QC,QC,4200.0,2703.0,substitution,100.0
308476,365377,Missions to Seafarers,Mission to Seafarers,889108655,889108455,,BC,3096.0,3737.0,substitution,97.6
320216,329362,Kiwanis Music and Dance Festival Assoc Inc,Kiwanis Music and Dance Festival Association,002269118,000269118,ON,ON,4500.0,2250.0,substitution,100.0
353568,414615,TRANSPORT FOR CHRIST,Transport for Christ,140840066,140840666,NB,NB,6066.0,600.0,substitution,100.0
307911,310414,World Vision of Canada,World Vision Canada,001193485,011934855,ON,ON,5223.0,1414.0,insertion_deletion,100.0
350302,376357,The Canadian Scottish Regiment Cadet Old Guard Society,THE CANADIAN SCOTTISH REGIMENT CADET OLD GUARD SOCIETY,804068849,804058849,BC,BC,4617.0,2000.0,substitution,100.0
334112,334113,Pearce Williams Christian Centre,Pearce Williams Christian Centre,107829121,107829171,ON,ON,900.0,5601.0,substitution,100.0
352567,368166,Miracle Beach School Lunch Program,MIRACLE BEACH SCHOOL LUNCH PROGRAM,010796196,107961960,BC,BC,5500.0,1000.0,insertion_deletion,100.0
335195,355371,Brock Food Bank,BROCK FOOD BANK,128500904,123500904,ON,ON,4405.0,2000.0,substitution,100.0
316113,347847,Arms of Jesus,Arms of Jesus,828201845,828201895,ON,ON,5839.0,450.0,substitution,100.0
335498,369755,Samaritan's Purse,Samiritan's Purse,019138527,191385270,AB,AB,2705.0,3530.0,insertion_deletion,94.1
394723,396347,La Corporation Episcopale Catholique Romaine de Prince Alber,La Corporation Episcopale Catholique Romaine de Prince Alber,107585035,107585055,SK,SK,979.0,5251.0,substitution,100.0
341406,413653,Emergency Relief Fund,Emergency Relief Fund,117643910,177643910,ON,ON,4589.0,1600.0,substitution,100.0
318610,324484,Canadian Cancer Society,CANADIAN CANCER SOCIETY,048829803,008829803,AB,SK,5181.0,970.0,substitution,100.0
367920,393299,Heart & Stroke Foundation of Sask,Heart & Stroke Foundation of Sask.,107995817,107965817,SK,SK,3611.0,2530.0,substitution,100.0
370122,418452,PRESBYTERIAN CHURCH OF CANADA,Presbyterian Church in Canada,107756619,107156619,ON,ON,3503.0,2635.0,substitution,94.5
328608,409800,Sunnybrook Hosp Veterens Comfort Fund,Sunnybrook Hospital Veterans Comfort Fund,089920018,089920618,ON,ON,4800.0,1200.0,substitution,92.3
327008,355606,TEEN CHALLENGE,TEEN CHALLENGE,108066631,108066633,SK,ON,2980.0,3000.0,substitution,100.0
396347,398406,La Corporation Episcopale Catholique Romaine de Prince Alber,La Corporation Episcopale Catholique Romaine de Prince Alber,107585055,107585057,SK,SK,5251.0,681.0,substitution,100.0
352980,365473,BLUE SEA FOUNDATION,BLUE SEA FOUNDATION,819982655,819682655,ON,ON,5318.0,600.0,substitution,100.0
394253,397641,Covenent House,COVENANT HOUSE,897675925,897675725,BC,BC,5518.0,250.0,substitution,92.9
314788,416314,Lutheran Urban Mission,LUTERAN URBAN MISSION,351988592,351988598,MB,MB,5342.0,412.0,substitution,97.7
324118,333608,Fabrique St-Jude,Fabrique St-Jude,889358480,088935848,,QC,2900.0,2800.0,insertion_deletion,100.0
389265,413659,Sask District of the Pentecostal Ass. of Canada,Sask District of the Pentecostal Ass. of Canada,735360352,353603520,SK,SK,2698.0,2998.0,insertion_deletion,100.0
330810,403114,CHILDREN'S HEALTH & HOSPITAL FOUNDATION OF SASKATCHEWAN INC.,Children's Hospital Foundation of Saskatchewan,135309942,135303942,SK,SK,650.0,5000.0,substitution,90.1
316992,324910,Arthritis,The Arthritis Society,108071271,108071971,,SK,4849.0,763.0,substitution,100.0
320189,350665,BIBLE SOCIETY,Bible Society,011829647,118296470,,NB,5272.0,325.0,insertion_deletion,100.0
332679,378483,CNIB,CNIB,119219458,119219453,,,1263.0,4300.0,substitution,100.0
328517,419332,Gospel for Asia,Gospel for Asia,107111834,107411834,ON,ON,5138.0,420.0,substitution,100.0
372855,395017,CANADIAN RED CROSS,CANADIAN RED CROSS,110219814,117219814,ON,ON,3300.0,2255.0,substitution,100.0
337909,402350,Camp Shalom,Camp Shalom,866069986,666069986,ON,ON,5414.0,112.0,substitution,100.0
314645,402645,WORLD VISION,World Vision,119204855,119604855,ON,ON,3508.0,2004.0,substitution,100.0
326052,360394,THE GIDEON INTERNATIONAL,Gideons International,018082991,008082991,ON,ON,4200.0,1305.0,substitution,97.6
313484,377324,"""Lutheran Church - Canada East District""",Lutheran Church Canada East Distict,893990834,893993834,ON,ON,1275.0,4200.0,substitution,98.6
319754,349365,The Foundation Fighting Blindness,THE FOUNDATION FIGHTING BLINDNESS,111929369,119293690,ON,ON,5359.0,100.0,insertion_deletion,100.0
364743,378483,CNIB,CNIB,119219457,119219453,SK,,1137.0,4300.0,substitution,100.0
336574,337207,CHRISTIAN CHILDRENS FUND,Christian Children Fund,110691854,010691854,ON,ON,468.0,4872.0,substitution,97.9
339059,365255,Send International,Send International,019145068,009145068,ON,ON,3800.0,1540.0,substitution,100.0
361113,376778,Paroisse Marie-Médiatrice,Paroisse Marie Médiatrice,012896735,128967350,,ON,4240.0,1050.0,insertion_deletion,100.0
349678,405201,Développement et Paix,DÉVELOPPEMENT ET PAIX,111829902,119829902,QC,QC,4778.0,500.0,substitution,100.0
338862,419873,CANADIAN CANCER SOCIETY (NS),CANADIAN CANCER SOCIETY,118829809,118829806,NS,ON,768.0,4500.0,substitution,90.9
382546,405299,TEEN CHALLENGE,Teen Challenge,708066663,008066663,ON,ON,4000.0,1200.0,substitution,100.0
350233,402775,MTC,MTC,000237779,000037779,QC,QC,2000.0,3200.0,substitution,100.0
307994,394382,Salvation Army,THE SALVATION ARMY,101951618,102951618,ON,ON,4076.0,1100.0,substitution,100.0
373011,399089,Emmanuel International,Emmanuel International,118891277,118898277,MB,ON,3594.0,1560.0,substitution,100.0
416419,419873,CANADIAN CANCER SOCIETY,CANADIAN CANCER SOCIETY,118829804,118829806,SK,ON,650.0,4500.0,substitution,100.0
316992,395224,Arthritis,ARTHRITIS SOCIETY,108071271,108071871,,ON,4849.0,300.0,substitution,100.0
316646,329076,GIDEONS,Gideons,108082990,010808299,ON,ON,21.0,5120.0,insertion_deletion,100.0
322199,413881,Samaritan's Purse,Samaritan's Purse,179138527,109138527,AB,AB,5075.0,50.0,substitution,100.0
324547,375145,Torah Unesorah,TORAH UMESORAH,119265443,119265543,,ON,100.0,5000.0,substitution,92.9
409686,410706,AMNESTY INTERNATIONAL,Amnesty International,118795914,118775914,,ON,5000.0,50.0,substitution,100.0
345452,424134,STARTS,STARS,895094760,089509476,SK,AB,20.0,5000.0,insertion_deletion,90.9
399410,414782,ABWE,ABWE,845500558,845550558,ON,ON,4304.0,700.0,substitution,100.0
376516,419873,CANADIAN CANCER SOCIETY,CANADIAN CANCER SOCIETY,118829805,118829806,ON,ON,500.0,4500.0,substitution,100.0
339826,379519,RED DEER KOREAN CULTURE & LANGUAGE SCHOOL SOCIETY,RED DEER KOREAN CULTURE & LANGUAGE SCHOOL SOCIETY,774957122,774957112,AB,AB,4000.0,1000.0,substitution,100.0
306113,363734,Union of French Baptist Churches,Union of French Baptist Churches,101849956,191849956,QC,QC,4500.0,500.0,substitution,100.0
315530,351860,World Vision,World Vision,009304855,109304855,ON,,3282.0,1668.0,substitution,100.0
324664,363715,Salvation Army,SALVATION ARMY,107951118,107951418,ON,MB,2949.0,2000.0,substitution,100.0
322553,341569,SALVATION ARMY,SALVATION ARMY,107951168,107956168,ON,ON,4426.0,500.0,substitution,100.0
352326,368995,NEIGHBOR-AID FOOD BANK,NEIGHBOR-AID OR THE FOOD BANK,890404261,890404761,AB,AB,1720.0,3175.0,substitution,93.6
80765,325768,APHASIA ASSOCIATION OF NOVA SCOTIA,Nova Scotia Aphasia Association,810968404,810988404,NS,ON,4784.0,100.0,substitution,100.0
307685,408156,Salvation Army,Salvation Army,107951681,107951661,ON,ON,4760.0,100.0,substitution,100.0
333922,389399,Diocese of Calgary,Diocese of Calgary,107909937,107909930,AB,AB,4350.0,470.0,substitution,100.0
335195,369318,Brock Food Bank,BROCK FOOD BANK,128500904,128500804,ON,ON,4405.0,400.0,substitution,100.0
362017,408872,World Vision,World Vission,119330485,119340485,ON,ON,2106.0,2680.0,substitution,96.0
348532,365274,Samaritan's Purse,Samaritan's Purse,119198527,119158527,AB,AB,1705.0,3080.0,substitution,100.0
349678,406300,Développement et Paix,Développement et Paix,111829902,011829902,QC,QC,4778.0,0.0,substitution,100.0
310520,415989,World Vision,World Vision,000930455,000130455,ON,ON,3867.0,840.0,substitution,100.0
323316,417569,Dignity House,DIGNITY HOUSE,856314015,856314016,ON,ON,4456.0,250.0,substitution,100.0
335361,380894,Calvary Church,Cavalry Church,010632322,106323220,ON,ON,3290.0,1358.0,insertion_deletion,92.9
339090,378319,Samaritan's Purse,SAMARITAN'S PURSE,119130527,119139527,AB,AB,2140.0,2500.0,substitution,100.0
400644,419873,CANADIAN CANCER SOCIETY,CANADIAN CANCER SOCIETY,118829801,118829806,ON,ON,100.0,4500.0,substitution,100.0
335432,413293,St. Paul's Cathedral - Daily Bread,St Paul's Cathedral - Daily Bread,273077090,073077090,ON,ON,406.0,4186.0,substitution,100.0
351636,419873,Canadian Cancer Society,CANADIAN CANCER SOCIETY,118829808,118829806,ON,ON,75.0,4500.0,substitution,100.0
308277,314426,Canadian Bible Society,Canadian Bible Society,048829647,008829647,SK,NL,180.0,4342.0,substitution,100.0
18544,395562,OKANAGAN VALLEY MUSIC FESTIVAL SOCIETY OF PENTICTON,Okanagan Valley Music Festival Society of Penticton o/a Pent,119066223,119066233,BC,BC,4379.0,140.0,substitution,97.6
339187,354294,CANADA PLAN,PLAN Canada,011893899,011892899,ON,ON,1952.0,2551.0,substitution,100.0
358830,421438,UNITED CHURCH OF CANADA MISSION 3 SERVICE,UNITED CHURCH OF CANADA MISSION & SERVICE,168602455,108602455,,,3540.0,961.0,substitution,97.3
369135,420817,Diabetes Canada,Diabetes Canada,118855110,118850110,,ON,3500.0,1000.0,substitution,100.0
345574,400423,CANADIAN CANCER SOCIETY,CANADIAN CANCER SOCIETY,118529803,118929803,ON,ON,3100.0,1389.0,substitution,100.0
378483,393907,CNIB,CNIB,119219453,119219454,,SK,4300.0,178.0,substitution,100.0
321861,412518,HEART & STROKE,HEART AND STROKE FOUNDATION,106946942,106646942,ON,ON,75.0,4360.0,substitution,100.0
404573,422339,PAOC - THE PENTECOSTAL ASSEBLIES OF CANADA,PENTECOSTAL ASSEMBLIES OF CANADA,107833255,107833265,ON,SK,1790.0,2600.0,substitution,90.3
381223,412518,HEART & STROKE,HEART AND STROKE FOUNDATION,106446942,106646942,ON,ON,25.0,4360.0,substitution,100.0
369872,407696,Canadian Red Cross,CANADIAN RED CROSS SOCIETY,119219981,119219881,ON,ON,4302.0,45.0,substitution,100.0
307994,316783,Salvation Army,Salvation Army,101951618,191951618,ON,ON,4076.0,245.0,substitution,100.0
312187,373600,Institute for Creation Research,INSTITUTE FOR CREATION RESEARCH,953523177,953523777,TX,,3974.0,300.0,substitution,100.0
345574,416202,CANADIAN CANCER SOCIETY,Canadian Cancer Society,118529803,018529803,ON,BC,3100.0,1151.0,substitution,100.0
376502,401610,Avant Ministries,Avant Ministries,018942364,189423640,MB,MB,1800.0,2400.0,insertion_deletion,100.0
70460,340922,APPEASE HUNGER,APPEASE HUNGER,890370794,990370794,ON,AB,3590.0,600.0,substitution,100.0
335512,419677,Woman Care,Woman Care,890847964,890847961,,BC,4063.0,90.0,substitution,100.0
330624,375131,FABRIQUE ST FERDINAND,FABRIQUE ST FERDINAND,118996090,118996690,QC,QC,3650.0,500.0,substitution,100.0
349361,369871,Canadian Cancer Society,Canadian Cancer Society,118829203,118829703,MB,ON,3125.0,1000.0,substitution,100.0
314645,387758,WORLD VISION,World Vision,119204855,119804855,ON,ON,3508.0,588.0,substitution,100.0
318282,381482,PWS & D,PWS&D,078566198,078566190,ON,ON,650.0,3431.0,substitution,100.0
62999,329164,CAMP LAUREL FOUNDATION INC.,"""Camp Laurel Foundation Inc.""",882899172,882899170,CA,ON,3030.0,1000.0,substitution,100.0
318508,376725,New Life Girl's Home,New Life Girl's Home,013181822,131818222,ON,,340.0,3666.0,insertion_deletion,100.0
383325,395921,SEARCH AND RESCUE TORONTO,Search and Rescue Toronto,801246860,080124686,ON,ON,2000.0,2000.0,insertion_deletion,100.0
393812,399764,Hospice for Eating Disorders of Toronto (The) - Sheena's Pla,Sheena's Place (Hospice for Eating Disorders of Toronto),899788948,889788948,ON,,3000.0,1000.0,substitution,98.0
332605,395310,SALVATION ARMY,The Salvation Army,107051618,107851618,ON,ON,2500.0,1500.0,substitution,100.0
374950,403727,The Chosen People Ministries,The Chosen People Ministries,118807040,011880704,ON,ON,2000.0,2000.0,insertion_deletion,100.0
336756,416247,Ukrainian Catholic Parish of The Dormition,Ukrainian Catholic Parish of the Dormition,884358181,884388181,SK,SK,2000.0,2000.0,substitution,100.0
318893,354381,ONTARIO PROVINCIAL COMMAND CHARITABLE FOUNDATION,Ontario Provincial Command Charitable Foundation,507816180,050781618,ON,ON,2000.0,2000.0,insertion_deletion,100.0
319860,319861,Canadian Bible Society,CANADIAN BIBLE SOCIETY,116843600,106843600,BC,BC,650.0,3291.0,substitution,100.0
348676,392679,The Arthritis Society,Arthritis Society,010807167,108071674,ON,,3269.0,632.0,insertion_deletion,100.0
330209,415424,One Hope Canada,Manitou Lake Bible Canada / One Hope Canada,101764573,100764573,MB,MB,3400.0,500.0,substitution,100.0
348358,350285,TEACH BEYOND INC,Teach Beyond,107529196,107525196,MB,MB,1500.0,2400.0,substitution,100.0
371159,405755,Consil Scolaire Catholique du Nouvel Ontario,Conseil scolaire catholique du Nord Ontario,099323717,899323717,ON,ON,2760.0,1100.0,substitution,91.4
317332,407150,Bible League,BIBLE LEAGUE,108222004,108222034,ON,ON,1376.0,2481.0,substitution,100.0
382748,404258,Gospel for Asia,Gospel for Asia,107441854,107441824,ON,ON,2665.0,1190.0,substitution,100.0
319870,372855,CANADIAN RED CROSS,CANADIAN RED CROSS,113219814,110219814,ON,ON,550.0,3300.0,substitution,100.0
320524,359018,Evangal Hall,Evangel Hall,118913129,118963129,ON,ON,3600.0,240.0,substitution,91.7
310662,356311,LUTHERAN ASSOCIATION OF MISSIONARIES & PILOTS INC.,Lutheran Association of Missionaries & Pilots,119000481,190004810,AB,AB,3680.0,150.0,insertion_deletion,100.0
349361,393409,Canadian Cancer Society,CANADIAN CANCER SOCIETY,118829203,118829503,MB,SK,3125.0,663.0,substitution,100.0
364067,381223,Heart and Stroke Foundation,HEART & STROKE,106486942,106446942,ON,ON,3758.0,25.0,substitution,100.0
320470,405961,FOCUS ON THE FAMILY,Focus on the Family,106845968,106845965,BC,BC,2240.0,1500.0,substitution,100.0
315530,385546,World Vision,World Vision,009304855,001304855,ON,ON,3282.0,444.0,substitution,100.0
361411,372855,CANADIAN RED CROSS,CANADIAN RED CROSS,118219814,110219814,ON,ON,411.0,3300.0,substitution,100.0
310498,392133,Esko Omi Mission,ESKI OMI MISSION,189017430,018901743,MB,MB,2700.0,1000.0,insertion_deletion,93.8
369461,407973,Canada Helps,CANADAHELPS,896598407,896568407,ON,ON,200.0,3500.0,substitution,95.7
358404,369135,Diabetes Canada,Diabetes Canada,118851110,118855110,,,188.0,3500.0,substitution,100.0
389391,405979,Coast Island District of ACOP,Coast Island District of ACOP,888977999,088977999,BC,BC,1281.0,2406.0,substitution,100.0
404308,420869,WYCLIFFE BIBLE TRANSLATORS,WYCLIFFE BIBLE TRANSLATORS,108223071,108223671,AB,AB,2500.0,1185.0,substitution,100.0
355606,389352,TEEN CHALLENGE,TEEN CHANLLENGE INC.,108066633,110806663,ON,ON,3000.0,650.0,insertion_deletion,96.6
327008,389352,TEEN CHALLENGE,TEEN CHANLLENGE INC.,108066631,110806663,SK,ON,2980.0,650.0,insertion_deletion,96.6
317895,346404,Plan,Plan,018728443,118728443,ON,,2036.0,1574.0,substitution,100.0
368995,393855,NEIGHBOR-AID OR THE FOOD BANK,NEIHBOR-AID FOOD BANK,890404761,890404361,AB,AB,3175.0,400.0,substitution,91.3
317344,380875,MEDICINS SANS FRONTIERS,MÉDECINS SANS FRONTIÈRE,135275856,135275859,ON,,1350.0,2200.0,substitution,91.3
321707,374077,Canadian Red Cross Society,CANADIAN RED CROSS,119214814,119211814,SK,ON,3040.0,500.0,substitution,100.0
383284,387099,TEEN CHALLENGE,Teen Challenge,108966663,108666663,ON,ON,1330.0,2180.0,substitution,100.0
317531,422171,Alzheimer Society,ALZHEIMER SOCIETY,013072574,130725741,AB,AB,2795.0,710.0,insertion_deletion,100.0
385304,393618,Kinsmen Telemiracle,KINSMEN TELEMIRACLE FOUNDATION,010771630,010751630,SK,SK,200.0,3300.0,substitution,100.0
345321,389162,Arthritis Society,Arthritis Society,108171671,108971671,SK,,1273.0,2200.0,substitution,100.0
313613,314900,United Church of Canada Mission & Service,United Church of Canada Mission & Service,068102453,168102453,ON,ON,1107.0,2357.0,substitution,100.0
399533,416133,Central Alberta Presbytery,Central Alberta Presbytery,017887550,178875500,AB,AB,1711.0,1704.0,insertion_deletion,100.0
387099,397530,Teen Challenge,TEEN CHALLENGE,108666663,108166663,ON,ON,2180.0,1230.0,substitution,100.0
372139,399533,Central Alberta Presbytery,Central Alberta Presbytery,017887650,017887550,AB,AB,1646.0,1711.0,substitution,100.0
348676,401568,The Arthritis Society,THE ARTHRITIS SOCIETY,010807167,110807167,ON,SK,3269.0,58.0,substitution,100.0
368170,394034,United Pentecostal Church of Atlantic District,United Pentecostal Church of Atlantic District,119227877,119227887,NB,NB,180.0,3127.0,substitution,100.0
357186,422123,CANADIAN DIABETES ASSOCIATION,CANADIAN DIABETES SOCIETY,178830744,108830744,MB,SK,2795.0,510.0,substitution,100.0
345574,381651,CANADIAN CANCER SOCIETY,Canadian Cancer Society,118529803,118629803,ON,ON,3100.0,200.0,substitution,100.0
353273,412356,LEADING INFLUENCE MINISTRIES,LEADING INFLUENCE MINISTRIES,856565787,856565757,BC,BC,1400.0,1900.0,substitution,100.0
362017,398429,World Vision,WORLD VISION,119330485,119330484,ON,ON,2106.0,1170.0,substitution,100.0
308776,416202,"""Canadian Cancer Society SK.""",Canadian Cancer Society,018829803,018529803,SK,BC,2092.0,1151.0,substitution,90.9
319420,320513,Hearth & Stroke Foundation,Heart & Stroke Foundation,106816942,106836942,ON,SK,2200.0,1041.0,substitution,96.0
319227,360828,Villa Française des Jeunes,VILLA FRANCAISE DES JEUNES,094229228,004229228,ON,ON,2650.0,535.0,substitution,100.0
340013,414865,MARY SHERWOOD MADAGASCAR MISSION,MARY SHERWOOD MADAGASCAR MISSION,896412191,886412191,ON,ON,2560.0,620.0,substitution,100.0
358758,400638,WESTMORELAND KENT ASSOCIATION,WESTMORLAND KENT ASSOCIATION,119264916,119244916,NB,NB,2125.0,1050.0,substitution,97.0
311675,420055,Violence Against Women,Violence Against Women,089200515,892005151,ON,ON,3154.0,0.0,insertion_deletion,100.0
357461,412277,Green Hill Lake Camp,Greehill Lake Camp,010815796,010815196,NB,NB,1000.0,2100.0,substitution,94.7
338387,382653,RADIO BIBLE CLASS,Radio Bible Class,119109421,119100421,ON,ON,1598.0,1500.0,substitution,100.0
352471,413658,Muscular Dystrophy,MUSCULAR DYSTROPHY,010775837,110775837,AB,ON,2585.0,500.0,substitution,100.0
308776,324484,"""Canadian Cancer Society SK.""",CANADIAN CANCER SOCIETY,018829803,008829803,SK,SK,2092.0,970.0,substitution,90.9
343094,386251,Cowichan Independent Living,Cowichan Independent Living,087651809,087651609,BC,BC,1850.0,1200.0,substitution,100.0
338610,399570,St Mathews Cemetery Comittee,St Matthews Cemetery Committee,011905582,111905582,MB,MB,2550.0,500.0,substitution,96.6
356705,419332,Gospel For Asia,Gospel for Asia,107491834,107411834,ON,ON,2610.0,420.0,substitution,100.0
319463,328240,L'ABRIMAGE,L'ARRIMAGE,137522281,137562281,,QC,1700.0,1328.0,substitution,90.0
316078,378319,SAMARITAN'S PURSER,SAMARITAN'S PURSE,119137527,119139527,AB,AB,520.0,2500.0,substitution,97.1
377259,405915,Équipe la petite rencontre,Équipe la petite rencontre,142574954,114257495,,,2000.0,1000.0,insertion_deletion,100.0
349557,381600,Doctors Without Borders,DOCTORS WITHOUT BORDERS,035275851,352758510,ON,ON,2000.0,1000.0,insertion_deletion,100.0
361101,386992,Shelter Box of Canada,SHELTER BOX CANADA,846283203,846283205,ON,ON,1000.0,2000.0,substitution,100.0
346354,396525,MONTREAL GENERAL HOSPITAL FOUNDATION,Montreal General Hospital Foundation,119009741,011900974,QC,QC,2500.0,500.0,insertion_deletion,100.0
324713,405693,Maison des Jeunes Maison du Tonnerre,Maison du Tonnerre Maison des jeunes inc,890233466,892233466,,QC,3000.0,0.0,substitution,100.0
332100,393861,THE LUNG ASSOC - SASK.,Sask Lung Association,872304810,087230481,SK,SK,2556.0,355.0,insertion_deletion,100.0
330179,370269,Edmonton Food Bank,FOOD BANK - EDMONTON,129183310,129188310,AB,AB,1897.0,1000.0,substitution,100.0
317515,361600,M.S. Society of Canada,M.S. Society of Canada,010774617,107746177,ON,SK,1795.0,1033.0,insertion_deletion,100.0
320085,414500,The Salvation Army,THE SALVATION ARMY,010791618,010741618,SK,BC,2215.0,600.0,substitution,100.0
332605,361447,SALVATION ARMY,13.SALVATION ARMY,107051618,107091618,ON,BC,2500.0,313.0,substitution,90.3
319870,395017,CANADIAN RED CROSS,CANADIAN RED CROSS,113219814,117219814,ON,ON,550.0,2255.0,substitution,100.0
374294,386698,MENNONITE DISASTER SERVICE,MENNONITE DISASTER SERVICE,892888263,896888263,MB,MB,500.0,2280.0,substitution,100.0
320191,345501,Canadian Diabetes Association,CANADIAN DIABETES ASSOCIATION,118930744,118730744,ON,SK,2000.0,730.0,substitution,100.0
363867,364949,Fabrique de Chandler,FABRIQUE DE CHANDLER,118998945,118498945,,QC,1650.0,1080.0,substitution,100.0
378319,393085,SAMARITAN'S PURSE,The Samaritan's Purse,119139527,119136527,AB,AB,2500.0,220.0,substitution,100.0
355890,362315,ROSS HAVEN BIBLE CAMP,Ross Haven Bible Camp,893648864,893658864,AB,,2000.0,720.0,substitution,100.0
309787,389628,Bobcaygeon Helps Food Bank,Bobcaygeon Helps Food Bank,867578163,807578163,ON,ON,2550.0,150.0,substitution,100.0
311363,394142,Mission FEST,MISSION FAST SOCIETY,129727708,129727706,BC,BC,2500.0,200.0,substitution,91.7
330368,351321,SAMARITANS PURSE,SAMARITAN'S PURSE,119138577,119138377,AB,AB,1635.0,1057.0,substitution,90.9
360331,387099,TEEN CHALLENGE,Teen Challenge,108636663,108666663,AB,ON,500.0,2180.0,substitution,100.0
343463,349017,Synod of Alberta & the Territories,Synod of Alberta & Territories,013059404,019059404,AB,AB,2113.0,555.0,substitution,100.0
344599,385531,Van Es Camp and Conference Centre,Camp VanEs and Conference Centre,118812800,011881280,AB,AB,2467.0,200.0,insertion_deletion,91.2
361411,395017,CANADIAN RED CROSS,CANADIAN RED CROSS,118219814,117219814,ON,ON,411.0,2255.0,substitution,100.0
316078,339090,SAMARITAN'S PURSER,Samaritan's Purse,119137527,119130527,AB,AB,520.0,2140.0,substitution,97.1
333885,389374,POSTAL BIBLE STUDIES,Postal Bible Studies,755625100,075562510,MB,MB,1800.0,800.0,insertion_deletion,100.0
387758,402645,World Vision,World Vision,119804855,119604855,ON,ON,588.0,2004.0,substitution,100.0
383284,397530,TEEN CHALLENGE,TEEN CHALLENGE,108966663,108166663,ON,ON,1330.0,1230.0,substitution,100.0
361127,414615,Transport for Christ,Transport for Christ,014084066,140840666,NS,NB,1957.0,600.0,insertion_deletion,100.0
314902,391133,Ovarian Cancer Canada,Ovarian Cancer Canada,873400261,873440261,BC,BC,1961.0,584.0,substitution,100.0
355135,393755,SALVATION ARMY,SALVATION ARMY,207951618,907951618,ON,ON,1000.0,1514.0,substitution,100.0
308069,390645,Ariel Ministries,AERIEL MINISTRIES,092419748,012419748,QC,QC,1400.0,1100.0,substitution,97.0
313512,397187,McGill University,University of McGill,119028981,119428981,QC,,1500.0,1000.0,substitution,100.0
351681,363970,Oliver Lodge Special Care Home.,Oliver Lodge Special Care Home,007799885,007794885,SK,SK,2000.0,500.0,substitution,100.0
330902,408395,Presbyterian Women's Society,Presbyterian Women's Society,089472979,889472979,ON,ON,1223.0,1265.0,substitution,100.0
356287,418391,Diocese of Central Newfoundland,DIOCESE OF CENTRAL NEWFOUNDLAND,109020232,108020232,NL,NL,1172.0,1310.0,substitution,100.0
319420,340675,Hearth & Stroke Foundation,Heart & Stroke,106816942,106876942,ON,ON,2200.0,275.0,substitution,96.0
319478,347948,HANDIWORKS,Handiworks,106577910,065779101,SK,SK,2066.0,400.0,insertion_deletion,100.0
356066,386458,OUR DAILY BREAD,Our Daily Bread,119008421,119908421,ON,ON,2300.0,160.0,substitution,100.0
406537,416491,The Salvation Army,Salvation Army,079516180,179516180,ON,AB,572.0,1886.0,substitution,100.0
320085,384603,The Salvation Army,Salvation Army,010791618,010795618,SK,ON,2215.0,200.0,substitution,100.0
356294,400569,InterServce Canada,Interserve Canada,106993490,010699349,ON,ON,1200.0,1200.0,insertion_deletion,97.1
332679,364743,CNIB,CNIB,119219458,119219457,,SK,1263.0,1137.0,substitution,100.0
356266,398326,LUTHERAN WOMEN'S MISSIONARY LEAGUE CANADA,LUTHERAN WOMEN'S MISSIONARY LEAGUE CANADA,492416768,492916768,MB,MB,854.0,1540.0,substitution,100.0
322214,327330,TVO,TVO,859650232,859550232,ON,ON,2190.0,200.0,substitution,100.0
341884,363846,Sr Rita Clare Scholarship Fund,SISTER RITA CLARE SCHOLARSHIP FUND,089994822,089994322,NS,,2325.0,60.0,substitution,93.8
339090,393085,Samaritan's Purse,The Samaritan's Purse,119130527,119136527,AB,AB,2140.0,220.0,substitution,100.0
345299,351857,THE WAR AMPS,The War Amps,131969626,131969629,ON,ON,110.0,2250.0,substitution,100.0
310017,330368,Samaritans Purse,SAMARITANS PURSE,119138547,119138577,AB,AB,705.0,1635.0,substitution,100.0
361423,379732,Samaritans Purse,SAMARITAN'S PURSE,119138827,119138227,AB,AB,1990.0,315.0,substitution,90.9
310458,407433,LWML - Immanuel,LWML-Immanuel,132202204,132202234,AB,AB,2151.0,135.0,substitution,100.0
319420,374962,Hearth & Stroke Foundation,HEART & STROKE FOUNDATION,106816942,106856942,ON,,2200.0,75.0,substitution,96.0
323716,374981,Christ for Your City,Christ For Your City,867714330,868714330,ON,ON,1950.0,300.0,substitution,100.0
355522,358394,OEUVRES PROVINCIAL DELA PROPAGATION DELA FOI,OEUVRE PROVINCIALE DE LA PROPAGATION DELA FOI,119005784,199005784,QC,QC,445.0,1770.0,substitution,91.6
351060,385669,World Vision,WORLD VISION,112304855,114304855,ON,ON,1721.0,480.0,substitution,100.0
309146,317356,SOMMUNICATIONS ET SOCIÉTÉ,Communications et société,197792111,117792111,QC,,0.0,2200.0,substitution,92.9
316027,316028,Lloydminster Handi Van Society,Lloydminster Handi Ven Society,019022333,190223330,SK,SK,1450.0,700.0,insertion_deletion,95.5
314882,352322,CANADIAN RED CROSS,Canadian Red Cross,119219817,119219811,ON,AB,1175.0,970.0,substitution,100.0
352326,393855,NEIGHBOR-AID FOOD BANK,NEIHBOR-AID FOOD BANK,890404261,890404361,AB,AB,1720.0,400.0,substitution,97.7
327273,338395,Intervarsity Christian Fellowship,Inter-Varsity Christian Fellowship,107513100,107513190,ON,NS,1200.0,900.0,substitution,98.5
393755,406537,SALVATION ARMY,The Salvation Army,907951618,079516180,ON,ON,1514.0,572.0,insertion_deletion,100.0
309092,341230,MEGINEI CHANA,MEGINEI CHANA,888423547,888423847,,,1978.0,100.0,substitution,100.0
358847,405718,Sleeping Children,SLEEPING CHILDREN,131635396,131625396,ON,ON,1900.0,150.0,substitution,100.0
327892,343066,ARARCHIM,ARACHIM/CDN JEWISH AWARENESS,084659674,846596740,,,1250.0,780.0,insertion_deletion,93.3
327137,360841,"""THE KIDNEY FOUNDATION OF CANADA",Kidney Foundation of Canada,107567798,107567698,BURNABY,SK,0.0,2003.0,substitution,100.0
311791,387993,APOSTOLIC CHURCH OF PENTECOST,APOSTOLIC CHURCH OF PENTECOST,022769439,227694392,AB,AB,0.0,2000.0,insertion_deletion,100.0
390967,395310,The Salvation Army,The Salvation Army,107851518,107851618,NS,ON,500.0,1500.0,substitution,100.0
358506,419685,WAUPOOS FAMILY FARM,WAUPOOS FAMILY FARM,119262156,119262146,,,1500.0,500.0,substitution,100.0
344868,370888,Salvation Army,Salvation Army,001099518,001079518,ON,ON,1000.0,1000.0,substitution,100.0
343085,350118,VMM - Vaad Mishmeres Mitzvos,VMM- Vaad Mishmeres Mitzvos,089061876,089051876,QC,QC,440.0,1550.0,substitution,100.0
354986,399457,Good Shepherd Centre,Good Shepherd Centre,110636798,150636798,ON,ON,1785.0,200.0,substitution,100.0
313613,396504,United Church of Canada Mission & Service,UNITED CHURCH OF CANADA MISSION & SERVICE,068102453,068102403,ON,ON,1107.0,866.0,substitution,100.0
330389,352633,OUR DAILY BREAD MINISTRIES,Our Daily Bread Ministries,109108421,199108421,ON,ON,661.0,1300.0,substitution,100.0
382769,406483,MISSIONSFEST,Missionsfest,291277083,129127708,BC,BC,1680.0,240.0,insertion_deletion,100.0
311025,347308,World Vision,WORLD VISION,119305855,119303855,ON,ON,1380.0,540.0,substitution,100.0
308696,397995,CAMP BOW-ISLE,Camp Bow-Isle,003231621,013231621,BC,BC,1700.0,200.0,substitution,100.0
321037,331954,Christian Children's Fund,Christian Children's Fund,106918343,106918243,ON,ON,1865.0,25.0,substitution,100.0
346236,373487,CANADIAN COUNCIL OF CHRISTIAN CHARITIES,Canadian Council of Christian Charities,106844864,010684486,ON,ON,600.0,1290.0,insertion_deletion,100.0
352410,393755,Salvation Army,SALVATION ARMY,707951618,907951618,ON,ON,300.0,1514.0,substitution,100.0
382653,385710,Radio Bible Class,Radio Bible Class,119100421,119180421,ON,ON,1500.0,300.0,substitution,100.0
79157,379758,SOINS PALLIATIFS HORIZON-TIMMINS INC./HORIZON-TIMMINS PALLIATIVE CARE INC.,Horizon Timmins soins palliatifs,897748679,897748689,ON,,1784.0,0.0,substitution,100.0
330368,335699,SAMARITANS PURSE,Samaritan's Purse,119138577,011913857,AB,AB,1635.0,147.0,insertion_deletion,90.9
381780,402354,North Burma Christian Mission,North Burma Christian Mission,723213475,072321347,PE,,900.0,857.0,insertion_deletion,100.0
368492,389024,St. Andrews College,St Andrews College,108754808,008754808,SK,SK,1114.0,600.0,substitution,100.0
347402,413935,INTERNATIONAL FEELOWSHIP OF CHRISTIANS & JEWS,INTERNATIONAL FEELOWSHIP OF CHRISTIANS & JEWS,867411580,867411587,ON,ON,500.0,1205.0,substitution,100.0
347055,416480,ALMOST HOME,Almost Home,730315807,030315807,ON,ON,1200.0,500.0,substitution,100.0
338307,393683,ROCK SOLID MINISTRIES,Rock Solid Ministires.,896697946,896897946,SK,SK,919.0,780.0,substitution,95.2
362014,420986,PARTNERS INT.,PARTNERS INT.,118856987,118856982,ON,ON,1260.0,420.0,substitution,100.0
369871,393409,Canadian Cancer Society,CANADIAN CANCER SOCIETY,118829703,118829503,ON,SK,1000.0,663.0,substitution,100.0
348758,423593,Mission Services,Mission Services,119303205,019303205,ON,ON,1400.0,250.0,substitution,100.0
332192,380603,UNICEF,UNICEF,122080572,122060572,ON,ON,1000.0,600.0,substitution,100.0
358496,421011,St Andrews College,St. Andrews College,103154808,106154808,SK,SK,1400.0,200.0,substitution,100.0
381651,400423,Canadian Cancer Society,CANADIAN CANCER SOCIETY,118629803,118929803,ON,ON,200.0,1389.0,substitution,100.0
324324,393755,Salvation Army,SALVATION ARMY,607951618,907951618,MB,ON,75.0,1514.0,substitution,100.0
355135,406537,SALVATION ARMY,The Salvation Army,207951618,079516180,ON,ON,1000.0,572.0,insertion_deletion,100.0
313925,369568,WOMEN'S INTER-CHURCH COUNCIL,Women's Inter Church Council (FLC),108221989,108721989,ON,ON,1463.0,100.0,substitution,93.3
352633,379730,Our Daily Bread Ministries,OUR DAILY BREAD MINISTER,199108421,149108421,ON,ON,1300.0,240.0,substitution,92.0
317161,399415,LINKS 2 CARE,LINKS 2 CARE,106684033,106684833,ON,ON,1200.0,300.0,substitution,100.0
312560,416814,Beth Oloth Charitable Orangization,Beth Oloth Charitable Orangization,118827080,118817080,,,1000.0,500.0,substitution,100.0
320076,339131,Canadian Tire - Jump Start,Canadian Tire Jump Start.,137929450,013792945,ON,ON,500.0,1000.0,insertion_deletion,100.0
339156,400423,CANADIAN CANCER SOCIETY,CANADIAN CANCER SOCIETY,188929803,118929803,ON,ON,100.0,1389.0,substitution,100.0
371956,394554,Fare Share,Fare Share,009061844,009161844,ON,ON,1385.0,100.0,substitution,100.0
386721,399547,Anglican Church of Canada,Anglican Church of Canada,010804283,108042830,ON,ON,1092.0,375.0,insertion_deletion,100.0
332679,393907,CNIB,CNIB,119219458,119219454,,SK,1263.0,178.0,substitution,100.0
338862,416419,CANADIAN CANCER SOCIETY (NS),CANADIAN CANCER SOCIETY,118829809,118829804,NS,SK,768.0,650.0,substitution,90.9
314882,323236,CANADIAN RED CROSS,Canadian Red Cross,119219817,119219816,ON,ON,1175.0,237.0,substitution,100.0
321524,323331,CITIZENS FOR PUBLIC JUSTICE,CITIZENS FOR PUBLIC JUSTICE,894383872,894383572,ON,ON,200.0,1200.0,substitution,100.0
352335,361710,CANADIAN RED CROSS,THE CANADIAN RED CROSS SOCIETY,192119814,192219814,ON,SK,1175.0,200.0,substitution,100.0
310017,359595,Samaritans Purse,Samaritans Purse,119138547,919138547,AB,AB,705.0,656.0,substitution,100.0
351544,412078,Baycrest Foundation,BAYCREST FOUNDATION,119215742,119215442,,,1000.0,360.0,substitution,100.0
314322,385609,Canadian Bible Society,CANADIAN BIBLE SOCIETY,108646754,108645754,QC,QC,750.0,600.0,substitution,100.0
353135,374343,BRIDGES OF HOPE INTERNATIONAL NETWORK,BRIDGES OF HOPE INTERNATIONAL NETWORK,263616843,363616843,AB,AB,880.0,470.0,substitution,100.0
320513,340675,Heart & Stroke Foundation,Heart & Stroke,106836942,106876942,SK,ON,1041.0,275.0,substitution,100.0
364743,393907,CNIB,CNIB,119219457,119219454,SK,SK,1137.0,178.0,substitution,100.0
373487,382187,Canadian Council of Christian Charities,CANADIAN COUNCIL OF CHRISTIAN CHARITIES,010684486,106844865,ON,ON,1290.0,20.0,insertion_deletion,100.0
321776,351816,OHR HAMEIR C.F.O,C.F. OF OHR HAMEIR,890334848,890334841,,,100.0,1200.0,substitution,93.3
352410,355135,Salvation Army,SALVATION ARMY,707951618,207951618,ON,ON,300.0,1000.0,substitution,100.0
309567,372150,Carlton Trail Citizens Pro-Life Association,CARLTON TRAIL CITIZENS PRO-LIFE ASSOCIATION,443127092,044312709,SK,SK,900.0,385.0,insertion_deletion,100.0
338862,376516,CANADIAN CANCER SOCIETY (NS),CANADIAN CANCER SOCIETY,118829809,118829805,NS,ON,768.0,500.0,substitution,90.9
350358,406705,The Anglican Parish of St. Barnabas,The Anglican Parish of St. Barabas,000622830,000622836,,,750.0,500.0,substitution,98.1
357216,422131,AWANA International Canada,Awana International Canda,841663625,841663623,BC,BC,1000.0,250.0,substitution,98.0
337928,373466,Caw Club 200 Youth,Caw Club 200 Youth,087697970,087694970,ON,ON,250.0,1000.0,substitution,100.0
355423,378093,SAMARITAN'S PURSE,SAMARITAN'S PURSE,119133852,119136852,AB,AB,945.0,300.0,substitution,100.0
323236,352322,Canadian Red Cross,Canadian Red Cross,119219816,119219811,ON,AB,237.0,970.0,substitution,100.0
362392,418451,Beth Emanuel Church,Beth Emanuel Church,088997980,889979800,ON,ON,200.0,1000.0,insertion_deletion,100.0
314882,416042,CANADIAN RED CROSS,Canadian Red Cross,119219817,111921981,ON,SK,1175.0,15.0,insertion_deletion,100.0
385540,402354,North Burma Christian Mission,North Burma Christian Mission,072321647,072321347,,,332.0,857.0,substitution,100.0
358404,420817,Diabetes Canada,Diabetes Canada,118851110,118850110,,ON,188.0,1000.0,substitution,100.0
376516,416419,CANADIAN CANCER SOCIETY,CANADIAN CANCER SOCIETY,118829805,118829804,ON,SK,500.0,650.0,substitution,100.0
330470,418745,Fabrique St-Alexis Des Monts,FABRIQUE ST-ALEXIS DES MONTS,018994466,088994466,QC,,120.0,1000.0,substitution,100.0
320513,374962,Heart & Stroke Foundation,HEART & STROKE FOUNDATION,106836942,106856942,SK,,1041.0,75.0,substitution,100.0
350480,401604,JEWISH GENERAL HOSPITAL FOUNDATION,JEWISH GENERAL HOSPITAL FOUNDATION,104952304,104922304,,,1000.0,100.0,substitution,100.0
409307,418451,BETH EMANUEL CHURCH,Beth Emanuel Church,889979840,889979800,ON,ON,100.0,1000.0,substitution,100.0
350480,413656,JEWISH GENERAL HOSPITAL FOUNDATION,JEWISH GENERAL HOSPITAL FOUNDATION,104952304,104942304,,,1000.0,100.0,substitution,100.0
350480,420198,JEWISH GENERAL HOSPITAL FOUNDATION,JEWISH GENERAL HOSPITAL FOUNDATION,104952304,104912304,,,1000.0,100.0,substitution,100.0
308992,329275,Lutheran Hospital Ministries,Lutheran Hospital Ministries,007649931,000764993,AB,AB,1000.0,100.0,insertion_deletion,100.0
310014,365168,South Shore Regional Hospital,South Shore Regional Hospital,119158488,119158486,NS,NS,1000.0,100.0,substitution,100.0
324324,355135,Salvation Army,SALVATION ARMY,607951618,207951618,MB,ON,75.0,1000.0,substitution,100.0
370023,419009,Aid To The Church In Need,Aid to the Church in Need,013036259,130362590,QC,QC,817.0,250.0,insertion_deletion,100.0
324910,395224,The Arthritis Society,ARTHRITIS SOCIETY,108071971,108071871,SK,ON,763.0,300.0,substitution,100.0
311943,350480,JEWISH GENERAL HOSPITAL FOUNDATION,JEWISH GENERAL HOSPITAL FOUNDATION,104902304,104952304,,,50.0,1000.0,substitution,100.0
328778,350480,JEWISH GENERAL HOSPITAL FOUNDATION,JEWISH GENERAL HOSPITAL FOUNDATION,104932304,104952304,,,50.0,1000.0,substitution,100.0
350480,373002,JEWISH GENERAL HOSPITAL FOUNDATION,JEWISH GENERAL HOSPITAL FOUNDATION,104952304,104962304,,,1000.0,50.0,substitution,100.0
326094,420762,Kidney Foundation,The Kidney Foundation,107587398,107597398,,ON,944.0,100.0,substitution,100.0
352322,407696,Canadian Red Cross,CANADIAN RED CROSS SOCIETY,119219811,119219881,AB,ON,970.0,45.0,substitution,100.0
368997,421094,AMNESTY INTERNAITONAL,AMNESTY INTERNATIONAL,115785914,119785914,ON,ON,0.0,1000.0,substitution,95.2
312462,352427,THE POLISH INSTITUTE OF ARTS AND SCIENCES IN CANADA,THE POLISH INSTITUTE OF ARTS AND SCIENCES IN CANADA,087023843,870238430," QC""",QC,500.0,500.0,insertion_deletion,100.0
324811,376865,Kinistino Sports Complex,Kinistino Sports Complex,119240646,019240646,SK,SK,355.0,632.0,substitution,100.0
327411,394292,Eastern Valley Baptist Association,Eastern Valley Baptist Association,010727340,001072734,NS,NS,885.0,100.0,insertion_deletion,100.0
352322,416042,Canadian Red Cross,Canadian Red Cross,119219811,111921981,AB,SK,970.0,15.0,insertion_deletion,100.0
310201,387758,World Vision,World Vision,119804885,119804855,ON,ON,396.0,588.0,substitution,100.0
383473,417360,Rouge Valley Ajax-Pickering Hospital,Rouge Valley Ajax Pickering Hospital,123777474,123779474,ON,ON,925.0,50.0,substitution,100.0
319870,361411,CANADIAN RED CROSS,CANADIAN RED CROSS,113219814,118219814,ON,ON,550.0,411.0,substitution,100.0
330389,379730,OUR DAILY BREAD MINISTRIES,OUR DAILY BREAD MINISTER,109108421,149108421,ON,ON,661.0,240.0,substitution,92.0
347231,386881,March of Dimes,March of Dimes,010788398,010788392,ON,ON,50.0,850.0,substitution,100.0
345531,405021,McGill University,MCGILL UNIVERSITY,119126891,119129891,QC,QC,500.0,400.0,substitution,100.0
307915,417661,PARRSBORO COMMUNITY RADIO SOCIETY,Parrsboro Community Radio Society,890277122,890227122,NS,NS,800.0,100.0,substitution,100.0
347234,361662,Samaritan's Purse,Samaritan's Purse,119308527,119318527,AB,AB,52.0,847.0,substitution,100.0
378848,423762,Evangel Hall,Evangel Hall,118903125,011890312,ON,ON,690.0,200.0,insertion_deletion,100.0
343066,378014,ARACHIM/CDN JEWISH AWARENESS,ARACHIM/CDN JEWISH AWARENESS,846596740,846598740,,,780.0,100.0,substitution,100.0
321461,389478,CAMP GEDDIE,CAMP GEDDIE,137241674,137241678,NS,NS,500.0,380.0,substitution,100.0
352410,406537,Salvation Army,The Salvation Army,707951618,079516180,ON,ON,300.0,572.0,insertion_deletion,100.0
338862,400644,CANADIAN CANCER SOCIETY (NS),CANADIAN CANCER SOCIETY,118829809,118829801,NS,ON,768.0,100.0,substitution,90.9
330478,354539,Salvation Army,Salvation Army,119159750,119059750,ON,,220.0,625.0,substitution,100.0
338862,351636,CANADIAN CANCER SOCIETY (NS),Canadian Cancer Society,118829809,118829808,NS,ON,768.0,75.0,substitution,90.9
392010,423718,Gillespie Academy,Gillespie Academy,842678113,892678113,ON,ON,345.0,492.0,substitution,100.0
317194,398355,JUNIPER HOUSE,JUNIPER HOUSE,130543744,130503744,NS,NS,440.0,390.0,substitution,100.0
353001,368246,Verorum Illuminatorum Ascencus Foundation Inc,VERORUM ILLUMINATORUM ASCENSUS FOUNDATION,813755859,813755659,ON,ON,436.0,374.0,substitution,96.7
345215,421720,Faith Tabernacle,FAITH TABERNACLE,018912427,189124270,NS,NS,400.0,404.0,insertion_deletion,100.0
360037,402733,CHRISTIAN BLIND MISSION,CHRISTIAN BLIND MISSION,106918339,106918399,ON,ON,600.0,200.0,substitution,100.0
312337,322123,RETURNING TO SPIRIT,Returning to Spirit,824928920,824948920,MB,MB,300.0,500.0,substitution,100.0
318265,361370,SCAW,SCAW,101634369,131634369,,,200.0,585.0,substitution,100.0
400644,416419,CANADIAN CANCER SOCIETY,CANADIAN CANCER SOCIETY,118829801,118829804,ON,SK,100.0,650.0,substitution,100.0
405510,407027,Monica Place,MONICA PLACE,002349044,002399044,ON,ON,350.0,400.0,substitution,100.0
316078,393085,SAMARITAN'S PURSER,The Samaritan's Purse,119137527,119136527,AB,AB,520.0,220.0,substitution,97.1
320519,334097,Ronald MacDonald House,Ronald McDonald House,107407953,107407923,SK,SK,632.0,100.0,substitution,97.7
351636,416419,Canadian Cancer Society,CANADIAN CANCER SOCIETY,118829808,118829804,ON,SK,75.0,650.0,substitution,100.0
308243,320193,JEWISH COMMUNITY FEDERATION,JEWISH COMMUNITY FEDERATION,011894179,118941791,QC,QC,360.0,360.0,insertion_deletion,100.0
371817,396133,SUDBURY FOOD BANK,SUDBURN FOOD BANK,336855228,336853228,ON,ON,420.0,290.0,substitution,94.1
313892,366907,WORLD VISION,World Vision,119304858,119304853,ON,ON,100.0,600.0,substitution,100.0
392679,401568,Arthritis Society,THE ARTHRITIS SOCIETY,108071674,110807167,,SK,632.0,58.0,insertion_deletion,100.0
394491,404374,Developpement et paix,Développement & Paix,118828902,118821902,QC,QC,500.0,171.0,substitution,100.0
384448,414402,MEN'S MISSION LONDON MISSION SERVICES,Men's Mission London - Mission Services,011930278,119302780,ON,ON,500.0,150.0,insertion_deletion,100.0
372866,420775,BC SPCA,BC SPCA,018819036,188190360,BC,BC,400.0,250.0,insertion_deletion,100.0
324324,406537,Salvation Army,The Salvation Army,607951618,079516180,MB,ON,75.0,572.0,insertion_deletion,100.0
327211,338954,Canadian Diabetes Assoc,CANADIAN DIABETES ASSOC,008830774,018830774,SK,SK,340.0,305.0,substitution,100.0
347912,381323,SICK KIDS FOUNDATION,SICK KIDS FOUNDATION,000084419,008084419,ON,ON,200.0,430.0,substitution,100.0
346236,382187,CANADIAN COUNCIL OF CHRISTIAN CHARITIES,CANADIAN COUNCIL OF CHRISTIAN CHARITIES,106844864,106844865,ON,ON,600.0,20.0,substitution,100.0
382792,394819,Wycliffe MicMac Translations,WYCLIFFE MICMAC TRANSLATIONS,018223371,018223771,AB,,320.0,300.0,substitution,100.0
327205,328149,ADVANCEMENT OF SCRIPTURAL KNOWLEDGE,ADVANCEMENT OF SCRIPTURAL KNOWLEDGE,886696144,886696164,ON,ON,392.0,225.0,substitution,100.0
376516,400644,CANADIAN CANCER SOCIETY,CANADIAN CANCER SOCIETY,118829805,118829801,ON,ON,500.0,100.0,substitution,100.0
363947,411522,Heart & Stroke Foundation,HEART & STROKE FOUNDATION,106848942,126848942,ON,ON,350.0,250.0,substitution,100.0
351636,376516,Canadian Cancer Society,CANADIAN CANCER SOCIETY,118829808,118829805,ON,ON,75.0,500.0,substitution,100.0
375329,415512,Kids Alive,Kids Alive,087216456,017216456,ON,ON,240.0,300.0,substitution,100.0
371095,380502,Société Canadienne du Cancer,Société Canadienne Du Cancer,118829407,118829807,,,460.0,70.0,substitution,100.0
392689,413811,Canadian Feed The Children,Canadian Feed the Children,018830983,188309830,ON,ON,304.0,204.0,insertion_deletion,100.0
387887,418845,Société Canadienne du Cancer,Societe Canadienne du Cancer,111829803,114829803,,QC,400.0,100.0,substitution,100.0
396363,422215,Covenant House,Covenant House,089767562,897675627,BC,BC,500.0,0.0,insertion_deletion,100.0
407936,409606,ST MATTHEW'S PARISH,ST MATTHEW'S PARISH,107210259,107510259,ON,,260.0,240.0,substitution,100.0
367974,416130,WMS Grey Bruce Presbyterial,Grey Bruce Presbyterial WMS.,588264991,588264971,ON,ON,400.0,100.0,substitution,100.0
312366,416736,The Royal Canadian Legion Branch 113,THE RPOYAL CANADIAN LEGION BRANCH 113,300210150,330210150,ON,ON,450.0,50.0,substitution,98.5
316649,345192,RBC Ministries,RBC Ministries,119108471,119108431,ON,ON,200.0,300.0,substitution,100.0
330793,333255,FABRIQUE ST-ANACLET,FABRIQUE ST-ANACLET,107302899,101302899,,QC,308.0,169.0,substitution,100.0
371817,403977,SUDBURY FOOD BANK,Sudbury Food Bank,336855228,336855218,ON,ON,420.0,55.0,substitution,100.0
333269,414346,ST. PIUS CEMETERY,ST. PIUS CEMETERY,199683822,119683822,SK,SK,364.0,109.0,substitution,100.0
360650,394542,COVENANT HOUSE,COVENANT HOUSE,106900195,106940195,ON,ON,360.0,100.0,substitution,100.0
373454,413929,Bridges Shelter,Bridge Shelter,890259414,590259414,ON,ON,335.0,117.0,substitution,96.6
313151,372130,Our Daily Bread Ministries,Our Daily Bread Ministries,117108421,110108421,ON,ON,400.0,50.0,substitution,100.0
343708,374290,Open Bible Faith Fellowship,Open Bible Faith Fellowship,094399948,394399948,ON,ON,200.0,250.0,substitution,100.0
340029,379602,PEOPLE IN PAIN NETWORK,People in Pain Network Society,844717283,841717283,BC,BC,140.0,298.0,substitution,100.0
333126,347824,Fabrique St Adelphe,FABREQUE ST-ADELPHE,899913444,889913444,,QC,136.0,293.0,substitution,94.7
339242,415870,Fonds de charité du MÉPACQ,Fonds de charité du MEPACQ,890149288,890129288,QC,,425.0,0.0,substitution,100.0
312670,336813,ZZZ-Safe Haven Animal Rescue Edmonton Society,Safe Haven Animal Rescue Edmonton Society,813713074,813711074,AB,AB,50.0,354.0,substitution,94.3
381651,416428,Canadian Cancer Society,CANADIAN CANCER SOCIETY,118629803,116629803,ON,ON,200.0,200.0,substitution,100.0
327272,389789,First United Church Mission,First United Church Mission,867261350,086726135,BC,BC,100.0,300.0,insertion_deletion,100.0
374511,418099,Nelson Municipal Library,Nelson Municipal Library,106934065,106974065,BC,BC,250.0,150.0,substitution,100.0
348403,421376,Aide à l'Église en Détresse,Aide à l'Église en détresse,013362593,133625930,,QC,300.0,100.0,insertion_deletion,100.0
361742,391963,Primate's World Relief & Development Fund,PRIMATES WORLD RELIEF & DEVELOPMENT FUND,566434640,266434640,ON,ON,346.0,38.0,substitution,96.1
357509,388078,FREE HEBREW FOR JUNIORS,FREE HEBREW FOR JUNIORS,118951534,118941534,,,200.0,180.0,substitution,100.0
399753,401672,Hampton Foodbasket,Hampton Foodbascket,118925218,118985218,NB,NB,129.0,250.0,substitution,97.3
324324,352410,Salvation Army,Salvation Army,607951618,707951618,MB,ON,75.0,300.0,substitution,100.0
340675,374962,Heart & Stroke,HEART & STROKE FOUNDATION,106876942,106856942,ON,,275.0,75.0,substitution,100.0
347142,361722,MISSIONNAIRES DE LA CONSOLATA,MISSIONNAIRES DE LA CONSOLATA,889471438,899471438,,,200.0,150.0,substitution,100.0
309400,367887,OXFAM INTERNATIONAL,Oxfam International,021716806,121716806,,,119.0,228.0,substitution,100.0
400684,413439,Canadian Red Cross,The Canadian Red Cross Society/La Societe Canadienne de la C,119719814,119519814,BC,ON,50.0,250.0,substitution,100.0
318764,417788,Saskatchewan Kinsmen Foundation,Saskatchewan Kinsmen Foundation,007571631,107571631,SK,SK,110.0,172.0,substitution,100.0
336784,396305,LAMP,Lamp,119009810,119009310,AB,AB,100.0,180.0,substitution,100.0
350790,378296,CITIZENS FOR PUBLIC JUSTICE,CITIZENS FOR PUBLIC JUSTICE,844383512,864383512,ON,ON,265.0,0.0,substitution,100.0
331878,340435,Telemiracle,Telemiricle,109571630,104571630,SK,,25.0,233.0,substitution,90.9
323236,416042,Canadian Red Cross,Canadian Red Cross,119219816,111921981,ON,SK,237.0,15.0,insertion_deletion,100.0
358392,410330,PFLAG CANADA DURHAM REGION,PFLAG CANADA DURHAM REGION,864483246,964483246,ON,ON,150.0,100.0,substitution,100.0
380960,413325,Diocesan Times / Anglican Journal,Diocesan Times/ Anglican Journal,056588117,086588117,ON,ON,125.0,115.0,substitution,100.0
321405,354993,LUTHERAN ASSOCIATION OF MISSIONARIES AND PILOTS,Lutheran Association of Missionaries & Pitots,119044810,119064810,AB,AB,120.0,100.0,substitution,96.4
390721,412778,Corps Cadet 752,Corps Cadets 752,107592967,107592961,,,100.0,100.0,substitution,96.8
394292,421677,Eastern Valley Baptist Association,Eastern Valley Baptist Association,001072734,001072134,NS,NS,100.0,100.0,substitution,100.0
401604,420198,JEWISH GENERAL HOSPITAL FOUNDATION,JEWISH GENERAL HOSPITAL FOUNDATION,104922304,104912304,,,100.0,100.0,substitution,100.0
401604,413656,JEWISH GENERAL HOSPITAL FOUNDATION,JEWISH GENERAL HOSPITAL FOUNDATION,104922304,104942304,,,100.0,100.0,substitution,100.0
330751,412778,Corps Cadets 752,Corps Cadets 752,107542961,107592961,,,100.0,100.0,substitution,100.0
413656,420198,JEWISH GENERAL HOSPITAL FOUNDATION,JEWISH GENERAL HOSPITAL FOUNDATION,104942304,104912304,,,100.0,100.0,substitution,100.0
348678,421564,Lions-Stan Fowler Santa Claus Fund,Lions-Stan Fowler Santa Claus Fund,191668170,019166817,ON,ON,100.0,100.0,insertion_deletion,100.0
329899,344676,CANADIAN COUNCIL OF CHRISTIAN CHARITIES,CANADIAN COUNCIL OF CHRISTIAN CHARITIES,107844863,104844863,ON,ON,100.0,100.0,substitution,100.0
351636,400644,Canadian Cancer Society,CANADIAN CANCER SOCIETY,118829808,118829801,ON,ON,75.0,100.0,substitution,100.0
321285,393353,CNIB,CNIB,119213459,119217459,,SK,0.0,155.0,substitution,100.0
311943,401604,JEWISH GENERAL HOSPITAL FOUNDATION,JEWISH GENERAL HOSPITAL FOUNDATION,104902304,104922304,,,50.0,100.0,substitution,100.0
328778,401604,JEWISH GENERAL HOSPITAL FOUNDATION,JEWISH GENERAL HOSPITAL FOUNDATION,104932304,104922304,,,50.0,100.0,substitution,100.0
373002,401604,JEWISH GENERAL HOSPITAL FOUNDATION,JEWISH GENERAL HOSPITAL FOUNDATION,104962304,104922304,,,50.0,100.0,substitution,100.0
311943,413656,JEWISH GENERAL HOSPITAL FOUNDATION,JEWISH GENERAL HOSPITAL FOUNDATION,104902304,104942304,,,50.0,100.0,substitution,100.0
328778,413656,JEWISH GENERAL HOSPITAL FOUNDATION,JEWISH GENERAL HOSPITAL FOUNDATION,104932304,104942304,,,50.0,100.0,substitution,100.0
373002,413656,JEWISH GENERAL HOSPITAL FOUNDATION,JEWISH GENERAL HOSPITAL FOUNDATION,104962304,104942304,,,50.0,100.0,substitution,100.0
311943,420198,JEWISH GENERAL HOSPITAL FOUNDATION,JEWISH GENERAL HOSPITAL FOUNDATION,104902304,104912304,,,50.0,100.0,substitution,100.0
328778,420198,JEWISH GENERAL HOSPITAL FOUNDATION,JEWISH GENERAL HOSPITAL FOUNDATION,104932304,104912304,,,50.0,100.0,substitution,100.0
373002,420198,JEWISH GENERAL HOSPITAL FOUNDATION,JEWISH GENERAL HOSPITAL FOUNDATION,104962304,104912304,,,50.0,100.0,substitution,100.0
327048,332613,Action Canada for Sexual Health and Rights / Action pour la,ACTION CANADA FOR SEXUAL HEALTH AND RIGHTS / ACTION POUR LA,107484319,107884319,ON,ON,95.0,48.0,substitution,100.0
370228,378121,UNICEF,UNICEF,127680572,126680572,SK,ON,59.0,60.0,substitution,100.0
378121,404389,UNICEF,Unicef,126680572,120680572,ON,,60.0,40.0,substitution,100.0
321861,381223,HEART & STROKE,HEART & STROKE,106946942,106446942,ON,ON,75.0,25.0,substitution,100.0
403193,412014,Mission Services,Mission Services,119043200,119043201,ON,ON,50.0,50.0,substitution,100.0
311943,328778,JEWISH GENERAL HOSPITAL FOUNDATION,JEWISH GENERAL HOSPITAL FOUNDATION,104902304,104932304,,,50.0,50.0,substitution,100.0
311943,373002,JEWISH GENERAL HOSPITAL FOUNDATION,JEWISH GENERAL HOSPITAL FOUNDATION,104902304,104962304,,,50.0,50.0,substitution,100.0
328778,373002,JEWISH GENERAL HOSPITAL FOUNDATION,JEWISH GENERAL HOSPITAL FOUNDATION,104932304,104962304,,,50.0,50.0,substitution,100.0
370228,404389,UNICEF,Unicef,127680572,120680572,SK,,59.0,40.0,substitution,100.0
383622,408369,CROHN'S & COLITIS SOCIETY OF SK,CROHN'S & COLITIS SOCIETY OF SK,116831486,116631486,ON,ON,20.0,65.0,substitution,100.0
345146,412331,AMNESTY INTERNATIONAL,Amnesty International,118785974,118785971,ON,ON,30.0,50.0,substitution,100.0
383622,418137,CROHN'S & COLITIS SOCIETY OF SK,CROHN'S AND COLITIS,116831486,111831486,ON,ON,20.0,35.0,substitution,90.9
390998,398414,CASA (Centre Alpha Ste-Anne),CASA (Centre Alpha Ste-Anne),136735428,136734428,,,0.0,0.0,substitution,100.0
361684,394499,AIDE A L'ÉGLISE EN DÉTRESSE,AIDE A L'EGLISE EN DETRESSE INC,100362593,109362593,QC,QC,0.0,0.0,substitution,100.0
322110,394499,Aide à l'Église en détresse,AIDE A L'EGLISE EN DETRESSE INC,103362593,109362593,,QC,0.0,0.0,substitution,100.0
314167,412089,Ressources F.A.I.R.E.,Ressources F.A.I.R.E.,141672460,141673460,,QC,0.0,0.0,substitution,100.0
309521,355460,Méditation chrétienne du Québec,Médiation chrétienne du Québec,889204360,088920436,,,0.0,0.0,insertion_deletion,98.2
322110,361684,Aide à l'Église en détresse,AIDE A L'ÉGLISE EN DÉTRESSE,103362593,100362593,,QC,0.0,0.0,substitution,100.0
322839,353656,Fondation St-Roch,Fondation St-Roch,189976590,018997659,,,0.0,0.0,insertion_deletion,100.0
346114,362385,Les Moniales Dominicaines,LES MONIALES DOMINICAINES,887969244,887969144,,,0.0,0.0,substitution,100.0
