category,recipient_legal_name,business_number,city,province,n_grants,total_cad,first_year,last_year,example_funder,receipt_description_snippet,receipt_ref_number,entity_id,match_method,entity_kind,bn_root,latest_revenue,fiscal_period_end
emergency_shelter,IOM – International Organization for Migration,,Geneva | Genève,,11,56900000.0,2018,2023,Global Affairs Canada | Affaires mondiales Canada,"P008909001: March 2020 - This grant represents Canada's support to the International Organization for Migration (IOM) in eight countries, namely Afghanistan, Bangladesh, Democratic Republic of Congo (DRC), Nigeria, South",GC-2018-Q4-00060,127353,unmatched_new,other_org,,,
emergency_shelter,Humanitarian Coalition,831590666,Ottawa | Ottawa,ON,5,49500000.0,2015,2023,Global Affairs Canada | Affaires mondiales Canada,"The Canadian Humanitarian Assistance Fund (CHAF), managed by the Humanitarian Coalition (HC), supports timely and reliable humanitarian assistance to those affected by small-scale, rapid-onset disasters in developing cou",GC-2016-Q2-0147,44830,fuzzy_accept,charity,831590666,14878064.0,2024-12-31
emergency_shelter,UNHCR - United Nations High Commissioner for Refugees,,Geneva | Genève,,1,25000000.0,2016,2016,Global Affairs Canada | Affaires mondiales Canada,"September 2016 – The Syria Crisis has undermined security and stability in the Middle East and has resulted in unprecedented humanitarian needs. Now in its sixth year, the conflict in Syria has led to the worst displacem",GC-2017-Q3-0145,127302,unmatched_new,other_org,,,
emergency_shelter,Canadian Red Cross,119219814,Ottawa | Ottawa,ON,8,22226725.040000003,2013,2022,Global Affairs Canada | Affaires mondiales Canada,"The project aims to save lives, reduce suffering, and maintain human dignity in communities experiencing humanitarian crises by making emergency global response efforts more effective and targeted. Recent trends indicate",GC-2014-Q3-0005,22846,exact_bn,charity,119219814,442356566.0,2024-03-31
emergency_shelter,UNRWA - United Nations Relief and Works Agency for Palestine Refugees in the Near East,3200000000000,Amman | Amman,,1,20000000.0,2023,2023,Global Affairs Canada | Affaires mondiales Canada,"October 2023 – In response to urgent and growing humanitarian needs in Gaza, the West Bank and neighbouring areas, Global Affairs Canada is contributing to the Interagency Flash Appeal, launched on 12 October, with new h",064-2023-2024-Q3-00069,161677,unmatched_new,other_org,,,
emergency_shelter,Canadian Red Cross | Croix-Rouge canadienne,3203119219814,OTTAWA,ON,2,14000000.0,2025,2025,Global Affairs Canada | Affaires mondiales Canada,This project aims to support a Canadian Red Cross draw-down fund. This fund seeks to allow Canada to rapidly respond to International Federation of Red Cross and Red Crescent Societies (IFRC) emergency operations followi,064-2025-2026-Q1-00236,141791,unmatched_new,other_org,119211981,,
emergency_shelter,Canadian Lutheran World Relief,,Winnipeg | Winnipeg,MB,1,11700000.0,2024,2024,Global Affairs Canada | Affaires mondiales Canada,"April 2024 – An estimated 300 million people worldwide need humanitarian assistance and protection in part due to ongoing conflicts, natural disasters and disease outbreaks. In response to humanitarian needs, Global Affa",064-2024-2025-Q2-00370,1977,fuzzy_accept,charity,106863038,17893752.0,2024-03-31
emergency_shelter,Int'l Organization for Migration,3200000000000,Geneva | Genève,,4,11600000.0,2023,2023,Global Affairs Canada | Affaires mondiales Canada,"June 6, 2023 - Explosions at the Kakhovka dam destroyed the hydroelectric structure and caused large-scale flooding along the lower Dnipro River due to the water release from the Kakhovka reservoir. This has left 40,000 ",064-2024-2025-Q2-00580,127505,unmatched_new,other_org,,,
emergency_shelter,ICRC - International Committee of the Red Cross,,Geneva | Genève,,1,10000000.0,2021,2021,Global Affairs Canada | Affaires mondiales Canada,January 2021 - The International Committee of the Red Cross’ (ICRC) primary mission is to help protect people’s lives and dignity affected by conflict and other violent situation. The ICRC assists and prevents further su,064-2021-2022-Q1-00190,127239,unmatched_new,other_org,,,
emergency_shelter,Int'l Organization for Migration | OIM - Organisation internationale pour les migrations,3200000000000,Geneva,,1,5250000.0,2025,2025,Global Affairs Canada | Affaires mondiales Canada,"The International Organization for Migration (IOM) provides humanitarian assistance to populations facing a heightened risk of vulnerability, including internally displaced persons (IDPs), refugees, migrants and host com",064-2025-2026-Q1-00235,127505,unmatched_new,other_org,,,
transitional_housing,Thunder Woman Healing Lodge Society,735053126,Toronto,ON,1,4737448.0,2026,2026,Public Safety Canada | Sécurité publique Canada,Maashkaawizii Kwe (Woman of Inner Strength) provides 24/7 wrap-around supports for Indigenous women exiting federal and provincial corrections through a culturally grounded Healing Lodge. The program combines safe housin,088-2025-2026-Q4-00057,87969,exact_bn,charity,735053126,5102751.0,2024-03-31
emergency_shelter,CARE Canada,118838333,Ottawa | Ottawa,ON,3,4000000.0,2018,2025,Global Affairs Canada | Affaires mondiales Canada,"October 2025 – Hurricane Melissa made landfall as a catastrophic Category 5 storm in southwestern Jamaica on October 28, 2025, and as a powerful Category 3 storm in eastern Cuba the following day. The hurricane caused wi",064-2025-2026-Q3-0083,11172,fuzzy_accept,charity,118838333,73167756.0,2024-06-30
emergency_shelter,WFP - World Food Programme,,Rome | Rome,,1,4000000.0,2022,2022,Global Affairs Canada | Affaires mondiales Canada,"September 2022 – Heavy monsoon rainfall has affected Pakistan since mid-June, causing widespread flooding that has affected 33 million. Reports indicate that multiple regions have been affected by flooding, road closures",064-2022-2023-Q3-00010,127303,unmatched_new,other_org,,,
emergency_shelter,Development and Peace | Développement et Paix,3203131450140,TORONTO,ON,1,4000000.0,2025,2025,Global Affairs Canada | Affaires mondiales Canada,"October 2024 - An estimated 1 million Rohingya fled political persecution in Myanmar, with the majority seeking refuge in overcrowded, temporary settlements in Cox’s Bazar District, Bangladesh. These refugees face numero",064-2024-2025-Q4-00146,206708,unmatched_new,other_org,131450140,,
supportive_housing,Corporation of the City of New Westminster,119439503,New Westminster,BC,2,3222460.0,2025,2025,Health Canada | Santé Canada,"This project will address the interconnected crises of substance use, homelessness, and mental health by providing stable shelter, wrap-around supports, and expanded harm-reduction outreach teams and services. It will ta",271-2025-2026-Q3-00011,110400,exact_bn,other_org,119439503,,
emergency_shelter,Kenora District Services Board,817848690,Dryden,ON,1,2738029.0,2025,2025,Health Canada | Santé Canada,"The project aims to urgently address the growing need for emergency shelter, substance use support, and culturally appropriate recovery services in response to rising homelessness and overdose rates in Sioux Lookout and ",271-2025-2026-Q2-00008,98412,exact_bn,other_org,817848690,,
emergency_shelter,"Channel-Port aux Basques, Town of | Channel-Port aux Basques, Ville de",,"Channel-Port aux Basques, Town of | Channel-Port aux Basques, Ville de",NL,1,2326560.0,2024,2024,"Department of Housing, Infrastructure and Communities | Ministère du Logement, de l’Infrastructure et des Collectivités","Retrofit of community centre in Channel - Port aux Basques, NL that provides recreation and community support services for all residents of Newfoundland’s southwest coast and acts as the local emergency shelter. It inclu",278-2023-2024-Q4-00048,243493,unmatched_new,other_org,,,
emergency_shelter,International Rescue Committee,,New York | New York,,1,2000000.0,2022,2022,Global Affairs Canada | Affaires mondiales Canada,October 2022 – Heavy monsoon rainfall affecting Pakistan since mid-June has caused widespread flooding that has affected 33 million people and displaced almost 8 million people. Reports show that floods have resulted in ,064-2022-2023-Q3-00035,153719,unmatched_new,other_org,,,
emergency_shelter,MA'AN Development Center | MA'AN Development Center,,Al Masyoun - Ramallah,,1,2000000.0,2025,2025,Global Affairs Canada | Affaires mondiales Canada,"June 2025 – Latest reporting from the UN Office for the Coordination of Humanitarian Affairs indicates that 92% of housing units (436,000) in Gaza are destroyed (160,000) or damaged (276,000). This resulted in 1.1 millio",064-2025-2026-Q2-00078,253947,unmatched_new,other_org,,,
emergency_shelter,Islamic Relief Canada,821896875,Burlington | Burlington,ON,1,2000000.0,2022,2022,Global Affairs Canada | Affaires mondiales Canada,"September 2022 – Heavy monsoon rainfall has affected Pakistan since mid-June. The rainfall is causing widespread flooding that has affected 33 million people. Reports show that it has resulted in road closures, power out",064-2022-2023-Q3-00013,154197,unmatched_new,other_org,822896875,,
housing_first,"HWANG, Stephen W",,Toronto,ON,1,1984383.0,2013,2013,Canadian Institutes of Health Research | Instituts de recherche en santé du Canada,A Randomized Controlled Trial of Housing First for Homeless People with Mental Illness: Long-term Outcomes,236-2013-2014-Q2-00571,227725,unmatched_new,other_org,,,
emergency_shelter,The Canadian Red Cross Society   Duplicate Of 10049981,,OTTAWA,ON,1,1300000.0,2026,2026,Global Affairs Canada | Affaires mondiales Canada,"January 2026 — Weeks of intense rainfall have triggered severe and historically significant flooding across southern and central Mozambique, affecting an estimated 700,000 people.  Entire communities have been displaced,",064-2025-2026-Q4-0081,243800,unmatched_new,other_org,,,
emergency_shelter,Qaujigiartiit Health Research Centre,,Iqaluit,NU,2,1280000.0,2020,2021,Women and Gender Equality Canada | Femmes et Égalité des genres Canada,This 60-month project will develop the “Ikajurniq (Helping one another)” approach and test its applicability as a promising practice for improving the capacity of emergency shelters to deliver culturally-appropriate serv,001-2021-2022-Q1-00025,95946,exact_bn,charity,858987399,3519957.0,2024-03-31
supportive_housing,PHS Community Services Society,,Vancouver,BC,1,1100000.0,2006,2006,Employment and Social Development Canada | Emploi et Développement social Canada,Increase the availability and access to a range of services and facilities along the continuum from homelessness to self-sufficiency - emergency shelters - transitional/supportive housing - prevention.,GC-2006-Q3-00174,73105,exact_bn,charity,891413791,77430969.0,2024-03-31
emergency_shelter,PHS Community Services Society,,Vancouver,BC,1,1100000.0,2006,2006,Employment and Social Development Canada | Emploi et Développement social Canada,Increase the availability and access to a range of services and facilities along the continuum from homelessness to self-sufficiency - emergency shelters - transitional/supportive housing - prevention.,GC-2006-Q3-00174,73105,exact_bn,charity,891413791,77430969.0,2024-03-31
emergency_shelter,UNHCR - United Nations High Commissioner for Refugees | HCR - Haut Commissariat des Nations Unies pour les réfugiés,3200000000000,Geneve 2 Dépôt,,1,1000000.0,2025,2025,Global Affairs Canada | Affaires mondiales Canada,"Since January 2025, the rapid escalation of conflict in eastern Democratic Republic of Congo (DRC) has triggered mass displacement within DRC and across borders. Over 77,000 people have fled DRC to neighbouring countries",064-2024-2025-Q4-00161,127302,unmatched_new,other_org,,,
transitional_housing,COVENANT HOUSE TORONTO,,Toronto | Toronto,ON,1,889661.0,2015,2015,Department of Justice Canada | Ministère de la Justice Canada,The project will help female victims of sexual exploitation aged 16-24 in Toronto to attain independent community living through a new community-based transitional housing program with specialized services that are desig,119-2018-2019-Q3-00006,146746,unmatched_new,other_org,,,
emergency_shelter,CANADIAN RED CROSS SOCIETY,3203119219814,Ottawa | Ottawa,ON,1,800000.0,2023,2023,Global Affairs Canada | Affaires mondiales Canada,"September 2023 – On September 10, Storm Daniel hit northeastern Libya with heavy rains and flash floods, affecting various cities, including Al Marj, Benghazi, and Derna. As of September 14, the United Nations Office for",064-2023-2024-Q3-00014,98720,unmatched_new,other_org,011921914,,
emergency_shelter,CONCERTATION DES LUTTES CONTRE L'EXPLOITATION SEXUELLE,,Montréal | Montréal,QC,1,789220.0,2015,2015,Department of Justice Canada | Ministère de la Justice Canada,"The project will establish a multi-service center in Montreal and enhance an exit program aiming to support women wishing to leave prostitution, and those who have already quit but are still experiencing the impacts of p",119-2018-2019-Q3-00005,251606,unmatched_new,other_org,,,
emergency_shelter,Canora Community League | Canora Community League,,"Edmonton, City of | Edmonton, Ville d’",AB,1,679513.0,2024,2024,"Department of Housing, Infrastructure and Communities | Ministère du Logement, de l’Infrastructure et des Collectivités","The retrofit of a community centre in Edmonton, AB to eliminate the climate impacts of the organization by 102 tonnes CO2 per year, act as a demonstration of best practices for energy retrofits, improve climate resilienc",278-2024-2025-Q3-00037,192267,unmatched_new,other_org,,,
supportive_housing,Fonds dédié à l'habitation communautaire de Montréal,,Montréal,QC,1,676789.0,2006,2006,Employment and Social Development Canada | Emploi et Développement social Canada,Increase the availability and access to a range of services and facilities along the continuum from homelessness to self-sufficiency - emergency shelters - transitional/supportive housing - prevention.,GC-2006-Q2-00189,150610,unmatched_new,other_org,,,
emergency_shelter,Fonds dédié à l'habitation communautaire de Montréal,,Montréal,QC,1,676789.0,2006,2006,Employment and Social Development Canada | Emploi et Développement social Canada,Increase the availability and access to a range of services and facilities along the continuum from homelessness to self-sufficiency - emergency shelters - transitional/supportive housing - prevention.,GC-2006-Q2-00189,150610,unmatched_new,other_org,,,
emergency_shelter,International Federation of the Red Cross and Red Crescent Societies (IFRC) Appeals via the Canadian Red Cross Society (CRCS),119219814,Ottawa | Ottawa,ON,1,666587.0,2018,2018,Global Affairs Canada | Affaires mondiales Canada,"October 2018 – On September 28, 2018, a magnitude 7.5 earthquake struck Sulawesi, Indonesia. Following the earthquake, a tsunami hit the regions of Palu, Donggala and Sigi. The disasters caused widespread flooding and de",064-2018-2019-Q3-00388,22846,exact_bn,charity,119219814,442356566.0,2024-03-31
supportive_housing,Maison St-Dominique,,Montréal,QC,1,665811.0,2006,2006,Employment and Social Development Canada | Emploi et Développement social Canada,Increase the availability and access to a range of services and facilities along the continuum from homelessness to self-sufficiency - emergency shelters - transitional/supportive housing - prevention.,GC-2006-Q3-00096,146976,unmatched_new,other_org,,,
emergency_shelter,Maison St-Dominique,,Montréal,QC,1,665811.0,2006,2006,Employment and Social Development Canada | Emploi et Développement social Canada,Increase the availability and access to a range of services and facilities along the continuum from homelessness to self-sufficiency - emergency shelters - transitional/supportive housing - prevention.,GC-2006-Q3-00096,146976,unmatched_new,other_org,,,
emergency_shelter,Corporation of the City of St. Thomas,106984131,St. Thomas,ON,1,640326.0,2025,2025,Health Canada | Santé Canada,"The project aims to strengthen St. Thomas-Elgin's capacity to support individuals who use substances, particularly those at risk of opioid-related harms. By expanding the continuum of services, it will address gaps in ca",271-2025-2026-Q2-00003,114165,exact_bn,other_org,106984131,,
supportive_housing,New Hope Community Services Society,,Vancouver,QB,1,635999.0,2007,2007,Employment and Social Development Canada | Emploi et Développement social Canada,Increase the availability and access to a range of services and facilities along the continuum from homelessness to self-sufficiency - emergency shelters - transitional/supportive housing - prevention.,GC-2006-Q4-00143,54230,exact_bn,charity,861962678,757050.0,2024-12-31
emergency_shelter,New Hope Community Services Society,,Vancouver,QB,1,635999.0,2007,2007,Employment and Social Development Canada | Emploi et Développement social Canada,Increase the availability and access to a range of services and facilities along the continuum from homelessness to self-sufficiency - emergency shelters - transitional/supportive housing - prevention.,GC-2006-Q4-00143,54230,exact_bn,charity,861962678,757050.0,2024-12-31
supportive_housing,Vancouver Coastal Health Authority,,Vancouver,BC,1,635000.0,2006,2006,Employment and Social Development Canada | Emploi et Développement social Canada,Increase the availability and access to a range of services and facilities along the continuum from homelessness to self-sufficiency - emergency shelters - transitional/supportive housing - prevention.,GC-2006-Q2-00007,150600,unmatched_new,other_org,,,
emergency_shelter,Vancouver Coastal Health Authority,,Vancouver,BC,1,635000.0,2006,2006,Employment and Social Development Canada | Emploi et Développement social Canada,Increase the availability and access to a range of services and facilities along the continuum from homelessness to self-sufficiency - emergency shelters - transitional/supportive housing - prevention.,GC-2006-Q2-00007,150600,unmatched_new,other_org,,,
supportive_housing,Siloam Mission Inc.,,Winnipeg,MB,2,629661.0,2006,2006,Employment and Social Development Canada | Emploi et Développement social Canada,Increase the availability and access to a range of services and facilities along the continuum from homelessness to self-sufficiency - emergency shelters - transitional/supportive housing - prevention.,GC-2006-Q2-00226,150921,unmatched_new,other_org,,,
emergency_shelter,Siloam Mission Inc.,,Winnipeg,MB,2,629661.0,2006,2006,Employment and Social Development Canada | Emploi et Développement social Canada,Increase the availability and access to a range of services and facilities along the continuum from homelessness to self-sufficiency - emergency shelters - transitional/supportive housing - prevention.,GC-2006-Q2-00226,150921,unmatched_new,other_org,,,
supportive_housing,City of Toronto,867402299,Toronto,ON,1,621278.0,2025,2025,Health Canada | Santé Canada,This project aims to enhance the capacity to support people who use drugs by establishing a harm reduction emergency outreach team. The team will provide harm reduction and overdose prevention services in priority shelte,271-2024-2025-Q4-00019,98736,unmatched_new,other_org,,,
supportive_housing,Oxford House Foundation of Canada,,Calgary,AB,1,582000.0,2006,2006,Employment and Social Development Canada | Emploi et Développement social Canada,Increase the availability and access to a range of services and facilities along the continuum from homelessness to self-sufficiency - emergency shelters - transitional/supportive housing - prevention.,GC-2006-Q3-00271,202674,unmatched_new,other_org,,,
emergency_shelter,Oxford House Foundation of Canada,,Calgary,AB,1,582000.0,2006,2006,Employment and Social Development Canada | Emploi et Développement social Canada,Increase the availability and access to a range of services and facilities along the continuum from homelessness to self-sufficiency - emergency shelters - transitional/supportive housing - prevention.,GC-2006-Q3-00271,202674,unmatched_new,other_org,,,
supportive_housing,Office Municipal d'Habitation de Ste-Thérèse,,Sainte-Thérèse,QC,1,565800.0,2006,2006,Employment and Social Development Canada | Emploi et Développement social Canada,Increase the availability and access to a range of services and facilities along the continuum from homelessness to self-sufficiency - emergency shelters - transitional/supportive housing - prevention.,GC-2005-Q4-00329,209669,unmatched_new,other_org,,,
emergency_shelter,Office Municipal d'Habitation de Ste-Thérèse,,Sainte-Thérèse,QC,1,565800.0,2006,2006,Employment and Social Development Canada | Emploi et Développement social Canada,Increase the availability and access to a range of services and facilities along the continuum from homelessness to self-sufficiency - emergency shelters - transitional/supportive housing - prevention.,GC-2005-Q4-00329,209669,unmatched_new,other_org,,,
supportive_housing,Corporation (Un toit pour toi),,Montréal,QC,1,558262.0,2006,2006,Employment and Social Development Canada | Emploi et Développement social Canada,Increase the availability and access to a range of services and facilities along the continuum from homelessness to self-sufficiency - emergency shelters - transitional/supportive housing - prevention.,GC-2006-Q3-00021,278015,unmatched_new,other_org,,,
emergency_shelter,Corporation (Un toit pour toi),,Montréal,QC,1,558262.0,2006,2006,Employment and Social Development Canada | Emploi et Développement social Canada,Increase the availability and access to a range of services and facilities along the continuum from homelessness to self-sufficiency - emergency shelters - transitional/supportive housing - prevention.,GC-2006-Q3-00021,278015,unmatched_new,other_org,,,
emergency_shelter,Women's Shelters Canada,,Ottawa,ON,2,548670.0,2018,2019,Women and Gender Equality Canada | Femmes et Égalité des genres Canada,"This project will test the Community Safety Circle, which brings together service providers to create survivor-led, customized safety and support plans, as a promising practice to provide greater safety to women living i",GC-2018-Q2-036,103846,unmatched_new,other_org,,,
supportive_housing,Bureau de consultation Jeunessee,,Montréal,QC,2,548216.0,2006,2006,Employment and Social Development Canada | Emploi et Développement social Canada,Increase the availability and access to a range of services and facilities along the continuum from homelessness to self-sufficiency - emergency shelters - transitional/supportive housing - prevention.,GC-2006-Q2-00214,189516,unmatched_new,other_org,,,
emergency_shelter,Bureau de consultation Jeunessee,,Montréal,QC,2,548216.0,2006,2006,Employment and Social Development Canada | Emploi et Développement social Canada,Increase the availability and access to a range of services and facilities along the continuum from homelessness to self-sufficiency - emergency shelters - transitional/supportive housing - prevention.,GC-2006-Q2-00214,189516,unmatched_new,other_org,,,
supportive_housing,Affirmative Industry Association of Nova Scotia,,Dartmouth,NS,1,540100.0,2006,2006,Employment and Social Development Canada | Emploi et Développement social Canada,Increase the availability and access to a range of services and facilities along the continuum from homelessness to self-sufficiency - emergency shelters - transitional/supportive housing - prevention.,GC-2006-Q2-00218,344183,unmatched_new,other_org,,,
emergency_shelter,Affirmative Industry Association of Nova Scotia,,Dartmouth,NS,1,540100.0,2006,2006,Employment and Social Development Canada | Emploi et Développement social Canada,Increase the availability and access to a range of services and facilities along the continuum from homelessness to self-sufficiency - emergency shelters - transitional/supportive housing - prevention.,GC-2006-Q2-00218,344183,unmatched_new,other_org,,,
supportive_housing,New Dawn Enterprises Ltd.,,Sydney,NS,2,519998.0,2006,2006,Employment and Social Development Canada | Emploi et Développement social Canada,Increase the availability and access to a range of services and facilities along the continuum from homelessness to self-sufficiency - emergency shelters - transitional/supportive housing - prevention.,GC-2006-Q3-00149,146271,unmatched_new,other_org,107769622,,
emergency_shelter,New Dawn Enterprises Ltd.,,Sydney,NS,2,519998.0,2006,2006,Employment and Social Development Canada | Emploi et Développement social Canada,Increase the availability and access to a range of services and facilities along the continuum from homelessness to self-sufficiency - emergency shelters - transitional/supportive housing - prevention.,GC-2006-Q3-00149,146271,exact_bn,other_org,107769622,,
supportive_housing,The Governing Council of The Salvation Army in Canada,,Regina,SK,1,503186.0,2012,2012,Employment and Social Development Canada | Emploi et Développement social Canada,The Salvation Army (Regina Waterston Centre) will partner with the Regina Drug Treatment Court in order to test a supportive housing pilot with approximately 30 women.,GC-2011-Q4-00288,146394,unmatched_new,other_org,,,
emergency_shelter,OCHA - United Nations Office for the Coordination of Humanitarian Affairs,,Geneva | Genève,,1,500000.0,2022,2022,Global Affairs Canada | Affaires mondiales Canada,"December 2021 – Prior to the Taliban takeover, the humanitarian situation in Afghanistan was already one of the worst in the world. The recent escalation in conflict and the resulting upheaval in Afghanistan has worsened",064-2021-2022-Q4-00036,127138,unmatched_new,other_org,,,
supportive_housing,Victoria Native Friendship Centre Society,,Victoria,BC,2,495576.0,2006,2007,Employment and Social Development Canada | Emploi et Développement social Canada,Increase the availability and access to a range of services and facilities along the continuum from homelessness to self-sufficiency - emergency shelters - transitional/supportive housing - prevention.,GC-2006-Q4-00256,8746,exact_bn,charity,108172933,15089684.0,2024-03-31
emergency_shelter,Victoria Native Friendship Centre Society,,Victoria,BC,2,495576.0,2006,2007,Employment and Social Development Canada | Emploi et Développement social Canada,Increase the availability and access to a range of services and facilities along the continuum from homelessness to self-sufficiency - emergency shelters - transitional/supportive housing - prevention.,GC-2006-Q4-00256,8746,exact_bn,charity,108172933,15089684.0,2024-03-31
supportive_housing,Résidence de l'Académie,,Montréal,QC,1,470000.0,2006,2006,Employment and Social Development Canada | Emploi et Développement social Canada,Increase the availability and access to a range of services and facilities along the continuum from homelessness to self-sufficiency - emergency shelters - transitional/supportive housing - prevention.,GC-2006-Q3-00112,263415,unmatched_new,other_org,,,
emergency_shelter,Résidence de l'Académie,,Montréal,QC,1,470000.0,2006,2006,Employment and Social Development Canada | Emploi et Développement social Canada,Increase the availability and access to a range of services and facilities along the continuum from homelessness to self-sufficiency - emergency shelters - transitional/supportive housing - prevention.,GC-2006-Q3-00112,263415,unmatched_new,other_org,,,
transitional_housing,Temiskaming Native Women's Support Group (AKA Keepers of the Circle),,New Liskeard,ON,1,457634.0,2023,2023,Women and Gender Equality Canada | Femmes et Égalité des genres Canada,"Through this 39-month project, Keepers of the Circle will increase its ability to prevent and address gender-based violence (GBV) against Indigenous women, girls, and 2SLGBTQQIA+ people, with a focus on northern Ontario.",001-2022-2023-Q3-00029,287320,unmatched_new,other_org,,,
supportive_housing,Elizabeth Fry Society Mainland Nova Scotia,,Halifax,NS,1,457069.0,2006,2006,Employment and Social Development Canada | Emploi et Développement social Canada,Increase the availability and access to a range of services and facilities along the continuum from homelessness to self-sufficiency - emergency shelters - transitional/supportive housing - prevention.,GC-2006-Q3-00279,136769,unmatched_new,other_org,,,
emergency_shelter,Elizabeth Fry Society Mainland Nova Scotia,,Halifax,NS,1,457069.0,2006,2006,Employment and Social Development Canada | Emploi et Développement social Canada,Increase the availability and access to a range of services and facilities along the continuum from homelessness to self-sufficiency - emergency shelters - transitional/supportive housing - prevention.,GC-2006-Q3-00279,136769,unmatched_new,other_org,,,
supportive_housing,Ici par les arts,,Saint-Jérôme,QC,2,452594.0,2006,2007,Employment and Social Development Canada | Emploi et Développement social Canada,Increase the availability and access to a range of services and facilities along the continuum from homelessness to self-sufficiency - emergency shelters - transitional/supportive housing - prevention.,GC-2006-Q4-00152,150903,unmatched_new,other_org,,,
emergency_shelter,Ici par les arts,,Saint-Jérôme,QC,2,452594.0,2006,2007,Employment and Social Development Canada | Emploi et Développement social Canada,Increase the availability and access to a range of services and facilities along the continuum from homelessness to self-sufficiency - emergency shelters - transitional/supportive housing - prevention.,GC-2006-Q4-00152,150903,unmatched_new,other_org,,,
supportive_housing,Cape Breton Transition House Association,,Sydney,NS,2,450365.0,2006,2006,Employment and Social Development Canada | Emploi et Développement social Canada,Increase the availability and access to a range of services and facilities along the continuum from homelessness to self-sufficiency - emergency shelters - transitional/supportive housing - prevention.,GC-2006-Q2-00248,125681,unmatched_new,other_org,106871148,,
emergency_shelter,Cape Breton Transition House Association,,Sydney,NS,2,450365.0,2006,2006,Employment and Social Development Canada | Emploi et Développement social Canada,Increase the availability and access to a range of services and facilities along the continuum from homelessness to self-sufficiency - emergency shelters - transitional/supportive housing - prevention.,GC-2006-Q2-00248,125681,unmatched_new,other_org,106871148,,
supportive_housing,Regional Municipality of Waterloo,,Kitchener,ON,1,441805.0,2006,2006,Employment and Social Development Canada | Emploi et Développement social Canada,Increase the availability and access to a range of services and facilities along the continuum from homelessness to self-sufficiency - emergency shelters - transitional/supportive housing - prevention.,GC-2006-Q3-00062,101931,unmatched_new,other_org,,,
emergency_shelter,Regional Municipality of Waterloo,,Kitchener,ON,1,441805.0,2006,2006,Employment and Social Development Canada | Emploi et Développement social Canada,Increase the availability and access to a range of services and facilities along the continuum from homelessness to self-sufficiency - emergency shelters - transitional/supportive housing - prevention.,GC-2006-Q3-00062,101931,unmatched_new,other_org,,,
supportive_housing,The Mustard Seed (Calgary) Street Ministry Society,,Calgary,AB,1,424321.0,2007,2007,Employment and Social Development Canada | Emploi et Développement social Canada,Increase the availability and access to a range of services and facilities along the continuum from homelessness to self-sufficiency - emergency shelters - transitional/supportive housing - prevention.,GC-2006-Q4-00242,189648,unmatched_new,other_org,139050102,,
emergency_shelter,The Mustard Seed (Calgary) Street Ministry Society,,Calgary,AB,1,424321.0,2007,2007,Employment and Social Development Canada | Emploi et Développement social Canada,Increase the availability and access to a range of services and facilities along the continuum from homelessness to self-sufficiency - emergency shelters - transitional/supportive housing - prevention.,GC-2006-Q4-00242,189648,unmatched_new,other_org,139050102,,
supportive_housing,Habitations La Traversée,,Montréal,QC,1,418499.0,2007,2007,Employment and Social Development Canada | Emploi et Développement social Canada,Increase the availability and access to a range of services and facilities along the continuum from homelessness to self-sufficiency - emergency shelters - transitional/supportive housing - prevention.,GC-2006-Q4-00267,245922,unmatched_new,other_org,,,
emergency_shelter,Habitations La Traversée,,Montréal,QC,1,418499.0,2007,2007,Employment and Social Development Canada | Emploi et Développement social Canada,Increase the availability and access to a range of services and facilities along the continuum from homelessness to self-sufficiency - emergency shelters - transitional/supportive housing - prevention.,GC-2006-Q4-00267,245922,unmatched_new,other_org,,,
supportive_housing,Young Womens Christian Association,,Halifax,NS,1,415965.0,2007,2007,Employment and Social Development Canada | Emploi et Développement social Canada,Increase the availability and access to a range of services and facilities along the continuum from homelessness to self-sufficiency - emergency shelters - transitional/supportive housing - prevention.,GC-2006-Q4-00464,278030,unmatched_new,other_org,,,
emergency_shelter,Young Womens Christian Association,,Halifax,NS,1,415965.0,2007,2007,Employment and Social Development Canada | Emploi et Développement social Canada,Increase the availability and access to a range of services and facilities along the continuum from homelessness to self-sufficiency - emergency shelters - transitional/supportive housing - prevention.,GC-2006-Q4-00464,278030,unmatched_new,other_org,,,
supportive_housing,Les oeuvres de la maison du père,,Montréal,QC,1,408460.0,2006,2006,Employment and Social Development Canada | Emploi et Développement social Canada,Increase the availability and access to a range of services and facilities along the continuum from homelessness to self-sufficiency - emergency shelters - transitional/supportive housing - prevention.,GC-2006-Q3-00100,150990,unmatched_new,other_org,,,
emergency_shelter,Les oeuvres de la maison du père,,Montréal,QC,1,408460.0,2006,2006,Employment and Social Development Canada | Emploi et Développement social Canada,Increase the availability and access to a range of services and facilities along the continuum from homelessness to self-sufficiency - emergency shelters - transitional/supportive housing - prevention.,GC-2006-Q3-00100,150990,unmatched_new,other_org,,,
supportive_housing,North End Women's Centre Inc.,,Winnipeg,MB,1,400000.0,2006,2006,Employment and Social Development Canada | Emploi et Développement social Canada,Increase the availability and access to a range of services and facilities along the continuum from homelessness to self-sufficiency - emergency shelters - transitional/supportive housing - prevention.,GC-2006-Q2-00242,146313,unmatched_new,other_org,,,
emergency_shelter,North End Women's Centre Inc.,,Winnipeg,MB,1,400000.0,2006,2006,Employment and Social Development Canada | Emploi et Développement social Canada,Increase the availability and access to a range of services and facilities along the continuum from homelessness to self-sufficiency - emergency shelters - transitional/supportive housing - prevention.,GC-2006-Q2-00242,146313,unmatched_new,other_org,,,
transitional_housing,Un toit pour elles,,Montréal,QC,1,390057.0,2021,2021,Women and Gender Equality Canada | Femmes et Égalité des genres Canada,"This 30-month project will promote a feminist response to and recovery from the current impact of COVID-19 through systemic change. To achieve this goal, Un toit pour elles plans (1) to train a group of women survivors t",001-2021-2022-Q2-00045,90173,fuzzy_accept,charity,706288685,279518.0,2024-03-31
supportive_housing,RESET SOCIETY OF CALGARY,898215884,Calgary | Calgary,AB,1,383500.0,2023,2023,Department of Justice Canada | Ministère de la Justice Canada,The organization will offer a program for women and girls wanting to exit sexual exploitation and sex trafficking. The program will provide a trauma-informed three-phase continuum of services that includes safe-rapid exi,119-2023-2024-Q3-00036,79427,exact_bn,charity,898215884,1517460.0,2024-03-31
emergency_shelter,Safehope Home,,Ajax,ON,1,364210.0,2024,2024,Women and Gender Equality Canada | Femmes et Égalité des genres Canada,"Through this 19-month project, Safehope Home will build its capacity to advance gender equality. It will address the need to 1) better align services for survivors of human trafficking and sexual exploitation in the Grea",001-2024-2025-Q2-00006,85655,fuzzy_accept,charity,778712521,1008102.0,2024-03-31
supportive_housing,The Behavioural Health Foundation,,St. Norbert,MB,1,325000.0,2006,2006,Employment and Social Development Canada | Emploi et Développement social Canada,Increase the availability and access to a range of services and facilities along the continuum from homelessness to self-sufficiency - emergency shelters - transitional/supportive housing - prevention.,GC-2006-Q2-00239,27996,exact_bn,charity,129333027,5235370.0,2024-03-31
supportive_housing,St. Catharines Resource Service for Youth,,St. Catherines,ON,1,325000.0,2007,2007,Employment and Social Development Canada | Emploi et Développement social Canada,Increase the availability and access to a range of services and facilities along the continuum from homelessness to self-sufficiency - emergency shelters - transitional/supportive housing - prevention.,GC-2006-Q4-00216,263358,unmatched_new,other_org,,,
emergency_shelter,St. Catharines Resource Service for Youth,,St. Catherines,ON,1,325000.0,2007,2007,Employment and Social Development Canada | Emploi et Développement social Canada,Increase the availability and access to a range of services and facilities along the continuum from homelessness to self-sufficiency - emergency shelters - transitional/supportive housing - prevention.,GC-2006-Q4-00216,263358,unmatched_new,other_org,,,
emergency_shelter,The Behavioural Health Foundation,,St. Norbert,MB,1,325000.0,2006,2006,Employment and Social Development Canada | Emploi et Développement social Canada,Increase the availability and access to a range of services and facilities along the continuum from homelessness to self-sufficiency - emergency shelters - transitional/supportive housing - prevention.,GC-2006-Q2-00239,27996,exact_bn,charity,129333027,5235370.0,2024-03-31
supportive_housing,Horizon Housing Society,,Calgary,AB,1,319679.0,2007,2007,Employment and Social Development Canada | Emploi et Développement social Canada,Increase the availability and access to a range of services and facilities along the continuum from homelessness to self-sufficiency - emergency shelters - transitional/supportive housing - prevention.,GC-2006-Q4-00092,263355,unmatched_new,other_org,,,
emergency_shelter,Horizon Housing Society,,Calgary,AB,1,319679.0,2007,2007,Employment and Social Development Canada | Emploi et Développement social Canada,Increase the availability and access to a range of services and facilities along the continuum from homelessness to self-sufficiency - emergency shelters - transitional/supportive housing - prevention.,GC-2006-Q4-00092,26523,exact_bn,charity,121963573,21099298.0,2024-03-31
supportive_housing,Saint Leonard's Society of Nova Scotia,,Dartmouth,NS,1,319000.0,2006,2006,Employment and Social Development Canada | Emploi et Développement social Canada,Increase the availability and access to a range of services and facilities along the continuum from homelessness to self-sufficiency - emergency shelters - transitional/supportive housing - prevention.,GC-2006-Q2-00062,7623,exact_bn,charity,108027590,8465852.0,2024-03-31
emergency_shelter,Saint Leonard's Society of Nova Scotia,,Dartmouth,NS,1,319000.0,2006,2006,Employment and Social Development Canada | Emploi et Développement social Canada,Increase the availability and access to a range of services and facilities along the continuum from homelessness to self-sufficiency - emergency shelters - transitional/supportive housing - prevention.,GC-2006-Q2-00062,7623,exact_bn,charity,108027590,8465852.0,2024-03-31
supportive_housing,Opportunities Niagara,,St. Catherines,ON,1,310000.0,2007,2007,Employment and Social Development Canada | Emploi et Développement social Canada,Increase the availability and access to a range of services and facilities along the continuum from homelessness to self-sufficiency - emergency shelters - transitional/supportive housing - prevention.,GC-2006-Q4-00268,336597,unmatched_new,other_org,,,
emergency_shelter,Opportunities Niagara,,St. Catherines,ON,1,310000.0,2007,2007,Employment and Social Development Canada | Emploi et Développement social Canada,Increase the availability and access to a range of services and facilities along the continuum from homelessness to self-sufficiency - emergency shelters - transitional/supportive housing - prevention.,GC-2006-Q4-00268,336597,unmatched_new,other_org,,,
supportive_housing,Vancouver Aboriginal Friendship Centre Society,,Vancouver,BC,1,300000.0,2006,2006,Employment and Social Development Canada | Emploi et Développement social Canada,Increase the availability and access to a range of services and facilities along the continuum from homelessness to self-sufficiency - emergency shelters - transitional/supportive housing - prevention.,GC-2006-Q2-00032,79419,exact_bn,charity,898202833,16254195.0,2024-03-31
supportive_housing,The Wood's Homes Foundation,,Calgary,AB,1,300000.0,2006,2006,Employment and Social Development Canada | Emploi et Développement social Canada,Increase the availability and access to a range of services and facilities along the continuum from homelessness to self-sufficiency - emergency shelters - transitional/supportive housing - prevention.,GC-2005-Q4-00253,150577,unmatched_new,other_org,,,
emergency_shelter,Central Okanagan Emergency Shelter Society,,Kelowna,BC,1,300000.0,2021,2021,Women and Gender Equality Canada | Femmes et Égalité des genres Canada,"This 29-month project will support a feminist response and recovery from the current impacts of COVID-19, through systemic change.  The Central Okanagan Emergency Shelter Society will achieve this by expanding an early i",001-2021-2022-Q4-00021,11356,fuzzy_accept,charity,118843473,3979971.0,2024-03-31
emergency_shelter,Vancouver Aboriginal Friendship Centre Society,,Vancouver,BC,1,300000.0,2006,2006,Employment and Social Development Canada | Emploi et Développement social Canada,Increase the availability and access to a range of services and facilities along the continuum from homelessness to self-sufficiency - emergency shelters - transitional/supportive housing - prevention.,GC-2006-Q2-00032,79419,exact_bn,charity,898202833,16254195.0,2024-03-31
emergency_shelter,The Wood's Homes Foundation,,Calgary,AB,1,300000.0,2006,2006,Employment and Social Development Canada | Emploi et Développement social Canada,Increase the availability and access to a range of services and facilities along the continuum from homelessness to self-sufficiency - emergency shelters - transitional/supportive housing - prevention.,GC-2005-Q4-00253,150577,unmatched_new,other_org,,,
emergency_shelter,Kamloops and District Elizabeth Fry Society,,Kamloops,BC,1,300000.0,2021,2021,Women and Gender Equality Canada | Femmes et Égalité des genres Canada,"This 29-month project will support a feminist response and recovery from the current impacts of COVID-19, through systemic change. Kamloops and District Elizabeth Fry Society will achieve this by building a roundtable of",001-2021-2022-Q3-00024,4837,fuzzy_accept,charity,107556086,3043060.0,2024-03-31
emergency_shelter,Central Okanagan Emergency Shelter Society (o/a Kelowna Women's Shelter),,Kelowna,BC,1,293318.0,2024,2024,Women and Gender Equality Canada | Femmes et Égalité des genres Canada,"Through this 20-month project, Central Okanagan Emergency Shelter Society will conduct research that will help improve GBV services for at-risk groups. It will address the knowledge gap regarding brain injuries resulting",001-2024-2025-Q2-00139,140319,unmatched_new,other_org,,,
supportive_housing,Mission Old Brewery Mission (La Taverne),,Montréal,QC,1,262590.0,2006,2006,Employment and Social Development Canada | Emploi et Développement social Canada,Increase the availability and access to a range of services and facilities along the continuum from homelessness to self-sufficiency - emergency shelters - transitional/supportive housing - prevention.,GC-2006-Q3-00155,146272,unmatched_new,other_org,,,
emergency_shelter,Mission Old Brewery Mission (La Taverne),,Montréal,QC,1,262590.0,2006,2006,Employment and Social Development Canada | Emploi et Développement social Canada,Increase the availability and access to a range of services and facilities along the continuum from homelessness to self-sufficiency - emergency shelters - transitional/supportive housing - prevention.,GC-2006-Q3-00155,146272,unmatched_new,other_org,,,
supportive_housing,Vineyard Christian Fellowship Winnipeg Centre Inc.,,Winnipeg,MB,1,250000.0,2006,2006,Employment and Social Development Canada | Emploi et Développement social Canada,Increase the availability and access to a range of services and facilities along the continuum from homelessness to self-sufficiency - emergency shelters - transitional/supportive housing - prevention.,GC-2006-Q3-00002,214857,unmatched_new,other_org,,,
supportive_housing,Voyageur Club of Saskatoon Incorporated,,Saskatoon,SK,1,250000.0,2007,2007,Employment and Social Development Canada | Emploi et Développement social Canada,Increase the availability and access to a range of services and facilities along the continuum from homelessness to self-sufficiency - emergency shelters - transitional/supportive housing - prevention.,GC-2006-Q4-00128,245920,unmatched_new,other_org,,,
emergency_shelter,Vineyard Christian Fellowship Winnipeg Centre Inc.,,Winnipeg,MB,1,250000.0,2006,2006,Employment and Social Development Canada | Emploi et Développement social Canada,Increase the availability and access to a range of services and facilities along the continuum from homelessness to self-sufficiency - emergency shelters - transitional/supportive housing - prevention.,GC-2006-Q3-00002,214857,unmatched_new,other_org,,,
emergency_shelter,Voyageur Club of Saskatoon Incorporated,,Saskatoon,SK,1,250000.0,2007,2007,Employment and Social Development Canada | Emploi et Développement social Canada,Increase the availability and access to a range of services and facilities along the continuum from homelessness to self-sufficiency - emergency shelters - transitional/supportive housing - prevention.,GC-2006-Q4-00128,245920,unmatched_new,other_org,,,
supportive_housing,Prince Albert Metis Women's Association Inc.,,Prince Albert,SK,1,246720.0,2007,2007,Employment and Social Development Canada | Emploi et Développement social Canada,Increase the availability and access to a range of services and facilities along the continuum from homelessness to self-sufficiency - emergency shelters - transitional/supportive housing - prevention.,GC-2006-Q4-00108,62528,exact_bn,charity,880785894,1982648.0,2024-03-31
emergency_shelter,Prince Albert Metis Women's Association Inc.,,Prince Albert,SK,1,246720.0,2007,2007,Employment and Social Development Canada | Emploi et Développement social Canada,Increase the availability and access to a range of services and facilities along the continuum from homelessness to self-sufficiency - emergency shelters - transitional/supportive housing - prevention.,GC-2006-Q4-00108,62528,exact_bn,charity,880785894,1982648.0,2024-03-31
supportive_housing,Victoria Women's Transition House Society,,Victoria,BC,1,244000.0,2006,2006,Employment and Social Development Canada | Emploi et Développement social Canada,Increase the availability and access to a range of services and facilities along the continuum from homelessness to self-sufficiency - emergency shelters - transitional/supportive housing - prevention.,GC-2006-Q2-00073,214795,unmatched_new,other_org,,,
emergency_shelter,Victoria Women's Transition House Society,,Victoria,BC,1,244000.0,2006,2006,Employment and Social Development Canada | Emploi et Développement social Canada,Increase the availability and access to a range of services and facilities along the continuum from homelessness to self-sufficiency - emergency shelters - transitional/supportive housing - prevention.,GC-2006-Q2-00073,214795,unmatched_new,other_org,,,
supportive_housing,L'Arrêt-Source Inc,,Montréal,QC,1,235322.0,2006,2006,Employment and Social Development Canada | Emploi et Développement social Canada,Increase the availability and access to a range of services and facilities along the continuum from homelessness to self-sufficiency - emergency shelters - transitional/supportive housing - prevention.,GC-2006-Q2-00253,202878,unmatched_new,other_org,,,
emergency_shelter,L'Arrêt-Source Inc,,Montréal,QC,1,235322.0,2006,2006,Employment and Social Development Canada | Emploi et Développement social Canada,Increase the availability and access to a range of services and facilities along the continuum from homelessness to self-sufficiency - emergency shelters - transitional/supportive housing - prevention.,GC-2006-Q2-00253,202878,unmatched_new,other_org,,,
supportive_housing,Women's Place ( St. Catharines and District ) Inc.,,St. Catharines,ON,1,227949.0,2006,2006,Employment and Social Development Canada | Emploi et Développement social Canada,Increase the availability and access to a range of services and facilities along the continuum from homelessness to self-sufficiency - emergency shelters - transitional/supportive housing - prevention.,GC-2005-Q4-00034,241185,unmatched_new,other_org,,,
emergency_shelter,Women's Place ( St. Catharines and District ) Inc.,,St. Catharines,ON,1,227949.0,2006,2006,Employment and Social Development Canada | Emploi et Développement social Canada,Increase the availability and access to a range of services and facilities along the continuum from homelessness to self-sufficiency - emergency shelters - transitional/supportive housing - prevention.,GC-2005-Q4-00034,241185,unmatched_new,other_org,,,
transitional_housing,Book Club for Inmates,804170009RT0001,Toronto,ON,1,225930.0,2020,2020,Public Safety Canada | Sécurité publique Canada,"The Book Clubs for Inmates (BCFI) is a national organization with 36 book clubs in penitentiaries, healing lodges and transitional housing across Canada that are run by approximately 130 volunteers.  BCFI organizes and a",214-2020-2021-Q1-0004,304927,unmatched_new,other_org,,,
supportive_housing,Lookout Emergency Aid Society,,Vancouver,BC,1,223245.0,2006,2006,Employment and Social Development Canada | Emploi et Développement social Canada,Increase the availability and access to a range of services and facilities along the continuum from homelessness to self-sufficiency - emergency shelters - transitional/supportive housing - prevention.,GC-2006-Q3-00024,146902,unmatched_new,other_org,,,
emergency_shelter,Lookout Emergency Aid Society,,Vancouver,BC,1,223245.0,2006,2006,Employment and Social Development Canada | Emploi et Développement social Canada,Increase the availability and access to a range of services and facilities along the continuum from homelessness to self-sufficiency - emergency shelters - transitional/supportive housing - prevention.,GC-2006-Q3-00024,146902,unmatched_new,other_org,,,
supportive_housing,The Governing Council of the Salvation Army in Canada,,St. John's,NL,3,219338.0,2006,2007,Employment and Social Development Canada | Emploi et Développement social Canada,Increase the availability and access to a range of services and facilities along the continuum from homelessness to self-sufficiency - emergency shelters - transitional/supportive housing - prevention.,GC-2006-Q4-00187,146268,unmatched_new,other_org,,,
emergency_shelter,The Governing Council of the Salvation Army in Canada,,St. John's,NL,3,219338.0,2006,2007,Employment and Social Development Canada | Emploi et Développement social Canada,Increase the availability and access to a range of services and facilities along the continuum from homelessness to self-sufficiency - emergency shelters - transitional/supportive housing - prevention.,GC-2006-Q4-00187,6930,exact_bn,charity,107951618,447589.0,2024-03-31
supportive_housing,Auberge communautaire du Sud-Ouest,,Montréal,QC,2,216000.0,2007,2007,Employment and Social Development Canada | Emploi et Développement social Canada,Increase the availability and access to a range of services and facilities along the continuum from homelessness to self-sufficiency - emergency shelters - transitional/supportive housing - prevention.,GC-2006-Q4-00380,146967,unmatched_new,other_org,,,
emergency_shelter,Auberge communautaire du Sud-Ouest,,Montréal,QC,2,216000.0,2007,2007,Employment and Social Development Canada | Emploi et Développement social Canada,Increase the availability and access to a range of services and facilities along the continuum from homelessness to self-sufficiency - emergency shelters - transitional/supportive housing - prevention.,GC-2006-Q4-00380,146967,unmatched_new,other_org,,,
supportive_housing,Samaritan House Ministries Inc.,,Brandon,MB,1,211484.0,2007,2007,Employment and Social Development Canada | Emploi et Développement social Canada,Increase the availability and access to a range of services and facilities along the continuum from homelessness to self-sufficiency - emergency shelters - transitional/supportive housing - prevention.,GC-2006-Q4-00295,146485,unmatched_new,other_org,,,
emergency_shelter,Samaritan House Ministries Inc.,,Brandon,MB,1,211484.0,2007,2007,Employment and Social Development Canada | Emploi et Développement social Canada,Increase the availability and access to a range of services and facilities along the continuum from homelessness to self-sufficiency - emergency shelters - transitional/supportive housing - prevention.,GC-2006-Q4-00295,146485,unmatched_new,other_org,,,
supportive_housing,Kingston Home Base Non-Profit Housing Inc.,,Kingston,ON,1,206062.0,2006,2006,Employment and Social Development Canada | Emploi et Développement social Canada,Increase the availability and access to a range of services and facilities along the continuum from homelessness to self-sufficiency - emergency shelters - transitional/supportive housing - prevention.,GC-2005-Q4-00090,28048,exact_bn,charity,129397709,9374989.0,2024-12-31
emergency_shelter,Kingston Home Base Non-Profit Housing Inc.,,Kingston,ON,1,206062.0,2006,2006,Employment and Social Development Canada | Emploi et Développement social Canada,Increase the availability and access to a range of services and facilities along the continuum from homelessness to self-sufficiency - emergency shelters - transitional/supportive housing - prevention.,GC-2005-Q4-00090,28048,exact_bn,charity,129397709,9374989.0,2024-12-31
supportive_housing,Nova Vita Domestic Violence Prevention Services,,Brantford,ON,2,200737.0,2006,2006,Employment and Social Development Canada | Emploi et Développement social Canada,Increase the availability and access to a range of services and facilities along the continuum from homelessness to self-sufficiency - emergency shelters - transitional/supportive housing - prevention.,GC-2006-Q1-00335,146243,unmatched_new,other_org,,,
emergency_shelter,Nova Vita Domestic Violence Prevention Services,,Brantford,ON,2,200737.0,2006,2006,Employment and Social Development Canada | Emploi et Développement social Canada,Increase the availability and access to a range of services and facilities along the continuum from homelessness to self-sufficiency - emergency shelters - transitional/supportive housing - prevention.,GC-2006-Q1-00335,146243,unmatched_new,other_org,,,
housing_first,"SOMERS, Julian",,Burnaby,BC,1,200000.0,2015,2015,Canadian Institutes of Health Research | Instituts de recherche en santé du Canada,"Expanding ""Housing First"" for homeless adults in Metro Vancouver:  an evaluation of the Homeless Partnering Strategy",236-2014-2015-Q4-00229,239450,unmatched_new,other_org,,,
supportive_housing,St. James Community Service Society,,Vancouver,BC,1,200000.0,2006,2006,Employment and Social Development Canada | Emploi et Développement social Canada,Increase the availability and access to a range of services and facilities along the continuum from homelessness to self-sufficiency - emergency shelters - transitional/supportive housing - prevention.,GC-2006-Q3-00058,150615,unmatched_new,other_org,872672514,,
supportive_housing,The Bethlehem Not-For-Profit Housing Projects of Niagara,,St. Catharines,ON,1,200000.0,2006,2006,Employment and Social Development Canada | Emploi et Développement social Canada,Increase the availability and access to a range of services and facilities along the continuum from homelessness to self-sufficiency - emergency shelters - transitional/supportive housing - prevention.,GC-2005-Q4-00037,318948,unmatched_new,other_org,,,
emergency_shelter,The Bethlehem Not-For-Profit Housing Projects of Niagara,,St. Catharines,ON,1,200000.0,2006,2006,Employment and Social Development Canada | Emploi et Développement social Canada,Increase the availability and access to a range of services and facilities along the continuum from homelessness to self-sufficiency - emergency shelters - transitional/supportive housing - prevention.,GC-2005-Q4-00037,318948,unmatched_new,other_org,,,
emergency_shelter,St. James Community Service Society,,Vancouver,BC,1,200000.0,2006,2006,Employment and Social Development Canada | Emploi et Développement social Canada,Increase the availability and access to a range of services and facilities along the continuum from homelessness to self-sufficiency - emergency shelters - transitional/supportive housing - prevention.,GC-2006-Q3-00058,150615,unmatched_new,other_org,872672514,,
supportive_housing,"HOGG, Robert S",,Burnaby,BC,1,199910.0,2013,2013,Canadian Institutes of Health Research | Instituts de recherche en santé du Canada,A mixed method evaluation of a supportive housing intervention for people living with HIV and at risk of homelessness,236-2012-2013-Q4-00901,167858,unmatched_new,other_org,,,
supportive_housing,Last Door Recovery Society,,New Westminster,BC,1,198293.0,2007,2007,Employment and Social Development Canada | Emploi et Développement social Canada,Increase the availability and access to a range of services and facilities along the continuum from homelessness to self-sufficiency - emergency shelters - transitional/supportive housing - prevention.,GC-2006-Q4-00359,189551,unmatched_new,other_org,,,
emergency_shelter,Last Door Recovery Society,,New Westminster,BC,1,198293.0,2007,2007,Employment and Social Development Canada | Emploi et Développement social Canada,Increase the availability and access to a range of services and facilities along the continuum from homelessness to self-sufficiency - emergency shelters - transitional/supportive housing - prevention.,GC-2006-Q4-00359,189551,unmatched_new,other_org,,,
supportive_housing,Mission bon accueil,,Montréal,QC,1,189000.0,2006,2006,Employment and Social Development Canada | Emploi et Développement social Canada,Increase the availability and access to a range of services and facilities along the continuum from homelessness to self-sufficiency - emergency shelters - transitional/supportive housing - prevention.,GC-2006-Q3-00113,146956,unmatched_new,other_org,108195214,,
emergency_shelter,Mission bon accueil,,Montréal,QC,1,189000.0,2006,2006,Employment and Social Development Canada | Emploi et Développement social Canada,Increase the availability and access to a range of services and facilities along the continuum from homelessness to self-sufficiency - emergency shelters - transitional/supportive housing - prevention.,GC-2006-Q3-00113,146956,unmatched_new,other_org,108195214,,
emergency_shelter,Manitoba Association of Women's Shelters Inc.,,Winkler,MB,1,181908.0,2025,2025,Public Safety Canada | Sécurité publique Canada,"This project aims to educate Manitoba’s gender-based violence emergency shelter staff, their service users, and the general public about “Red Flag” laws, focusing on how these laws can help prevent firearm-related harm. ",088-2025-2026-Q3-00024,62529,fuzzy_accept,charity,880786892,1225454.0,2024-03-31
supportive_housing,Réseau habitation femmes de Montréal,,Montréal,QC,1,180000.0,2006,2006,Employment and Social Development Canada | Emploi et Développement social Canada,Increase the availability and access to a range of services and facilities along the continuum from homelessness to self-sufficiency - emergency shelters - transitional/supportive housing - prevention.,GC-2006-Q3-00127,146269,unmatched_new,other_org,893243568,,
emergency_shelter,Réseau habitation femmes de Montréal,,Montréal,QC,1,180000.0,2006,2006,Employment and Social Development Canada | Emploi et Développement social Canada,Increase the availability and access to a range of services and facilities along the continuum from homelessness to self-sufficiency - emergency shelters - transitional/supportive housing - prevention.,GC-2006-Q3-00127,146269,unmatched_new,other_org,893243568,,
supportive_housing,Sunshine Society of Christian Community Services,,Calgary,AB,1,175000.0,2006,2006,Employment and Social Development Canada | Emploi et Développement social Canada,Increase the availability and access to a range of services and facilities along the continuum from homelessness to self-sufficiency - emergency shelters - transitional/supportive housing - prevention.,GC-2006-Q3-00207,202656,unmatched_new,other_org,,,
supportive_housing,Andrews Street Family Centre Inc.,,Winnipeg,MB,1,175000.0,2006,2006,Employment and Social Development Canada | Emploi et Développement social Canada,Increase the availability and access to a range of services and facilities along the continuum from homelessness to self-sufficiency - emergency shelters - transitional/supportive housing - prevention.,GC-2006-Q2-00272,79211,exact_bn,charity,897833885,1398595.0,2024-03-31
emergency_shelter,Andrews Street Family Centre Inc.,,Winnipeg,MB,1,175000.0,2006,2006,Employment and Social Development Canada | Emploi et Développement social Canada,Increase the availability and access to a range of services and facilities along the continuum from homelessness to self-sufficiency - emergency shelters - transitional/supportive housing - prevention.,GC-2006-Q2-00272,79211,exact_bn,charity,897833885,1398595.0,2024-03-31
emergency_shelter,Sunshine Society of Christian Community Services,,Calgary,AB,1,175000.0,2006,2006,Employment and Social Development Canada | Emploi et Développement social Canada,Increase the availability and access to a range of services and facilities along the continuum from homelessness to self-sufficiency - emergency shelters - transitional/supportive housing - prevention.,GC-2006-Q3-00207,202656,unmatched_new,other_org,,,
supportive_housing,Centre Sida Amitié,,Saint-Jérôme,QC,1,170000.0,2006,2006,Employment and Social Development Canada | Emploi et Développement social Canada,Increase the availability and access to a range of services and facilities along the continuum from homelessness to self-sufficiency - emergency shelters - transitional/supportive housing - prevention.,GC-2006-Q1-00469,27146,exact_bn,charity,125183046,875717.0,2024-03-31
emergency_shelter,Centre Sida Amitié,,Saint-Jérôme,QC,1,170000.0,2006,2006,Employment and Social Development Canada | Emploi et Développement social Canada,Increase the availability and access to a range of services and facilities along the continuum from homelessness to self-sufficiency - emergency shelters - transitional/supportive housing - prevention.,GC-2006-Q1-00469,202879,unmatched_new,other_org,,,
supportive_housing,La Maison Marguerite de Montréal Inc.,,Montréal,QC,1,166528.0,2006,2006,Employment and Social Development Canada | Emploi et Développement social Canada,Increase the availability and access to a range of services and facilities along the continuum from homelessness to self-sufficiency - emergency shelters - transitional/supportive housing - prevention.,GC-2006-Q3-00047,332156,unmatched_new,other_org,,,
emergency_shelter,La Maison Marguerite de Montréal Inc.,,Montréal,QC,1,166528.0,2006,2006,Employment and Social Development Canada | Emploi et Développement social Canada,Increase the availability and access to a range of services and facilities along the continuum from homelessness to self-sufficiency - emergency shelters - transitional/supportive housing - prevention.,GC-2006-Q3-00047,332156,unmatched_new,other_org,,,
supportive_housing,Mission Old Brewery,,Montréal,QC,2,161400.0,2006,2006,Employment and Social Development Canada | Emploi et Développement social Canada,Increase the availability and access to a range of services and facilities along the continuum from homelessness to self-sufficiency - emergency shelters - transitional/supportive housing - prevention.,GC-2006-Q3-00034,146350,unmatched_new,other_org,,,
emergency_shelter,Mission Old Brewery,,Montréal,QC,2,161400.0,2006,2006,Employment and Social Development Canada | Emploi et Développement social Canada,Increase the availability and access to a range of services and facilities along the continuum from homelessness to self-sufficiency - emergency shelters - transitional/supportive housing - prevention.,GC-2006-Q3-00034,146350,unmatched_new,other_org,,,
supportive_housing,Corporation Maison Lucien L'Allier,,Montréal,QC,1,158577.0,2006,2006,Employment and Social Development Canada | Emploi et Développement social Canada,Increase the availability and access to a range of services and facilities along the continuum from homelessness to self-sufficiency - emergency shelters - transitional/supportive housing - prevention.,GC-2006-Q2-00026,209682,unmatched_new,other_org,,,
emergency_shelter,Corporation Maison Lucien L'Allier,,Montréal,QC,1,158577.0,2006,2006,Employment and Social Development Canada | Emploi et Développement social Canada,Increase the availability and access to a range of services and facilities along the continuum from homelessness to self-sufficiency - emergency shelters - transitional/supportive housing - prevention.,GC-2006-Q2-00026,209682,unmatched_new,other_org,,,
supportive_housing,Regina Rescue Mission Inc.,,Regina,SK,1,150120.0,2006,2006,Employment and Social Development Canada | Emploi et Développement social Canada,Increase the availability and access to a range of services and facilities along the continuum from homelessness to self-sufficiency - emergency shelters - transitional/supportive housing - prevention.,GC-2006-Q2-00063,146341,unmatched_new,other_org,,,
emergency_shelter,Regina Rescue Mission Inc.,,Regina,SK,1,150120.0,2006,2006,Employment and Social Development Canada | Emploi et Développement social Canada,Increase the availability and access to a range of services and facilities along the continuum from homelessness to self-sufficiency - emergency shelters - transitional/supportive housing - prevention.,GC-2006-Q2-00063,146341,unmatched_new,other_org,,,
supportive_housing,Réseau d'habitation communautaire de la Mauricie,,Trois-Rivières,QC,1,150000.0,2006,2006,Employment and Social Development Canada | Emploi et Développement social Canada,Increase the availability and access to a range of services and facilities along the continuum from homelessness to self-sufficiency - emergency shelters - transitional/supportive housing - prevention.,GC-2006-Q2-00241,150925,unmatched_new,other_org,898005517,,
emergency_shelter,Réseau d'habitation communautaire de la Mauricie,,Trois-Rivières,QC,1,150000.0,2006,2006,Employment and Social Development Canada | Emploi et Développement social Canada,Increase the availability and access to a range of services and facilities along the continuum from homelessness to self-sufficiency - emergency shelters - transitional/supportive housing - prevention.,GC-2006-Q2-00241,150925,unmatched_new,other_org,898005517,,
supportive_housing,L'Aiguillage,,Vaudreuil-Dorion,QC,1,145000.0,2006,2006,Employment and Social Development Canada | Emploi et Développement social Canada,Increase the availability and access to a range of services and facilities along the continuum from homelessness to self-sufficiency - emergency shelters - transitional/supportive housing - prevention.,GC-2005-Q4-00032,146698,unmatched_new,other_org,,,
emergency_shelter,L'Aiguillage,,Vaudreuil-Dorion,QC,1,145000.0,2006,2006,Employment and Social Development Canada | Emploi et Développement social Canada,Increase the availability and access to a range of services and facilities along the continuum from homelessness to self-sufficiency - emergency shelters - transitional/supportive housing - prevention.,GC-2005-Q4-00032,146698,unmatched_new,other_org,,,
emergency_shelter,THE CANADIAN RED CROSS SOCIETY,,Ottawa | Ottawa,ON,1,138339.75,2024,2024,Global Affairs Canada | Affaires mondiales Canada,"July 2024 – Starting on July 1st, 2024, hurricane Beryl swept through the Caribbean as a category 4 hurricane, causing significant destruction particularly in Grenada, Saint Vincent and the Grenadines, as well as Jamaica",064-2024-2025-Q2-00396,22846,exact_bn,charity,119219814,442356566.0,2024-03-31
supportive_housing,Young Women's Christian Organization of Prince Albert,,Prince Albert,SK,1,135931.0,2006,2006,Employment and Social Development Canada | Emploi et Développement social Canada,Increase the availability and access to a range of services and facilities along the continuum from homelessness to self-sufficiency - emergency shelters - transitional/supportive housing - prevention.,GC-2006-Q2-00048,146257,unmatched_new,other_org,,,
emergency_shelter,Young Women's Christian Organization of Prince Albert,,Prince Albert,SK,1,135931.0,2006,2006,Employment and Social Development Canada | Emploi et Développement social Canada,Increase the availability and access to a range of services and facilities along the continuum from homelessness to self-sufficiency - emergency shelters - transitional/supportive housing - prevention.,GC-2006-Q2-00048,146257,unmatched_new,other_org,,,
supportive_housing,The Calgary John Howard Society,,Calgary,AB,1,131130.0,2006,2006,Employment and Social Development Canada | Emploi et Développement social Canada,Increase the availability and access to a range of services and facilities along the continuum from homelessness to self-sufficiency - emergency shelters - transitional/supportive housing - prevention.,GC-2006-Q2-00072,144831,unmatched_new,other_org,010754244,,
emergency_shelter,The Calgary John Howard Society,,Calgary,AB,1,131130.0,2006,2006,Employment and Social Development Canada | Emploi et Développement social Canada,Increase the availability and access to a range of services and facilities along the continuum from homelessness to self-sufficiency - emergency shelters - transitional/supportive housing - prevention.,GC-2006-Q2-00072,144831,unmatched_new,other_org,010754244,,
supportive_housing,Passages,,Montréal,QC,1,129257.0,2006,2006,Employment and Social Development Canada | Emploi et Développement social Canada,Increase the availability and access to a range of services and facilities along the continuum from homelessness to self-sufficiency - emergency shelters - transitional/supportive housing - prevention.,GC-2006-Q2-00184,189513,unmatched_new,other_org,,,
emergency_shelter,Passages,,Montréal,QC,1,129257.0,2006,2006,Employment and Social Development Canada | Emploi et Développement social Canada,Increase the availability and access to a range of services and facilities along the continuum from homelessness to self-sufficiency - emergency shelters - transitional/supportive housing - prevention.,GC-2006-Q2-00184,189513,unmatched_new,other_org,,,
supportive_housing,Le Dahlia groupe d'entraide en santé mentale,,Beauharnois,QC,1,127670.0,2007,2007,Employment and Social Development Canada | Emploi et Développement social Canada,Increase the availability and access to a range of services and facilities along the continuum from homelessness to self-sufficiency - emergency shelters - transitional/supportive housing - prevention.,GC-2006-Q4-00228,146699,unmatched_new,other_org,,,
emergency_shelter,Le Dahlia groupe d'entraide en santé mentale,,Beauharnois,QC,1,127670.0,2007,2007,Employment and Social Development Canada | Emploi et Développement social Canada,Increase the availability and access to a range of services and facilities along the continuum from homelessness to self-sufficiency - emergency shelters - transitional/supportive housing - prevention.,GC-2006-Q4-00228,146699,unmatched_new,other_org,,,
supportive_housing,La Corporation Félix-Hubert d'Hérelle,,Montréal,QC,1,127000.0,2006,2006,Employment and Social Development Canada | Emploi et Développement social Canada,Increase the availability and access to a range of services and facilities along the continuum from homelessness to self-sufficiency - emergency shelters - transitional/supportive housing - prevention.,GC-2006-Q3-00230,316674,unmatched_new,other_org,,,
emergency_shelter,La Corporation Félix-Hubert d'Hérelle,,Montréal,QC,1,127000.0,2006,2006,Employment and Social Development Canada | Emploi et Développement social Canada,Increase the availability and access to a range of services and facilities along the continuum from homelessness to self-sufficiency - emergency shelters - transitional/supportive housing - prevention.,GC-2006-Q3-00230,316674,unmatched_new,other_org,,,
supportive_housing,Saskatoon Environmentor's Co-operative Ltd.,,Saskatoon,SK,1,125000.0,2006,2006,Employment and Social Development Canada | Emploi et Développement social Canada,Increase the availability and access to a range of services and facilities along the continuum from homelessness to self-sufficiency - emergency shelters - transitional/supportive housing - prevention.,GC-2006-Q3-00258,278020,unmatched_new,other_org,,,
emergency_shelter,Saskatoon Environmentor's Co-operative Ltd.,,Saskatoon,SK,1,125000.0,2006,2006,Employment and Social Development Canada | Emploi et Développement social Canada,Increase the availability and access to a range of services and facilities along the continuum from homelessness to self-sufficiency - emergency shelters - transitional/supportive housing - prevention.,GC-2006-Q3-00258,278020,unmatched_new,other_org,,,
supportive_housing,Accueil Bonneau inc.,,Montréal,QC,1,124190.0,2007,2007,Employment and Social Development Canada | Emploi et Développement social Canada,Increase the availability and access to a range of services and facilities along the continuum from homelessness to self-sufficiency - emergency shelters - transitional/supportive housing - prevention.,GC-2006-Q4-00176,9209,exact_bn,charity,118776897,6220185.0,2024-12-31
emergency_shelter,Accueil Bonneau inc.,,Montréal,QC,1,124190.0,2007,2007,Employment and Social Development Canada | Emploi et Développement social Canada,Increase the availability and access to a range of services and facilities along the continuum from homelessness to self-sufficiency - emergency shelters - transitional/supportive housing - prevention.,GC-2006-Q4-00176,202851,unmatched_new,other_org,,,
supportive_housing,L'Avenue hébergement communautaire,,Montréal,QC,1,123980.0,2006,2006,Employment and Social Development Canada | Emploi et Développement social Canada,Increase the availability and access to a range of services and facilities along the continuum from homelessness to self-sufficiency - emergency shelters - transitional/supportive housing - prevention.,GC-2006-Q2-00197,146452,unmatched_new,other_org,,,
emergency_shelter,L'Avenue hébergement communautaire,,Montréal,QC,1,123980.0,2006,2006,Employment and Social Development Canada | Emploi et Développement social Canada,Increase the availability and access to a range of services and facilities along the continuum from homelessness to self-sufficiency - emergency shelters - transitional/supportive housing - prevention.,GC-2006-Q2-00197,146452,unmatched_new,other_org,,,
supportive_housing,My Sister's Place Transitional Support Centre,,London,ON,1,122030.0,2006,2006,Employment and Social Development Canada | Emploi et Développement social Canada,Increase the availability and access to a range of services and facilities along the continuum from homelessness to self-sufficiency - emergency shelters - transitional/supportive housing - prevention.,GC-2006-Q2-00220,332154,unmatched_new,other_org,,,
supportive_housing,Western Ontario Therapeutic Community Hostel (WOTCH),,London,ON,1,122030.0,2006,2006,Employment and Social Development Canada | Emploi et Développement social Canada,Increase the availability and access to a range of services and facilities along the continuum from homelessness to self-sufficiency - emergency shelters - transitional/supportive housing - prevention.,GC-2006-Q2-00221,146264,unmatched_new,other_org,,,
emergency_shelter,My Sister's Place Transitional Support Centre,,London,ON,1,122030.0,2006,2006,Employment and Social Development Canada | Emploi et Développement social Canada,Increase the availability and access to a range of services and facilities along the continuum from homelessness to self-sufficiency - emergency shelters - transitional/supportive housing - prevention.,GC-2006-Q2-00220,332154,unmatched_new,other_org,,,
emergency_shelter,Western Ontario Therapeutic Community Hostel (WOTCH),,London,ON,1,122030.0,2006,2006,Employment and Social Development Canada | Emploi et Développement social Canada,Increase the availability and access to a range of services and facilities along the continuum from homelessness to self-sufficiency - emergency shelters - transitional/supportive housing - prevention.,GC-2006-Q2-00221,146264,unmatched_new,other_org,,,
supportive_housing,Castle Arms Non-Profit Apartment Corporation,132131566,North Bay,ON,1,121755.0,2009,2009,"Innovation, Science and Economic Development Canada | Innovation, Sciences et Développement économique Canada","Assistance for the architectural, design and engineering costs related to the construction of a Senior's Supportive Housing complex in Mattawa.",033-2009-2010-Q3-504210,95275,exact_bn,charity,132131566,3169241.0,2024-12-31
supportive_housing,Canadian Mental Health Association,,Belleville,ON,1,118335.0,2006,2006,Employment and Social Development Canada | Emploi et Développement social Canada,Increase the availability and access to a range of services and facilities along the continuum from homelessness to self-sufficiency - emergency shelters - transitional/supportive housing - prevention.,GC-2006-Q3-00267,336660,unmatched_new,other_org,010686343,,
emergency_shelter,Canadian Mental Health Association,,Belleville,ON,1,118335.0,2006,2006,Employment and Social Development Canada | Emploi et Développement social Canada,Increase the availability and access to a range of services and facilities along the continuum from homelessness to self-sufficiency - emergency shelters - transitional/supportive housing - prevention.,GC-2006-Q3-00267,336660,unmatched_new,other_org,010686343,,
supportive_housing,Welland Community Resource and Action Centre,,Welland,ON,1,111796.0,2006,2006,Employment and Social Development Canada | Emploi et Développement social Canada,Increase the availability and access to a range of services and facilities along the continuum from homelessness to self-sufficiency - emergency shelters - transitional/supportive housing - prevention.,GC-2005-Q4-00153,150572,unmatched_new,other_org,,,
emergency_shelter,Welland Community Resource and Action Centre,,Welland,ON,1,111796.0,2006,2006,Employment and Social Development Canada | Emploi et Développement social Canada,Increase the availability and access to a range of services and facilities along the continuum from homelessness to self-sufficiency - emergency shelters - transitional/supportive housing - prevention.,GC-2005-Q4-00153,150572,unmatched_new,other_org,,,
housing_first,"Kozloff, Nicole",,Toronto,ON,1,110000.0,2015,2015,Canadian Institutes of Health Research | Instituts de recherche en santé du Canada,The individual and societal impact of Housing First for homeless youth with mental illness: Mixed-methods analysis of the At Home/Chez Soi field trial,236-2015-2016-Q2-00262,168998,unmatched_new,other_org,,,
housing_first,"DE BOER, Tracy J",,Winnipeg,MB,1,108000.0,2013,2013,Canadian Institutes of Health Research | Instituts de recherche en santé du Canada,Of Health and Home: Mixed Methods Outcomes of a Housing First Intervention for Homeless Adults who Use Volatile Solvents,236-2013-2014-Q2-00345,324557,unmatched_new,other_org,,,
supportive_housing,St. Francis Foundation,,St. John's,NL,1,107087.0,2007,2007,Employment and Social Development Canada | Emploi et Développement social Canada,Increase the availability and access to a range of services and facilities along the continuum from homelessness to self-sufficiency - emergency shelters - transitional/supportive housing - prevention.,GC-2006-Q4-00484,245925,unmatched_new,other_org,,,
emergency_shelter,St. Francis Foundation,,St. John's,NL,1,107087.0,2007,2007,Employment and Social Development Canada | Emploi et Développement social Canada,Increase the availability and access to a range of services and facilities along the continuum from homelessness to self-sufficiency - emergency shelters - transitional/supportive housing - prevention.,GC-2006-Q4-00484,245925,unmatched_new,other_org,,,
supportive_housing,Cultural Communications Group,,Niagara-on-the-Lake,ON,1,105209.0,2006,2006,Employment and Social Development Canada | Emploi et Développement social Canada,Increase the availability and access to a range of services and facilities along the continuum from homelessness to self-sufficiency - emergency shelters - transitional/supportive housing - prevention.,GC-2005-Q4-00152,231194,unmatched_new,other_org,,,
emergency_shelter,Cultural Communications Group,,Niagara-on-the-Lake,ON,1,105209.0,2006,2006,Employment and Social Development Canada | Emploi et Développement social Canada,Increase the availability and access to a range of services and facilities along the continuum from homelessness to self-sufficiency - emergency shelters - transitional/supportive housing - prevention.,GC-2005-Q4-00152,231194,unmatched_new,other_org,,,
housing_first,"Parpouchi, Seyed-Reza",,Burnaby,BC,1,105000.0,2016,2016,Canadian Institutes of Health Research | Instituts de recherche en santé du Canada,Housing First and Treatment Engagement and Continuity: A Randomised Controlled Trial,236-2016-2017-Q1-00197,227861,unmatched_new,other_org,,,
supportive_housing,"Governing Council of the Salvation Army in Canada, The Harbour Light",,Vancouver,BC,1,103000.0,2006,2006,Employment and Social Development Canada | Emploi et Développement social Canada,Increase the availability and access to a range of services and facilities along the continuum from homelessness to self-sufficiency - emergency shelters - transitional/supportive housing - prevention.,GC-2006-Q2-00273,336590,unmatched_new,other_org,,,
emergency_shelter,"Governing Council of the Salvation Army in Canada, The Harbour Light",,Vancouver,BC,1,103000.0,2006,2006,Employment and Social Development Canada | Emploi et Développement social Canada,Increase the availability and access to a range of services and facilities along the continuum from homelessness to self-sufficiency - emergency shelters - transitional/supportive housing - prevention.,GC-2006-Q2-00273,336590,unmatched_new,other_org,,,
supportive_housing,Relais Communautaire,,Laval,QC,1,101874.0,2007,2007,Employment and Social Development Canada | Emploi et Développement social Canada,Increase the availability and access to a range of services and facilities along the continuum from homelessness to self-sufficiency - emergency shelters - transitional/supportive housing - prevention.,GC-2006-Q4-00116,202679,unmatched_new,other_org,,,
emergency_shelter,Relais Communautaire,,Laval,QC,1,101874.0,2007,2007,Employment and Social Development Canada | Emploi et Développement social Canada,Increase the availability and access to a range of services and facilities along the continuum from homelessness to self-sufficiency - emergency shelters - transitional/supportive housing - prevention.,GC-2006-Q4-00116,202679,unmatched_new,other_org,,,
supportive_housing,YWCA of Saskatoon,,Saskatoon,SK,2,101300.0,2006,2007,Employment and Social Development Canada | Emploi et Développement social Canada,Increase the availability and access to a range of services and facilities along the continuum from homelessness to self-sufficiency - emergency shelters - transitional/supportive housing - prevention.,GC-2006-Q4-00246,209688,unmatched_new,other_org,,,
emergency_shelter,YWCA of Saskatoon,,Saskatoon,SK,2,101300.0,2006,2007,Employment and Social Development Canada | Emploi et Développement social Canada,Increase the availability and access to a range of services and facilities along the continuum from homelessness to self-sufficiency - emergency shelters - transitional/supportive housing - prevention.,GC-2006-Q4-00246,209688,unmatched_new,other_org,,,
housing_first,"Frankish, Charles J",,Vancouver,BC,1,100000.0,2016,2016,Canadian Institutes of Health Research | Instituts de recherche en santé du Canada,"A Realist Synthesis of Housing First Programs: What Works, for Whom, Under What Circumstances in the Community Functioning of Formerly Homeless Adults",236-2015-2016-Q3-00119,185193,unmatched_new,other_org,,,
supportive_housing,Gateway Residence of Niagara Inc.,,Welland,ON,1,98000.0,2006,2006,Employment and Social Development Canada | Emploi et Développement social Canada,Increase the availability and access to a range of services and facilities along the continuum from homelessness to self-sufficiency - emergency shelters - transitional/supportive housing - prevention.,GC-2005-Q4-00101,344172,unmatched_new,other_org,,,
emergency_shelter,Gateway Residence of Niagara Inc.,,Welland,ON,1,98000.0,2006,2006,Employment and Social Development Canada | Emploi et Développement social Canada,Increase the availability and access to a range of services and facilities along the continuum from homelessness to self-sufficiency - emergency shelters - transitional/supportive housing - prevention.,GC-2005-Q4-00101,344172,unmatched_new,other_org,,,
supportive_housing,Centre de solidarité familial sourire sans faim,,Saint-Rémi,QC,1,96431.0,2006,2006,Employment and Social Development Canada | Emploi et Développement social Canada,Increase the availability and access to a range of services and facilities along the continuum from homelessness to self-sufficiency - emergency shelters - transitional/supportive housing - prevention.,GC-2006-Q3-00173,245971,unmatched_new,other_org,,,
emergency_shelter,Centre de solidarité familial sourire sans faim,,Saint-Rémi,QC,1,96431.0,2006,2006,Employment and Social Development Canada | Emploi et Développement social Canada,Increase the availability and access to a range of services and facilities along the continuum from homelessness to self-sufficiency - emergency shelters - transitional/supportive housing - prevention.,GC-2006-Q3-00173,245971,unmatched_new,other_org,,,
supportive_housing,Oasis Unité Mobile D'Intervention,,Laval,QC,1,95660.0,2007,2007,Employment and Social Development Canada | Emploi et Développement social Canada,Increase the availability and access to a range of services and facilities along the continuum from homelessness to self-sufficiency - emergency shelters - transitional/supportive housing - prevention.,GC-2006-Q4-00119,146774,unmatched_new,other_org,,,
emergency_shelter,Oasis Unité Mobile D'Intervention,,Laval,QC,1,95660.0,2007,2007,Employment and Social Development Canada | Emploi et Développement social Canada,Increase the availability and access to a range of services and facilities along the continuum from homelessness to self-sufficiency - emergency shelters - transitional/supportive housing - prevention.,GC-2006-Q4-00119,146774,unmatched_new,other_org,,,
supportive_housing,Nokee Kwe Occupational Skill Development Inc.,,London,ON,2,93883.0,2006,2007,Employment and Social Development Canada | Emploi et Développement social Canada,Increase the availability and access to a range of services and facilities along the continuum from homelessness to self-sufficiency - emergency shelters - transitional/supportive housing - prevention.,GC-2006-Q4-00075,245917,unmatched_new,other_org,,,
emergency_shelter,Nokee Kwe Occupational Skill Development Inc.,,London,ON,2,93883.0,2006,2007,Employment and Social Development Canada | Emploi et Développement social Canada,Increase the availability and access to a range of services and facilities along the continuum from homelessness to self-sufficiency - emergency shelters - transitional/supportive housing - prevention.,GC-2006-Q4-00075,245917,unmatched_new,other_org,,,
supportive_housing,United Church Halfway Homes Inc.,,Winnipeg,MB,1,92067.0,2006,2006,Employment and Social Development Canada | Emploi et Développement social Canada,Increase the availability and access to a range of services and facilities along the continuum from homelessness to self-sufficiency - emergency shelters - transitional/supportive housing - prevention.,GC-2006-Q2-00227,245909,unmatched_new,other_org,,,
emergency_shelter,United Church Halfway Homes Inc.,,Winnipeg,MB,1,92067.0,2006,2006,Employment and Social Development Canada | Emploi et Développement social Canada,Increase the availability and access to a range of services and facilities along the continuum from homelessness to self-sufficiency - emergency shelters - transitional/supportive housing - prevention.,GC-2006-Q2-00227,245909,unmatched_new,other_org,,,
supportive_housing,Union Gospel Mission,,Winnipeg,MB,1,90000.0,2006,2006,Employment and Social Development Canada | Emploi et Développement social Canada,Increase the availability and access to a range of services and facilities along the continuum from homelessness to self-sufficiency - emergency shelters - transitional/supportive housing - prevention.,GC-2006-Q3-00186,150865,unmatched_new,other_org,,,
emergency_shelter,Union Gospel Mission,,Winnipeg,MB,1,90000.0,2006,2006,Employment and Social Development Canada | Emploi et Développement social Canada,Increase the availability and access to a range of services and facilities along the continuum from homelessness to self-sufficiency - emergency shelters - transitional/supportive housing - prevention.,GC-2006-Q3-00186,150865,unmatched_new,other_org,,,
supportive_housing,Ranch Ehrlo Society,,Balgonie,SK,1,89545.0,2006,2006,Employment and Social Development Canada | Emploi et Développement social Canada,Increase the availability and access to a range of services and facilities along the continuum from homelessness to self-sufficiency - emergency shelters - transitional/supportive housing - prevention.,GC-2006-Q2-00148,19641,exact_bn,charity,119109155,92132797.0,2024-05-31
emergency_shelter,Ranch Ehrlo Society,,Balgonie,SK,1,89545.0,2006,2006,Employment and Social Development Canada | Emploi et Développement social Canada,Increase the availability and access to a range of services and facilities along the continuum from homelessness to self-sufficiency - emergency shelters - transitional/supportive housing - prevention.,GC-2006-Q2-00148,19641,exact_bn,charity,119109155,92132797.0,2024-05-31
supportive_housing,Centre des Femmes de Laval,,Laval,QC,1,87760.0,2007,2007,Employment and Social Development Canada | Emploi et Développement social Canada,Increase the availability and access to a range of services and facilities along the continuum from homelessness to self-sufficiency - emergency shelters - transitional/supportive housing - prevention.,GC-2006-Q4-00429,245924,unmatched_new,other_org,,,
emergency_shelter,Centre des Femmes de Laval,,Laval,QC,1,87760.0,2007,2007,Employment and Social Development Canada | Emploi et Développement social Canada,Increase the availability and access to a range of services and facilities along the continuum from homelessness to self-sufficiency - emergency shelters - transitional/supportive housing - prevention.,GC-2006-Q4-00429,245924,unmatched_new,other_org,,,
supportive_housing,Association for Women's Residential Facilities,,Halifax,NS,1,87033.0,2006,2006,Employment and Social Development Canada | Emploi et Développement social Canada,Increase the availability and access to a range of services and facilities along the continuum from homelessness to self-sufficiency - emergency shelters - transitional/supportive housing - prevention.,GC-2006-Q3-00301,344186,unmatched_new,other_org,,,
emergency_shelter,Association for Women's Residential Facilities,,Halifax,NS,1,87033.0,2006,2006,Employment and Social Development Canada | Emploi et Développement social Canada,Increase the availability and access to a range of services and facilities along the continuum from homelessness to self-sufficiency - emergency shelters - transitional/supportive housing - prevention.,GC-2006-Q3-00301,344186,unmatched_new,other_org,,,
supportive_housing,Bonsecours Inc.,,Montréal,QC,1,87000.0,2006,2006,Employment and Social Development Canada | Emploi et Développement social Canada,Increase the availability and access to a range of services and facilities along the continuum from homelessness to self-sufficiency - emergency shelters - transitional/supportive housing - prevention.,GC-2006-Q3-00086,241332,unmatched_new,other_org,,,
emergency_shelter,Bonsecours Inc.,,Montréal,QC,1,87000.0,2006,2006,Employment and Social Development Canada | Emploi et Développement social Canada,Increase the availability and access to a range of services and facilities along the continuum from homelessness to self-sufficiency - emergency shelters - transitional/supportive housing - prevention.,GC-2006-Q3-00086,241332,unmatched_new,other_org,,,
supportive_housing,University of Ontario Institute of Technology,,Oshawa,ON,1,84074.0,2006,2006,Employment and Social Development Canada | Emploi et Développement social Canada,Increase the availability and access to a range of services and facilities along the continuum from homelessness to self-sufficiency - emergency shelters - transitional/supportive housing - prevention.,GC-2005-Q4-00099,52929,fuzzy_accept,charity,859248049,259562518.0,2024-03-31
emergency_shelter,University of Ontario Institute of Technology,,Oshawa,ON,1,84074.0,2006,2006,Employment and Social Development Canada | Emploi et Développement social Canada,Increase the availability and access to a range of services and facilities along the continuum from homelessness to self-sufficiency - emergency shelters - transitional/supportive housing - prevention.,GC-2005-Q4-00099,52929,fuzzy_accept,charity,859248049,259562518.0,2024-03-31
supportive_housing,Kamloops Safe Housing Society,,Kamloops,BC,1,83292.0,2007,2007,Employment and Social Development Canada | Emploi et Développement social Canada,Increase the availability and access to a range of services and facilities along the continuum from homelessness to self-sufficiency - emergency shelters - transitional/supportive housing - prevention.,GC-2006-Q4-00160,214808,unmatched_new,other_org,,,
emergency_shelter,Kamloops Safe Housing Society,,Kamloops,BC,1,83292.0,2007,2007,Employment and Social Development Canada | Emploi et Développement social Canada,Increase the availability and access to a range of services and facilities along the continuum from homelessness to self-sufficiency - emergency shelters - transitional/supportive housing - prevention.,GC-2006-Q4-00160,214808,unmatched_new,other_org,,,
supportive_housing,Association Amicale des jeunes et parents AGAPE inc.,,Laval,QC,1,81990.0,2007,2007,Employment and Social Development Canada | Emploi et Développement social Canada,Increase the availability and access to a range of services and facilities along the continuum from homelessness to self-sufficiency - emergency shelters - transitional/supportive housing - prevention.,GC-2006-Q4-00428,189555,unmatched_new,other_org,,,
emergency_shelter,Association Amicale des jeunes et parents AGAPE inc.,,Laval,QC,1,81990.0,2007,2007,Employment and Social Development Canada | Emploi et Développement social Canada,Increase the availability and access to a range of services and facilities along the continuum from homelessness to self-sufficiency - emergency shelters - transitional/supportive housing - prevention.,GC-2006-Q4-00428,189555,unmatched_new,other_org,,,
supportive_housing,Corp of City of Brantford-Housing,,Brantford,ON,2,81637.0,2007,2007,Employment and Social Development Canada | Emploi et Développement social Canada,Increase the availability and access to a range of services and facilities along the continuum from homelessness to self-sufficiency - emergency shelters - transitional/supportive housing - prevention.,GC-2006-Q4-00366,332163,unmatched_new,other_org,,,
emergency_shelter,Corp of City of Brantford-Housing,,Brantford,ON,2,81637.0,2007,2007,Employment and Social Development Canada | Emploi et Développement social Canada,Increase the availability and access to a range of services and facilities along the continuum from homelessness to self-sufficiency - emergency shelters - transitional/supportive housing - prevention.,GC-2006-Q4-00366,332163,unmatched_new,other_org,,,
supportive_housing,D'un couvert à l'autre,,Longueuil,QC,1,79823.0,2007,2007,Employment and Social Development Canada | Emploi et Développement social Canada,Increase the availability and access to a range of services and facilities along the continuum from homelessness to self-sufficiency - emergency shelters - transitional/supportive housing - prevention.,GC-2006-Q4-00175,55438,exact_bn,charity,864266325,1227143.0,2024-09-30
emergency_shelter,D'un couvert à l'autre,,Longueuil,QC,1,79823.0,2007,2007,Employment and Social Development Canada | Emploi et Développement social Canada,Increase the availability and access to a range of services and facilities along the continuum from homelessness to self-sufficiency - emergency shelters - transitional/supportive housing - prevention.,GC-2006-Q4-00175,55438,exact_bn,charity,864266325,1227143.0,2024-09-30
supportive_housing,Cornerstone Community Association Durham Inc.,,Oshawa,ON,1,79399.0,2006,2006,Employment and Social Development Canada | Emploi et Développement social Canada,Increase the availability and access to a range of services and facilities along the continuum from homelessness to self-sufficiency - emergency shelters - transitional/supportive housing - prevention.,GC-2005-Q4-00100,189739,unmatched_new,other_org,,,
emergency_shelter,Cornerstone Community Association Durham Inc.,,Oshawa,ON,1,79399.0,2006,2006,Employment and Social Development Canada | Emploi et Développement social Canada,Increase the availability and access to a range of services and facilities along the continuum from homelessness to self-sufficiency - emergency shelters - transitional/supportive housing - prevention.,GC-2005-Q4-00100,189739,unmatched_new,other_org,,,
supportive_housing,Cactus Montréal,,Montréal,QC,2,79266.0,2006,2007,Employment and Social Development Canada | Emploi et Développement social Canada,Increase the availability and access to a range of services and facilities along the continuum from homelessness to self-sufficiency - emergency shelters - transitional/supportive housing - prevention.,GC-2006-Q4-00317,131636,unmatched_new,other_org,,,
emergency_shelter,Cactus Montréal,,Montréal,QC,2,79266.0,2006,2007,Employment and Social Development Canada | Emploi et Développement social Canada,Increase the availability and access to a range of services and facilities along the continuum from homelessness to self-sufficiency - emergency shelters - transitional/supportive housing - prevention.,GC-2006-Q4-00317,131636,unmatched_new,other_org,,,
supportive_housing,Les Artisans bénévoles de la Paix en Mauricie,,Trois-Rivières,QC,1,79039.0,2006,2006,Employment and Social Development Canada | Emploi et Développement social Canada,Increase the availability and access to a range of services and facilities along the continuum from homelessness to self-sufficiency - emergency shelters - transitional/supportive housing - prevention.,GC-2006-Q2-00196,33699,fuzzy_accept,charity,135316818,1183670.0,2024-03-31
emergency_shelter,Les Artisans bénévoles de la Paix en Mauricie,,Trois-Rivières,QC,1,79039.0,2006,2006,Employment and Social Development Canada | Emploi et Développement social Canada,Increase the availability and access to a range of services and facilities along the continuum from homelessness to self-sufficiency - emergency shelters - transitional/supportive housing - prevention.,GC-2006-Q2-00196,33699,fuzzy_accept,charity,135316818,1183670.0,2024-03-31
supportive_housing,The Hope Centre,,Welland,ON,1,74920.0,2007,2007,Employment and Social Development Canada | Emploi et Développement social Canada,Increase the availability and access to a range of services and facilities along the continuum from homelessness to self-sufficiency - emergency shelters - transitional/supportive housing - prevention.,GC-2006-Q4-00229,199933,unmatched_new,other_org,,,
emergency_shelter,The Hope Centre,,Welland,ON,1,74920.0,2007,2007,Employment and Social Development Canada | Emploi et Développement social Canada,Increase the availability and access to a range of services and facilities along the continuum from homelessness to self-sufficiency - emergency shelters - transitional/supportive housing - prevention.,GC-2006-Q4-00229,199933,unmatched_new,other_org,,,
supportive_housing,Interior Metis Child and Family Services,,Kamloops,BC,1,73105.0,2006,2006,Employment and Social Development Canada | Emploi et Développement social Canada,Increase the availability and access to a range of services and facilities along the continuum from homelessness to self-sufficiency - emergency shelters - transitional/supportive housing - prevention.,GC-2006-Q2-00125,146261,unmatched_new,other_org,,,
emergency_shelter,Interior Metis Child and Family Services,,Kamloops,BC,1,73105.0,2006,2006,Employment and Social Development Canada | Emploi et Développement social Canada,Increase the availability and access to a range of services and facilities along the continuum from homelessness to self-sufficiency - emergency shelters - transitional/supportive housing - prevention.,GC-2006-Q2-00125,146261,unmatched_new,other_org,,,
supportive_housing,TAWAAK Housing Association,,Halifax,NS,1,73090.0,2006,2006,Employment and Social Development Canada | Emploi et Développement social Canada,Increase the availability and access to a range of services and facilities along the continuum from homelessness to self-sufficiency - emergency shelters - transitional/supportive housing - prevention.,GC-2006-Q3-00278,263351,unmatched_new,other_org,,,
emergency_shelter,TAWAAK Housing Association,,Halifax,NS,1,73090.0,2006,2006,Employment and Social Development Canada | Emploi et Développement social Canada,Increase the availability and access to a range of services and facilities along the continuum from homelessness to self-sufficiency - emergency shelters - transitional/supportive housing - prevention.,GC-2006-Q3-00278,263351,unmatched_new,other_org,,,
supportive_housing,Youth Emergency Shelter of Peterborough,,Peterborough,ON,1,72588.0,2007,2007,Employment and Social Development Canada | Emploi et Développement social Canada,Increase the availability and access to a range of services and facilities along the continuum from homelessness to self-sufficiency - emergency shelters - transitional/supportive housing - prevention.,GC-2006-Q4-00254,146236,unmatched_new,other_org,,,
emergency_shelter,Youth Emergency Shelter of Peterborough,,Peterborough,ON,1,72588.0,2007,2007,Employment and Social Development Canada | Emploi et Développement social Canada,Increase the availability and access to a range of services and facilities along the continuum from homelessness to self-sufficiency - emergency shelters - transitional/supportive housing - prevention.,GC-2006-Q4-00254,146236,unmatched_new,other_org,,,
supportive_housing,(Mirésol inc.) Milieu de réinsertion sociale Inc.,,L'Annonciation,QC,1,72580.0,2006,2006,Employment and Social Development Canada | Emploi et Développement social Canada,Increase the availability and access to a range of services and facilities along the continuum from homelessness to self-sufficiency - emergency shelters - transitional/supportive housing - prevention.,GC-2006-Q3-00135,245912,unmatched_new,other_org,,,
emergency_shelter,(Mirésol inc.) Milieu de réinsertion sociale Inc.,,L'Annonciation,QC,1,72580.0,2006,2006,Employment and Social Development Canada | Emploi et Développement social Canada,Increase the availability and access to a range of services and facilities along the continuum from homelessness to self-sufficiency - emergency shelters - transitional/supportive housing - prevention.,GC-2006-Q3-00135,245912,unmatched_new,other_org,,,
supportive_housing,First Steps Housing Project Inc,,Saint John,NB,1,72500.0,2006,2006,Employment and Social Development Canada | Emploi et Développement social Canada,Increase the availability and access to a range of services and facilities along the continuum from homelessness to self-sufficiency - emergency shelters - transitional/supportive housing - prevention.,GC-2006-Q2-00129,146543,unmatched_new,other_org,,,
emergency_shelter,First Steps Housing Project Inc,,Saint John,NB,1,72500.0,2006,2006,Employment and Social Development Canada | Emploi et Développement social Canada,Increase the availability and access to a range of services and facilities along the continuum from homelessness to self-sufficiency - emergency shelters - transitional/supportive housing - prevention.,GC-2006-Q2-00129,146543,unmatched_new,other_org,,,
supportive_housing,Maison d'Hébergement Dépannage de Valleyfield,,Salaberry-de-Valleyfield,QC,1,72349.0,2006,2006,Employment and Social Development Canada | Emploi et Développement social Canada,Increase the availability and access to a range of services and facilities along the continuum from homelessness to self-sufficiency - emergency shelters - transitional/supportive housing - prevention.,GC-2006-Q2-00178,150665,unmatched_new,other_org,,,
emergency_shelter,Maison d'Hébergement Dépannage de Valleyfield,,Salaberry-de-Valleyfield,QC,1,72349.0,2006,2006,Employment and Social Development Canada | Emploi et Développement social Canada,Increase the availability and access to a range of services and facilities along the continuum from homelessness to self-sufficiency - emergency shelters - transitional/supportive housing - prevention.,GC-2006-Q2-00178,150665,unmatched_new,other_org,,,
supportive_housing,Youth Opportunities Unlimited,,London,ON,2,71927.0,2006,2006,Employment and Social Development Canada | Emploi et Développement social Canada,Increase the availability and access to a range of services and facilities along the continuum from homelessness to self-sufficiency - emergency shelters - transitional/supportive housing - prevention.,GC-2006-Q3-00288,146368,unmatched_new,other_org,,,
emergency_shelter,Youth Opportunities Unlimited,,London,ON,2,71927.0,2006,2006,Employment and Social Development Canada | Emploi et Développement social Canada,Increase the availability and access to a range of services and facilities along the continuum from homelessness to self-sufficiency - emergency shelters - transitional/supportive housing - prevention.,GC-2006-Q3-00288,146368,unmatched_new,other_org,,,
supportive_housing,Street Connection,,London,ON,1,70589.0,2007,2007,Employment and Social Development Canada | Emploi et Développement social Canada,Increase the availability and access to a range of services and facilities along the continuum from homelessness to self-sufficiency - emergency shelters - transitional/supportive housing - prevention.,GC-2006-Q4-00127,241220,unmatched_new,other_org,,,
emergency_shelter,Street Connection,,London,ON,1,70589.0,2007,2007,Employment and Social Development Canada | Emploi et Développement social Canada,Increase the availability and access to a range of services and facilities along the continuum from homelessness to self-sufficiency - emergency shelters - transitional/supportive housing - prevention.,GC-2006-Q4-00127,241220,unmatched_new,other_org,,,
supportive_housing,Moncton Youth Residences Inc.,,Moncton,NB,2,69700.0,2006,2006,Employment and Social Development Canada | Emploi et Développement social Canada,Increase the availability and access to a range of services and facilities along the continuum from homelessness to self-sufficiency - emergency shelters - transitional/supportive housing - prevention.,GC-2006-Q3-00223,189510,unmatched_new,other_org,,,
emergency_shelter,Moncton Youth Residences Inc.,,Moncton,NB,2,69700.0,2006,2006,Employment and Social Development Canada | Emploi et Développement social Canada,Increase the availability and access to a range of services and facilities along the continuum from homelessness to self-sufficiency - emergency shelters - transitional/supportive housing - prevention.,GC-2006-Q3-00223,189510,unmatched_new,other_org,,,
emergency_shelter,Women’s Shelters Canada | Hébergement femmes Canada,,Ottawa,ON,1,69245.0,2019,2019,Women and Gender Equality Canada | Femmes et Égalité des genres Canada,"This 60-month project will test the Community Safety Circle – a program that brings together service providers to create survivor-led, customized safety and support plans – as a promising practice in order to provide gre",001-2019-2020-Q4-00024,103846,unmatched_new,other_org,,,
supportive_housing,Carrefour Familial Hochelaga,,Montréal,QC,1,65000.0,2006,2006,Employment and Social Development Canada | Emploi et Développement social Canada,Increase the availability and access to a range of services and facilities along the continuum from homelessness to self-sufficiency - emergency shelters - transitional/supportive housing - prevention.,GC-2006-Q3-00009,136800,unmatched_new,other_org,,,
emergency_shelter,Carrefour Familial Hochelaga,,Montréal,QC,1,65000.0,2006,2006,Employment and Social Development Canada | Emploi et Développement social Canada,Increase the availability and access to a range of services and facilities along the continuum from homelessness to self-sufficiency - emergency shelters - transitional/supportive housing - prevention.,GC-2006-Q3-00009,136800,unmatched_new,other_org,,,
supportive_housing,The London Coffee House Program,,London,ON,1,63812.0,2006,2006,Employment and Social Development Canada | Emploi et Développement social Canada,Increase the availability and access to a range of services and facilities along the continuum from homelessness to self-sufficiency - emergency shelters - transitional/supportive housing - prevention.,GC-2006-Q3-00049,332157,unmatched_new,other_org,,,
emergency_shelter,The London Coffee House Program,,London,ON,1,63812.0,2006,2006,Employment and Social Development Canada | Emploi et Développement social Canada,Increase the availability and access to a range of services and facilities along the continuum from homelessness to self-sufficiency - emergency shelters - transitional/supportive housing - prevention.,GC-2006-Q3-00049,332157,unmatched_new,other_org,,,
supportive_housing,Kamloops Kiwanis House Society,,Kamloops,BC,1,62691.0,2006,2006,Employment and Social Development Canada | Emploi et Développement social Canada,Increase the availability and access to a range of services and facilities along the continuum from homelessness to self-sufficiency - emergency shelters - transitional/supportive housing - prevention.,GC-2006-Q2-00130,336588,unmatched_new,other_org,,,
emergency_shelter,Kamloops Kiwanis House Society,,Kamloops,BC,1,62691.0,2006,2006,Employment and Social Development Canada | Emploi et Développement social Canada,Increase the availability and access to a range of services and facilities along the continuum from homelessness to self-sufficiency - emergency shelters - transitional/supportive housing - prevention.,GC-2006-Q2-00130,336588,unmatched_new,other_org,,,
supportive_housing,The Brock Street Mission - Peterborough,,Peterborough,ON,1,60500.0,2006,2006,Employment and Social Development Canada | Emploi et Développement social Canada,Increase the availability and access to a range of services and facilities along the continuum from homelessness to self-sufficiency - emergency shelters - transitional/supportive housing - prevention.,GC-2005-Q4-00104,202614,unmatched_new,other_org,,,
emergency_shelter,The Brock Street Mission - Peterborough,,Peterborough,ON,1,60500.0,2006,2006,Employment and Social Development Canada | Emploi et Développement social Canada,Increase the availability and access to a range of services and facilities along the continuum from homelessness to self-sufficiency - emergency shelters - transitional/supportive housing - prevention.,GC-2005-Q4-00104,202614,unmatched_new,other_org,,,
supportive_housing,Springs of Living Water Centre Inc.,,Winnipeg,MB,1,60000.0,2006,2006,Employment and Social Development Canada | Emploi et Développement social Canada,Increase the availability and access to a range of services and facilities along the continuum from homelessness to self-sufficiency - emergency shelters - transitional/supportive housing - prevention.,GC-2006-Q3-00250,344185,unmatched_new,other_org,,,
emergency_shelter,Springs of Living Water Centre Inc.,,Winnipeg,MB,1,60000.0,2006,2006,Employment and Social Development Canada | Emploi et Développement social Canada,Increase the availability and access to a range of services and facilities along the continuum from homelessness to self-sufficiency - emergency shelters - transitional/supportive housing - prevention.,GC-2006-Q3-00250,344185,unmatched_new,other_org,,,
supportive_housing,"Mental Health Association, Regina Branch Inc.",,Regina,SK,1,59500.0,2006,2006,Employment and Social Development Canada | Emploi et Développement social Canada,Increase the availability and access to a range of services and facilities along the continuum from homelessness to self-sufficiency - emergency shelters - transitional/supportive housing - prevention.,GC-2006-Q2-00232,58181,exact_bn,charity,868929654,860831.0,2024-03-31
emergency_shelter,"Mental Health Association, Regina Branch Inc.",,Regina,SK,1,59500.0,2006,2006,Employment and Social Development Canada | Emploi et Développement social Canada,Increase the availability and access to a range of services and facilities along the continuum from homelessness to self-sufficiency - emergency shelters - transitional/supportive housing - prevention.,GC-2006-Q2-00232,58181,exact_bn,charity,868929654,860831.0,2024-03-31
supportive_housing,CS/RESORS Consulting Ltd.,,Vancouver,BC,2,59261.0,2007,2007,Employment and Social Development Canada | Emploi et Développement social Canada,Increase the availability and access to a range of services and facilities along the continuum from homelessness to self-sufficiency - emergency shelters - transitional/supportive housing - prevention.,GC-2006-Q4-00161,316676,unmatched_new,other_org,,,
emergency_shelter,CS/RESORS Consulting Ltd.,,Vancouver,BC,2,59261.0,2007,2007,Employment and Social Development Canada | Emploi et Développement social Canada,Increase the availability and access to a range of services and facilities along the continuum from homelessness to self-sufficiency - emergency shelters - transitional/supportive housing - prevention.,GC-2006-Q4-00161,316676,unmatched_new,other_org,,,
supportive_housing,Aids Society of Kamloops,,Kamloops,BC,1,57068.0,2006,2006,Employment and Social Development Canada | Emploi et Développement social Canada,Increase the availability and access to a range of services and facilities along the continuum from homelessness to self-sufficiency - emergency shelters - transitional/supportive housing - prevention.,GC-2006-Q2-00114,202642,unmatched_new,other_org,,,
emergency_shelter,Aids Society of Kamloops,,Kamloops,BC,1,57068.0,2006,2006,Employment and Social Development Canada | Emploi et Développement social Canada,Increase the availability and access to a range of services and facilities along the continuum from homelessness to self-sufficiency - emergency shelters - transitional/supportive housing - prevention.,GC-2006-Q2-00114,202642,unmatched_new,other_org,,,
supportive_housing,Aids Committee of London,,London,ON,1,56146.0,2006,2006,Employment and Social Development Canada | Emploi et Développement social Canada,Increase the availability and access to a range of services and facilities along the continuum from homelessness to self-sufficiency - emergency shelters - transitional/supportive housing - prevention.,GC-2006-Q3-00048,150836,unmatched_new,other_org,,,
emergency_shelter,Aids Committee of London,,London,ON,1,56146.0,2006,2006,Employment and Social Development Canada | Emploi et Développement social Canada,Increase the availability and access to a range of services and facilities along the continuum from homelessness to self-sufficiency - emergency shelters - transitional/supportive housing - prevention.,GC-2006-Q3-00048,150836,unmatched_new,other_org,,,
supportive_housing,"Main Street Project, Inc.",,Winnipeg,MB,1,53590.0,2006,2006,Employment and Social Development Canada | Emploi et Développement social Canada,Increase the availability and access to a range of services and facilities along the continuum from homelessness to self-sufficiency - emergency shelters - transitional/supportive housing - prevention.,GC-2006-Q2-00256,189517,unmatched_new,other_org,,,
emergency_shelter,"Main Street Project, Inc.",,Winnipeg,MB,1,53590.0,2006,2006,Employment and Social Development Canada | Emploi et Développement social Canada,Increase the availability and access to a range of services and facilities along the continuum from homelessness to self-sufficiency - emergency shelters - transitional/supportive housing - prevention.,GC-2006-Q2-00256,189517,unmatched_new,other_org,,,
supportive_housing,Regina Qu'appelle Health Region,,Regina,SK,1,53333.0,2006,2006,Employment and Social Development Canada | Emploi et Développement social Canada,Increase the availability and access to a range of services and facilities along the continuum from homelessness to self-sufficiency - emergency shelters - transitional/supportive housing - prevention.,GC-2006-Q2-00212,241247,unmatched_new,other_org,,,
emergency_shelter,Regina Qu'appelle Health Region,,Regina,SK,1,53333.0,2006,2006,Employment and Social Development Canada | Emploi et Développement social Canada,Increase the availability and access to a range of services and facilities along the continuum from homelessness to self-sufficiency - emergency shelters - transitional/supportive housing - prevention.,GC-2006-Q2-00212,241247,unmatched_new,other_org,,,
supportive_housing,Brant Alcove Rehab. Services Inc.,,Brantford,ON,1,53006.0,2007,2007,Employment and Social Development Canada | Emploi et Développement social Canada,Increase the availability and access to a range of services and facilities along the continuum from homelessness to self-sufficiency - emergency shelters - transitional/supportive housing - prevention.,GC-2006-Q4-00168,150635,unmatched_new,other_org,,,
emergency_shelter,Brant Alcove Rehab. Services Inc.,,Brantford,ON,1,53006.0,2007,2007,Employment and Social Development Canada | Emploi et Développement social Canada,Increase the availability and access to a range of services and facilities along the continuum from homelessness to self-sufficiency - emergency shelters - transitional/supportive housing - prevention.,GC-2006-Q4-00168,150635,unmatched_new,other_org,,,
supportive_housing,Freedom Foundation of Nova Scotia,,Dartmouth,NS,1,52066.0,2006,2006,Employment and Social Development Canada | Emploi et Développement social Canada,Increase the availability and access to a range of services and facilities along the continuum from homelessness to self-sufficiency - emergency shelters - transitional/supportive housing - prevention.,GC-2006-Q3-00302,146276,unmatched_new,other_org,,,
emergency_shelter,Freedom Foundation of Nova Scotia,,Dartmouth,NS,1,52066.0,2006,2006,Employment and Social Development Canada | Emploi et Développement social Canada,Increase the availability and access to a range of services and facilities along the continuum from homelessness to self-sufficiency - emergency shelters - transitional/supportive housing - prevention.,GC-2006-Q3-00302,146276,unmatched_new,other_org,,,
supportive_housing,The Triage Emergency Services & Care Society,,Vancouver,BC,1,51143.0,2007,2007,Employment and Social Development Canada | Emploi et Développement social Canada,Increase the availability and access to a range of services and facilities along the continuum from homelessness to self-sufficiency - emergency shelters - transitional/supportive housing - prevention.,GC-2006-Q4-00255,209714,unmatched_new,other_org,,,
emergency_shelter,The Triage Emergency Services & Care Society,,Vancouver,BC,1,51143.0,2007,2007,Employment and Social Development Canada | Emploi et Développement social Canada,Increase the availability and access to a range of services and facilities along the continuum from homelessness to self-sufficiency - emergency shelters - transitional/supportive housing - prevention.,GC-2006-Q4-00255,209714,unmatched_new,other_org,,,
supportive_housing,Hébergement La Casa Bernard Hubert,,Longueuil,QC,1,50195.0,2006,2006,Employment and Social Development Canada | Emploi et Développement social Canada,Increase the availability and access to a range of services and facilities along the continuum from homelessness to self-sufficiency - emergency shelters - transitional/supportive housing - prevention.,GC-2006-Q2-00186,202647,unmatched_new,other_org,,,
emergency_shelter,Hébergement La Casa Bernard Hubert,,Longueuil,QC,1,50195.0,2006,2006,Employment and Social Development Canada | Emploi et Développement social Canada,Increase the availability and access to a range of services and facilities along the continuum from homelessness to self-sufficiency - emergency shelters - transitional/supportive housing - prevention.,GC-2006-Q2-00186,202647,unmatched_new,other_org,,,
transitional_housing,South Asian Women's Centre,,Toronto,ON,1,49980.0,2019,2019,Women and Gender Equality Canada | Femmes et Égalité des genres Canada,This 60-month project will address organizational capacity needs to allow the South Asian Women’s Centre to continue promoting social and systemic change towards gender equality. Organizational capacity will be enhanced ,001-2023-2024-Q1-00129,28064,exact_bn,charity,129426425,649583.0,2024-03-31
transitional_housing,Sudbury Women's Centre,,Sudbury,ON,1,49886.0,2019,2019,Women and Gender Equality Canada | Femmes et Égalité des genres Canada,This 59-month project will address organizational capacity needs to allow Sudbury Women's Centre to continue promoting social and systemic change towards gender equality. Organizational capacity will be enhanced through ,001-2023-2024-Q1-00117,42479,exact_bn,charity,821577004,861578.0,2024-03-31
supportive_housing,Centre de soir Denise-Masse Inc.,,Montréal,QC,1,49857.0,2006,2006,Employment and Social Development Canada | Emploi et Développement social Canada,Increase the availability and access to a range of services and facilities along the continuum from homelessness to self-sufficiency - emergency shelters - transitional/supportive housing - prevention.,GC-2006-Q2-00211,189629,unmatched_new,other_org,,,
emergency_shelter,Centre de soir Denise-Masse Inc.,,Montréal,QC,1,49857.0,2006,2006,Employment and Social Development Canada | Emploi et Développement social Canada,Increase the availability and access to a range of services and facilities along the continuum from homelessness to self-sufficiency - emergency shelters - transitional/supportive housing - prevention.,GC-2006-Q2-00211,189629,unmatched_new,other_org,,,
supportive_housing,Coverdale Centre for Women Inc,,Saint John,NB,1,49817.0,2006,2006,Employment and Social Development Canada | Emploi et Développement social Canada,Increase the availability and access to a range of services and facilities along the continuum from homelessness to self-sufficiency - emergency shelters - transitional/supportive housing - prevention.,GC-2006-Q2-00147,150703,unmatched_new,other_org,,,
emergency_shelter,Coverdale Centre for Women Inc,,Saint John,NB,1,49817.0,2006,2006,Employment and Social Development Canada | Emploi et Développement social Canada,Increase the availability and access to a range of services and facilities along the continuum from homelessness to self-sufficiency - emergency shelters - transitional/supportive housing - prevention.,GC-2006-Q2-00147,150703,unmatched_new,other_org,,,
supportive_housing,Stepping Stone Community Services Society,,Langley,BC,1,45989.0,2007,2007,Employment and Social Development Canada | Emploi et Développement social Canada,Increase the availability and access to a range of services and facilities along the continuum from homelessness to self-sufficiency - emergency shelters - transitional/supportive housing - prevention.,GC-2006-Q4-00177,202667,unmatched_new,other_org,,,
emergency_shelter,Stepping Stone Community Services Society,,Langley,BC,1,45989.0,2007,2007,Employment and Social Development Canada | Emploi et Développement social Canada,Increase the availability and access to a range of services and facilities along the continuum from homelessness to self-sufficiency - emergency shelters - transitional/supportive housing - prevention.,GC-2006-Q4-00177,202667,unmatched_new,other_org,,,
supportive_housing,Partners in Mission Food Bank,,Kingston,ON,1,45747.0,2007,2007,Employment and Social Development Canada | Emploi et Développement social Canada,Increase the availability and access to a range of services and facilities along the continuum from homelessness to self-sufficiency - emergency shelters - transitional/supportive housing - prevention.,GC-2006-Q4-00230,278024,unmatched_new,other_org,,,
emergency_shelter,Partners in Mission Food Bank,,Kingston,ON,1,45747.0,2007,2007,Employment and Social Development Canada | Emploi et Développement social Canada,Increase the availability and access to a range of services and facilities along the continuum from homelessness to self-sufficiency - emergency shelters - transitional/supportive housing - prevention.,GC-2006-Q4-00230,278024,unmatched_new,other_org,,,
supportive_housing,City of Regina,,Regina,SK,1,45000.0,2007,2007,Employment and Social Development Canada | Emploi et Développement social Canada,Increase the availability and access to a range of services and facilities along the continuum from homelessness to self-sufficiency - emergency shelters - transitional/supportive housing - prevention.,GC-2006-Q4-00120,98737,unmatched_new,other_org,119429546,,
emergency_shelter,City of Regina,,Regina,SK,1,45000.0,2007,2007,Employment and Social Development Canada | Emploi et Développement social Canada,Increase the availability and access to a range of services and facilities along the continuum from homelessness to self-sufficiency - emergency shelters - transitional/supportive housing - prevention.,GC-2006-Q4-00120,98737,unmatched_new,other_org,119429546,,
supportive_housing,Alliance-Jeunesse Chutes de la Chaudière,,Saint-Rédempteur,QC,1,44677.0,2006,2006,Employment and Social Development Canada | Emploi et Développement social Canada,Increase the availability and access to a range of services and facilities along the continuum from homelessness to self-sufficiency - emergency shelters - transitional/supportive housing - prevention.,GC-2006-Q2-00270,146266,unmatched_new,other_org,,,
emergency_shelter,Alliance-Jeunesse Chutes de la Chaudière,,Saint-Rédempteur,QC,1,44677.0,2006,2006,Employment and Social Development Canada | Emploi et Développement social Canada,Increase the availability and access to a range of services and facilities along the continuum from homelessness to self-sufficiency - emergency shelters - transitional/supportive housing - prevention.,GC-2006-Q2-00270,146266,unmatched_new,other_org,,,
supportive_housing,Le Bon Dieu dans la rue,,Montréal,QC,1,44468.0,2006,2006,Employment and Social Development Canada | Emploi et Développement social Canada,Increase the availability and access to a range of services and facilities along the continuum from homelessness to self-sufficiency - emergency shelters - transitional/supportive housing - prevention.,GC-2006-Q2-00179,146503,unmatched_new,other_org,,,
emergency_shelter,Le Bon Dieu dans la rue,,Montréal,QC,1,44468.0,2006,2006,Employment and Social Development Canada | Emploi et Développement social Canada,Increase the availability and access to a range of services and facilities along the continuum from homelessness to self-sufficiency - emergency shelters - transitional/supportive housing - prevention.,GC-2006-Q2-00179,146503,unmatched_new,other_org,,,
supportive_housing,YMCA of Greater Moncton,,Moncton,NB,1,43000.0,2006,2006,Employment and Social Development Canada | Emploi et Développement social Canada,Increase the availability and access to a range of services and facilities along the continuum from homelessness to self-sufficiency - emergency shelters - transitional/supportive housing - prevention.,GC-2006-Q3-00091,189522,unmatched_new,other_org,,,
emergency_shelter,YMCA of Greater Moncton,,Moncton,NB,1,43000.0,2006,2006,Employment and Social Development Canada | Emploi et Développement social Canada,Increase the availability and access to a range of services and facilities along the continuum from homelessness to self-sufficiency - emergency shelters - transitional/supportive housing - prevention.,GC-2006-Q3-00091,189522,unmatched_new,other_org,,,
supportive_housing,Action-Réinsertion,,Montréal,QC,1,42752.0,2007,2007,Employment and Social Development Canada | Emploi et Développement social Canada,Increase the availability and access to a range of services and facilities along the continuum from homelessness to self-sufficiency - emergency shelters - transitional/supportive housing - prevention.,GC-2006-Q4-00035,246039,unmatched_new,other_org,,,
emergency_shelter,Action-Réinsertion,,Montréal,QC,1,42752.0,2007,2007,Employment and Social Development Canada | Emploi et Développement social Canada,Increase the availability and access to a range of services and facilities along the continuum from homelessness to self-sufficiency - emergency shelters - transitional/supportive housing - prevention.,GC-2006-Q4-00035,246039,unmatched_new,other_org,,,
supportive_housing,Centre Aide et Prévention Jeunesse de Lévis,,Lévis,QC,1,41361.0,2006,2006,Employment and Social Development Canada | Emploi et Développement social Canada,Increase the availability and access to a range of services and facilities along the continuum from homelessness to self-sufficiency - emergency shelters - transitional/supportive housing - prevention.,GC-2006-Q3-00063,189821,unmatched_new,other_org,,,
emergency_shelter,Centre Aide et Prévention Jeunesse de Lévis,,Lévis,QC,1,41361.0,2006,2006,Employment and Social Development Canada | Emploi et Développement social Canada,Increase the availability and access to a range of services and facilities along the continuum from homelessness to self-sufficiency - emergency shelters - transitional/supportive housing - prevention.,GC-2006-Q3-00063,189821,unmatched_new,other_org,,,
supportive_housing,Prince Albert Outreach Program Inc.,,Prince Albert,SK,1,40316.0,2006,2006,Employment and Social Development Canada | Emploi et Développement social Canada,Increase the availability and access to a range of services and facilities along the continuum from homelessness to self-sufficiency - emergency shelters - transitional/supportive housing - prevention.,GC-2006-Q2-00049,263085,exact_bn,other_org,856586136,,
emergency_shelter,Prince Albert Outreach Program Inc.,,Prince Albert,SK,1,40316.0,2006,2006,Employment and Social Development Canada | Emploi et Développement social Canada,Increase the availability and access to a range of services and facilities along the continuum from homelessness to self-sufficiency - emergency shelters - transitional/supportive housing - prevention.,GC-2006-Q2-00049,263085,exact_bn,other_org,856586136,,
supportive_housing,Unité d'intervention mobile L'Anonyme,,Montréal,QC,1,40072.0,2006,2006,Employment and Social Development Canada | Emploi et Développement social Canada,Increase the availability and access to a range of services and facilities along the continuum from homelessness to self-sufficiency - emergency shelters - transitional/supportive housing - prevention.,GC-2006-Q2-00219,146311,unmatched_new,other_org,,,
emergency_shelter,Unité d'intervention mobile L'Anonyme,,Montréal,QC,1,40072.0,2006,2006,Employment and Social Development Canada | Emploi et Développement social Canada,Increase the availability and access to a range of services and facilities along the continuum from homelessness to self-sufficiency - emergency shelters - transitional/supportive housing - prevention.,GC-2006-Q2-00219,146311,unmatched_new,other_org,,,
supportive_housing,Food DEPOT Alimentaire,,Moncton,NB,1,40000.0,2006,2006,Employment and Social Development Canada | Emploi et Développement social Canada,Increase the availability and access to a range of services and facilities along the continuum from homelessness to self-sufficiency - emergency shelters - transitional/supportive housing - prevention.,GC-2006-Q2-00038,183466,unmatched_new,other_org,,,
emergency_shelter,Food DEPOT Alimentaire,,Moncton,NB,1,40000.0,2006,2006,Employment and Social Development Canada | Emploi et Développement social Canada,Increase the availability and access to a range of services and facilities along the continuum from homelessness to self-sufficiency - emergency shelters - transitional/supportive housing - prevention.,GC-2006-Q2-00038,183466,unmatched_new,other_org,,,
supportive_housing,La rue des Femmes de Montréal (Maison Olga Phase II),,Montréal,QC,1,39691.0,2006,2006,Employment and Social Development Canada | Emploi et Développement social Canada,Increase the availability and access to a range of services and facilities along the continuum from homelessness to self-sufficiency - emergency shelters - transitional/supportive housing - prevention.,GC-2006-Q2-00167,150664,unmatched_new,other_org,,,
emergency_shelter,La rue des Femmes de Montréal (Maison Olga Phase II),,Montréal,QC,1,39691.0,2006,2006,Employment and Social Development Canada | Emploi et Développement social Canada,Increase the availability and access to a range of services and facilities along the continuum from homelessness to self-sufficiency - emergency shelters - transitional/supportive housing - prevention.,GC-2006-Q2-00167,150664,unmatched_new,other_org,,,
supportive_housing,Community Counselling and Resource Centre,,Peterborough,ON,1,38104.0,2006,2006,Employment and Social Development Canada | Emploi et Développement social Canada,Increase the availability and access to a range of services and facilities along the continuum from homelessness to self-sufficiency - emergency shelters - transitional/supportive housing - prevention.,GC-2005-Q4-00117,209663,unmatched_new,other_org,,,
emergency_shelter,Community Counselling and Resource Centre,,Peterborough,ON,1,38104.0,2006,2006,Employment and Social Development Canada | Emploi et Développement social Canada,Increase the availability and access to a range of services and facilities along the continuum from homelessness to self-sufficiency - emergency shelters - transitional/supportive housing - prevention.,GC-2005-Q4-00117,209663,unmatched_new,other_org,,,
supportive_housing,AIDS Committee of Newfoundland & Labrador,,St John's,NL,1,37500.0,2006,2006,Employment and Social Development Canada | Emploi et Développement social Canada,Increase the availability and access to a range of services and facilities along the continuum from homelessness to self-sufficiency - emergency shelters - transitional/supportive housing - prevention.,GC-2006-Q3-00277,70709,exact_bn,charity,890482748,2028899.0,2024-03-31
emergency_shelter,AIDS Committee of Newfoundland & Labrador,,St John's,NL,1,37500.0,2006,2006,Employment and Social Development Canada | Emploi et Développement social Canada,Increase the availability and access to a range of services and facilities along the continuum from homelessness to self-sufficiency - emergency shelters - transitional/supportive housing - prevention.,GC-2006-Q3-00277,70709,exact_bn,charity,890482748,2028899.0,2024-03-31
supportive_housing,La maison de Jonathan Inc.,,Longueuil,QC,1,37265.0,2006,2006,Employment and Social Development Canada | Emploi et Développement social Canada,Increase the availability and access to a range of services and facilities along the continuum from homelessness to self-sufficiency - emergency shelters - transitional/supportive housing - prevention.,GC-2006-Q2-00213,189515,unmatched_new,other_org,,,
emergency_shelter,La maison de Jonathan Inc.,,Longueuil,QC,1,37265.0,2006,2006,Employment and Social Development Canada | Emploi et Développement social Canada,Increase the availability and access to a range of services and facilities along the continuum from homelessness to self-sufficiency - emergency shelters - transitional/supportive housing - prevention.,GC-2006-Q2-00213,189515,unmatched_new,other_org,,,
supportive_housing,Volunteer Centre of Southeast NB Inc.,,Moncton,NB,1,37000.0,2006,2006,Employment and Social Development Canada | Emploi et Développement social Canada,Increase the availability and access to a range of services and facilities along the continuum from homelessness to self-sufficiency - emergency shelters - transitional/supportive housing - prevention.,GC-2006-Q2-00116,202643,unmatched_new,other_org,,,
emergency_shelter,Volunteer Centre of Southeast NB Inc.,,Moncton,NB,1,37000.0,2006,2006,Employment and Social Development Canada | Emploi et Développement social Canada,Increase the availability and access to a range of services and facilities along the continuum from homelessness to self-sufficiency - emergency shelters - transitional/supportive housing - prevention.,GC-2006-Q2-00116,202643,unmatched_new,other_org,,,
supportive_housing,Spectre de rue Inc.,,Montréal,QC,1,35547.0,2006,2006,Employment and Social Development Canada | Emploi et Développement social Canada,Increase the availability and access to a range of services and facilities along the continuum from homelessness to self-sufficiency - emergency shelters - transitional/supportive housing - prevention.,GC-2006-Q3-00101,146316,unmatched_new,other_org,,,
emergency_shelter,Spectre de rue Inc.,,Montréal,QC,1,35547.0,2006,2006,Employment and Social Development Canada | Emploi et Développement social Canada,Increase the availability and access to a range of services and facilities along the continuum from homelessness to self-sufficiency - emergency shelters - transitional/supportive housing - prevention.,GC-2006-Q3-00101,146316,unmatched_new,other_org,,,
emergency_shelter,Fundación Misioneros de San Carlos Scalabrinianos,,San Salvador | San Salvador,,1,35000.0,2024,2024,Global Affairs Canada | Affaires mondiales Canada,Emergency shelter and training for 60 migrant women and families surviving gender-based violence.,064-2024-2025-Q1-CFLI-0138,366077,unmatched_new,other_org,,,
supportive_housing,London Community Resource Centre,,London,ON,1,34995.0,2007,2007,Employment and Social Development Canada | Emploi et Développement social Canada,Increase the availability and access to a range of services and facilities along the continuum from homelessness to self-sufficiency - emergency shelters - transitional/supportive housing - prevention.,GC-2006-Q4-00534,316683,unmatched_new,other_org,,,
emergency_shelter,London Community Resource Centre,,London,ON,1,34995.0,2007,2007,Employment and Social Development Canada | Emploi et Développement social Canada,Increase the availability and access to a range of services and facilities along the continuum from homelessness to self-sufficiency - emergency shelters - transitional/supportive housing - prevention.,GC-2006-Q4-00534,316683,unmatched_new,other_org,,,
supportive_housing,SIDA AIDS Moncton Inc,,Moncton,NB,1,34763.0,2006,2006,Employment and Social Development Canada | Emploi et Développement social Canada,Increase the availability and access to a range of services and facilities along the continuum from homelessness to self-sufficiency - emergency shelters - transitional/supportive housing - prevention.,GC-2006-Q2-00195,141589,unmatched_new,other_org,,,
emergency_shelter,SIDA AIDS Moncton Inc,,Moncton,NB,1,34763.0,2006,2006,Employment and Social Development Canada | Emploi et Développement social Canada,Increase the availability and access to a range of services and facilities along the continuum from homelessness to self-sufficiency - emergency shelters - transitional/supportive housing - prevention.,GC-2006-Q2-00195,141589,unmatched_new,other_org,,,
supportive_housing,Addictions Recovery Incorporated,,Winnipeg,MB,1,34633.0,2006,2006,Employment and Social Development Canada | Emploi et Développement social Canada,Increase the availability and access to a range of services and facilities along the continuum from homelessness to self-sufficiency - emergency shelters - transitional/supportive housing - prevention.,GC-2006-Q2-00271,214798,unmatched_new,other_org,,,
emergency_shelter,Addictions Recovery Incorporated,,Winnipeg,MB,1,34633.0,2006,2006,Employment and Social Development Canada | Emploi et Développement social Canada,Increase the availability and access to a range of services and facilities along the continuum from homelessness to self-sufficiency - emergency shelters - transitional/supportive housing - prevention.,GC-2006-Q2-00271,214798,unmatched_new,other_org,,,
supportive_housing,The Community Development Council of Quinte,,Belleville,ON,1,34268.0,2006,2006,Employment and Social Development Canada | Emploi et Développement social Canada,Increase the availability and access to a range of services and facilities along the continuum from homelessness to self-sufficiency - emergency shelters - transitional/supportive housing - prevention.,GC-2005-Q4-00085,245891,unmatched_new,other_org,,,
emergency_shelter,The Community Development Council of Quinte,,Belleville,ON,1,34268.0,2006,2006,Employment and Social Development Canada | Emploi et Développement social Canada,Increase the availability and access to a range of services and facilities along the continuum from homelessness to self-sufficiency - emergency shelters - transitional/supportive housing - prevention.,GC-2005-Q4-00085,245891,unmatched_new,other_org,,,
supportive_housing,London Housing Registry,,London,ON,1,33622.0,2006,2006,Employment and Social Development Canada | Emploi et Développement social Canada,Increase the availability and access to a range of services and facilities along the continuum from homelessness to self-sufficiency - emergency shelters - transitional/supportive housing - prevention.,GC-2006-Q3-00078,150618,unmatched_new,other_org,,,
emergency_shelter,London Housing Registry,,London,ON,1,33622.0,2006,2006,Employment and Social Development Canada | Emploi et Développement social Canada,Increase the availability and access to a range of services and facilities along the continuum from homelessness to self-sufficiency - emergency shelters - transitional/supportive housing - prevention.,GC-2006-Q3-00078,150618,unmatched_new,other_org,,,
supportive_housing,Westman Recovery Inc.,,Brandon,MB,1,33000.0,2007,2007,Employment and Social Development Canada | Emploi et Développement social Canada,Increase the availability and access to a range of services and facilities along the continuum from homelessness to self-sufficiency - emergency shelters - transitional/supportive housing - prevention.,GC-2006-Q4-00282,318966,unmatched_new,other_org,,,
emergency_shelter,Westman Recovery Inc.,,Brandon,MB,1,33000.0,2007,2007,Employment and Social Development Canada | Emploi et Développement social Canada,Increase the availability and access to a range of services and facilities along the continuum from homelessness to self-sufficiency - emergency shelters - transitional/supportive housing - prevention.,GC-2006-Q4-00282,318966,unmatched_new,other_org,,,
transitional_housing,"AHLUWALIA, Amrita",,Toronto,ON,1,33000.0,2012,2012,Canadian Institutes of Health Research | Instituts de recherche en santé du Canada,Transitional Housing:  A pilot study of its impact on housing sustainability and health outcomes of people living with HIV/AIDS in Ontario,236-2011-2012-Q4-00830,239281,unmatched_new,other_org,,,
supportive_housing,South Fraser Community Services Society,,Surrey,BC,1,32700.0,2006,2006,Employment and Social Development Canada | Emploi et Développement social Canada,Increase the availability and access to a range of services and facilities along the continuum from homelessness to self-sufficiency - emergency shelters - transitional/supportive housing - prevention.,GC-2006-Q3-00093,263428,unmatched_new,other_org,,,
emergency_shelter,South Fraser Community Services Society,,Surrey,BC,1,32700.0,2006,2006,Employment and Social Development Canada | Emploi et Développement social Canada,Increase the availability and access to a range of services and facilities along the continuum from homelessness to self-sufficiency - emergency shelters - transitional/supportive housing - prevention.,GC-2006-Q3-00093,263428,unmatched_new,other_org,,,
supportive_housing,John Howard Society of Greater Moncton Inc.,,Moncton,NB,1,32560.0,2006,2006,Employment and Social Development Canada | Emploi et Développement social Canada,Increase the availability and access to a range of services and facilities along the continuum from homelessness to self-sufficiency - emergency shelters - transitional/supportive housing - prevention.,GC-2006-Q2-00079,202723,unmatched_new,other_org,,,
emergency_shelter,John Howard Society of Greater Moncton Inc.,,Moncton,NB,1,32560.0,2006,2006,Employment and Social Development Canada | Emploi et Développement social Canada,Increase the availability and access to a range of services and facilities along the continuum from homelessness to self-sufficiency - emergency shelters - transitional/supportive housing - prevention.,GC-2006-Q2-00079,202723,unmatched_new,other_org,,,
supportive_housing,Fédération des OSBL d'habitation de Montréal (FOHM) Inc.,,Montréal,QC,1,32540.0,2006,2006,Employment and Social Development Canada | Emploi et Développement social Canada,Increase the availability and access to a range of services and facilities along the continuum from homelessness to self-sufficiency - emergency shelters - transitional/supportive housing - prevention.,GC-2006-Q3-00041,146267,unmatched_new,other_org,,,
emergency_shelter,Fédération des OSBL d'habitation de Montréal (FOHM) Inc.,,Montréal,QC,1,32540.0,2006,2006,Employment and Social Development Canada | Emploi et Développement social Canada,Increase the availability and access to a range of services and facilities along the continuum from homelessness to self-sufficiency - emergency shelters - transitional/supportive housing - prevention.,GC-2006-Q3-00041,146267,unmatched_new,other_org,,,
supportive_housing,Urban native Youth Association,,Vancouver,BC,1,32272.0,2007,2007,Employment and Social Development Canada | Emploi et Développement social Canada,Increase the availability and access to a range of services and facilities along the continuum from homelessness to self-sufficiency - emergency shelters - transitional/supportive housing - prevention.,GC-2006-Q4-00096,178837,unmatched_new,other_org,,,
emergency_shelter,Urban native Youth Association,,Vancouver,BC,1,32272.0,2007,2007,Employment and Social Development Canada | Emploi et Développement social Canada,Increase the availability and access to a range of services and facilities along the continuum from homelessness to self-sufficiency - emergency shelters - transitional/supportive housing - prevention.,GC-2006-Q4-00096,178837,unmatched_new,other_org,,,
supportive_housing,Brant Food for Thought,,Brantford,ON,1,32240.0,2006,2006,Employment and Social Development Canada | Emploi et Développement social Canada,Increase the availability and access to a range of services and facilities along the continuum from homelessness to self-sufficiency - emergency shelters - transitional/supportive housing - prevention.,GC-2005-Q4-00093,245892,unmatched_new,other_org,,,
emergency_shelter,Brant Food for Thought,,Brantford,ON,1,32240.0,2006,2006,Employment and Social Development Canada | Emploi et Développement social Canada,Increase the availability and access to a range of services and facilities along the continuum from homelessness to self-sufficiency - emergency shelters - transitional/supportive housing - prevention.,GC-2005-Q4-00093,245892,unmatched_new,other_org,,,
supportive_housing,The Downtown Eastside Youth Activities Society,,Vancouver,BC,1,31849.0,2007,2007,Employment and Social Development Canada | Emploi et Développement social Canada,Increase the availability and access to a range of services and facilities along the continuum from homelessness to self-sufficiency - emergency shelters - transitional/supportive housing - prevention.,GC-2006-Q4-00169,214809,unmatched_new,other_org,,,
emergency_shelter,The Downtown Eastside Youth Activities Society,,Vancouver,BC,1,31849.0,2007,2007,Employment and Social Development Canada | Emploi et Développement social Canada,Increase the availability and access to a range of services and facilities along the continuum from homelessness to self-sufficiency - emergency shelters - transitional/supportive housing - prevention.,GC-2006-Q4-00169,214809,unmatched_new,other_org,,,
supportive_housing,Les Habitations Oasis de Pointe St-Charles Inc.,,Montréal,QC,1,31700.0,2006,2006,Employment and Social Development Canada | Emploi et Développement social Canada,Increase the availability and access to a range of services and facilities along the continuum from homelessness to self-sufficiency - emergency shelters - transitional/supportive housing - prevention.,GC-2006-Q3-00292,245914,unmatched_new,other_org,,,
emergency_shelter,Les Habitations Oasis de Pointe St-Charles Inc.,,Montréal,QC,1,31700.0,2006,2006,Employment and Social Development Canada | Emploi et Développement social Canada,Increase the availability and access to a range of services and facilities along the continuum from homelessness to self-sufficiency - emergency shelters - transitional/supportive housing - prevention.,GC-2006-Q3-00292,245914,unmatched_new,other_org,,,
supportive_housing,Canada Mental Health Association,,Thunder Bay,ON,1,31667.0,2007,2007,Employment and Social Development Canada | Emploi et Développement social Canada,Increase the availability and access to a range of services and facilities along the continuum from homelessness to self-sufficiency - emergency shelters - transitional/supportive housing - prevention.,GC-2006-Q4-00099,316675,unmatched_new,other_org,,,
emergency_shelter,Canada Mental Health Association,,Thunder Bay,ON,1,31667.0,2007,2007,Employment and Social Development Canada | Emploi et Développement social Canada,Increase the availability and access to a range of services and facilities along the continuum from homelessness to self-sufficiency - emergency shelters - transitional/supportive housing - prevention.,GC-2006-Q4-00099,316675,unmatched_new,other_org,,,
supportive_housing,Family Futures Inc.,,Prince Albert,SK,1,31500.0,2006,2006,Employment and Social Development Canada | Emploi et Développement social Canada,Increase the availability and access to a range of services and facilities along the continuum from homelessness to self-sufficiency - emergency shelters - transitional/supportive housing - prevention.,GC-2006-Q2-00050,146258,unmatched_new,other_org,,,
emergency_shelter,Family Futures Inc.,,Prince Albert,SK,1,31500.0,2006,2006,Employment and Social Development Canada | Emploi et Développement social Canada,Increase the availability and access to a range of services and facilities along the continuum from homelessness to self-sufficiency - emergency shelters - transitional/supportive housing - prevention.,GC-2006-Q2-00050,146258,unmatched_new,other_org,,,
supportive_housing,T. R. Underwood Engineering Ltd.,,Kamloops,BC,1,30750.0,2007,2007,Employment and Social Development Canada | Emploi et Développement social Canada,Increase the availability and access to a range of services and facilities along the continuum from homelessness to self-sufficiency - emergency shelters - transitional/supportive housing - prevention.,GC-2006-Q4-00005,189533,unmatched_new,other_org,,,
emergency_shelter,T. R. Underwood Engineering Ltd.,,Kamloops,BC,1,30750.0,2007,2007,Employment and Social Development Canada | Emploi et Développement social Canada,Increase the availability and access to a range of services and facilities along the continuum from homelessness to self-sufficiency - emergency shelters - transitional/supportive housing - prevention.,GC-2006-Q4-00005,189533,unmatched_new,other_org,,,
supportive_housing,Stella Burry Community Services,,St. John's,NL,1,30166.0,2007,2007,Employment and Social Development Canada | Emploi et Développement social Canada,Increase the availability and access to a range of services and facilities along the continuum from homelessness to self-sufficiency - emergency shelters - transitional/supportive housing - prevention.,GC-2006-Q4-00378,146285,unmatched_new,other_org,,,
emergency_shelter,Stella Burry Community Services,,St. John's,NL,1,30166.0,2007,2007,Employment and Social Development Canada | Emploi et Développement social Canada,Increase the availability and access to a range of services and facilities along the continuum from homelessness to self-sufficiency - emergency shelters - transitional/supportive housing - prevention.,GC-2006-Q4-00378,146285,unmatched_new,other_org,,,
supportive_housing,The Salvation Army North Vancouver Community Ministries,,North Vancouver,BC,1,30000.0,2007,2007,Employment and Social Development Canada | Emploi et Développement social Canada,Increase the availability and access to a range of services and facilities along the continuum from homelessness to self-sufficiency - emergency shelters - transitional/supportive housing - prevention.,GC-2006-Q4-00159,202664,unmatched_new,other_org,,,
supportive_housing,Souls Harbour Mission House,,Regina,SK,1,30000.0,2006,2006,Employment and Social Development Canada | Emploi et Développement social Canada,Increase the availability and access to a range of services and facilities along the continuum from homelessness to self-sufficiency - emergency shelters - transitional/supportive housing - prevention.,GC-2006-Q2-00097,318959,unmatched_new,other_org,,,
supportive_housing,OPTIONS: Services to Communities Society,,Surrey,BC,1,30000.0,2007,2007,Employment and Social Development Canada | Emploi et Développement social Canada,Increase the availability and access to a range of services and facilities along the continuum from homelessness to self-sufficiency - emergency shelters - transitional/supportive housing - prevention.,GC-2006-Q4-00197,146231,unmatched_new,other_org,,,
emergency_shelter,Souls Harbour Mission House,,Regina,SK,1,30000.0,2006,2006,Employment and Social Development Canada | Emploi et Développement social Canada,Increase the availability and access to a range of services and facilities along the continuum from homelessness to self-sufficiency - emergency shelters - transitional/supportive housing - prevention.,GC-2006-Q2-00097,318959,unmatched_new,other_org,,,
emergency_shelter,The Salvation Army North Vancouver Community Ministries,,North Vancouver,BC,1,30000.0,2007,2007,Employment and Social Development Canada | Emploi et Développement social Canada,Increase the availability and access to a range of services and facilities along the continuum from homelessness to self-sufficiency - emergency shelters - transitional/supportive housing - prevention.,GC-2006-Q4-00159,202664,unmatched_new,other_org,,,
emergency_shelter,OPTIONS: Services to Communities Society,,Surrey,BC,1,30000.0,2007,2007,Employment and Social Development Canada | Emploi et Développement social Canada,Increase the availability and access to a range of services and facilities along the continuum from homelessness to self-sufficiency - emergency shelters - transitional/supportive housing - prevention.,GC-2006-Q4-00197,146231,unmatched_new,other_org,,,
supportive_housing,La Tablée populaire,,Drummondville,QC,1,29867.0,2006,2006,Employment and Social Development Canada | Emploi et Développement social Canada,Increase the availability and access to a range of services and facilities along the continuum from homelessness to self-sufficiency - emergency shelters - transitional/supportive housing - prevention.,GC-2005-Q4-00015,202677,unmatched_new,other_org,,,
emergency_shelter,La Tablée populaire,,Drummondville,QC,1,29867.0,2006,2006,Employment and Social Development Canada | Emploi et Développement social Canada,Increase the availability and access to a range of services and facilities along the continuum from homelessness to self-sufficiency - emergency shelters - transitional/supportive housing - prevention.,GC-2005-Q4-00015,202677,unmatched_new,other_org,,,
supportive_housing,Travail de Rue Île de Laval,,Laval,QC,1,28740.0,2006,2006,Employment and Social Development Canada | Emploi et Développement social Canada,Increase the availability and access to a range of services and facilities along the continuum from homelessness to self-sufficiency - emergency shelters - transitional/supportive housing - prevention.,GC-2006-Q2-00238,63327,exact_bn,charity,884219825,1394141.0,2024-03-31
emergency_shelter,Travail de Rue Île de Laval,,Laval,QC,1,28740.0,2006,2006,Employment and Social Development Canada | Emploi et Développement social Canada,Increase the availability and access to a range of services and facilities along the continuum from homelessness to self-sufficiency - emergency shelters - transitional/supportive housing - prevention.,GC-2006-Q2-00238,63327,exact_bn,charity,884219825,1394141.0,2024-03-31
supportive_housing,The synod of the Diocèse of Mtl,,Montréal,QC,1,28431.0,2006,2006,Employment and Social Development Canada | Emploi et Développement social Canada,Increase the availability and access to a range of services and facilities along the continuum from homelessness to self-sufficiency - emergency shelters - transitional/supportive housing - prevention.,GC-2006-Q3-00001,214799,unmatched_new,other_org,,,
emergency_shelter,The synod of the Diocèse of Mtl,,Montréal,QC,1,28431.0,2006,2006,Employment and Social Development Canada | Emploi et Développement social Canada,Increase the availability and access to a range of services and facilities along the continuum from homelessness to self-sufficiency - emergency shelters - transitional/supportive housing - prevention.,GC-2006-Q3-00001,214799,unmatched_new,other_org,,,
supportive_housing,"Elizabeth Fry Society of Manitoba, Inc.",,Winnipeg,MB,1,28075.0,2007,2007,Employment and Social Development Canada | Emploi et Développement social Canada,Increase the availability and access to a range of services and facilities along the continuum from homelessness to self-sufficiency - emergency shelters - transitional/supportive housing - prevention.,GC-2006-Q4-00004,209697,unmatched_new,other_org,,,
emergency_shelter,"Elizabeth Fry Society of Manitoba, Inc.",,Winnipeg,MB,1,28075.0,2007,2007,Employment and Social Development Canada | Emploi et Développement social Canada,Increase the availability and access to a range of services and facilities along the continuum from homelessness to self-sufficiency - emergency shelters - transitional/supportive housing - prevention.,GC-2006-Q4-00004,209697,unmatched_new,other_org,,,
supportive_housing,Abri de la Rive-Sud,,Longueuil,QC,1,28000.0,2006,2006,Employment and Social Development Canada | Emploi et Développement social Canada,Increase the availability and access to a range of services and facilities along the continuum from homelessness to self-sufficiency - emergency shelters - transitional/supportive housing - prevention.,GC-2006-Q2-00188,150929,unmatched_new,other_org,,,
emergency_shelter,Abri de la Rive-Sud,,Longueuil,QC,1,28000.0,2006,2006,Employment and Social Development Canada | Emploi et Développement social Canada,Increase the availability and access to a range of services and facilities along the continuum from homelessness to self-sufficiency - emergency shelters - transitional/supportive housing - prevention.,GC-2006-Q2-00188,150929,unmatched_new,other_org,,,
supportive_housing,New Direction for Life Ministries Canada,,Winnipeg,MB,1,27124.0,2006,2006,Employment and Social Development Canada | Emploi et Développement social Canada,Increase the availability and access to a range of services and facilities along the continuum from homelessness to self-sufficiency - emergency shelters - transitional/supportive housing - prevention.,GC-2006-Q2-00257,202651,unmatched_new,other_org,,,
emergency_shelter,New Direction for Life Ministries Canada,,Winnipeg,MB,1,27124.0,2006,2006,Employment and Social Development Canada | Emploi et Développement social Canada,Increase the availability and access to a range of services and facilities along the continuum from homelessness to self-sufficiency - emergency shelters - transitional/supportive housing - prevention.,GC-2006-Q2-00257,202651,unmatched_new,other_org,,,
supportive_housing,L'Antre-Temps Longueuil,,Longueuil,QC,1,26326.0,2006,2006,Employment and Social Development Canada | Emploi et Développement social Canada,Increase the availability and access to a range of services and facilities along the continuum from homelessness to self-sufficiency - emergency shelters - transitional/supportive housing - prevention.,GC-2006-Q2-00187,146886,unmatched_new,other_org,,,
emergency_shelter,L'Antre-Temps Longueuil,,Longueuil,QC,1,26326.0,2006,2006,Employment and Social Development Canada | Emploi et Développement social Canada,Increase the availability and access to a range of services and facilities along the continuum from homelessness to self-sufficiency - emergency shelters - transitional/supportive housing - prevention.,GC-2006-Q2-00187,146886,unmatched_new,other_org,,,
supportive_housing,Action séro zéro,,Montréal,QC,1,25980.0,2006,2006,Employment and Social Development Canada | Emploi et Développement social Canada,Increase the availability and access to a range of services and facilities along the continuum from homelessness to self-sufficiency - emergency shelters - transitional/supportive housing - prevention.,GC-2006-Q3-00044,241207,unmatched_new,other_org,,,
emergency_shelter,Action séro zéro,,Montréal,QC,1,25980.0,2006,2006,Employment and Social Development Canada | Emploi et Développement social Canada,Increase the availability and access to a range of services and facilities along the continuum from homelessness to self-sufficiency - emergency shelters - transitional/supportive housing - prevention.,GC-2006-Q3-00044,241207,unmatched_new,other_org,,,
supportive_housing,Association d'entraide le Chaînon,,Montréal,QC,1,25851.0,2006,2006,Employment and Social Development Canada | Emploi et Développement social Canada,Increase the availability and access to a range of services and facilities along the continuum from homelessness to self-sufficiency - emergency shelters - transitional/supportive housing - prevention.,GC-2006-Q2-00180,150609,unmatched_new,other_org,,,
emergency_shelter,Association d'entraide le Chaînon,,Montréal,QC,1,25851.0,2006,2006,Employment and Social Development Canada | Emploi et Développement social Canada,Increase the availability and access to a range of services and facilities along the continuum from homelessness to self-sufficiency - emergency shelters - transitional/supportive housing - prevention.,GC-2006-Q2-00180,150609,unmatched_new,other_org,,,
supportive_housing,La Maison des Amis du Plateau Mont-Royal inc.,,Montréal,QC,1,25101.0,2006,2006,Employment and Social Development Canada | Emploi et Développement social Canada,Increase the availability and access to a range of services and facilities along the continuum from homelessness to self-sufficiency - emergency shelters - transitional/supportive housing - prevention.,GC-2006-Q3-00040,189521,unmatched_new,other_org,,,
emergency_shelter,La Maison des Amis du Plateau Mont-Royal inc.,,Montréal,QC,1,25101.0,2006,2006,Employment and Social Development Canada | Emploi et Développement social Canada,Increase the availability and access to a range of services and facilities along the continuum from homelessness to self-sufficiency - emergency shelters - transitional/supportive housing - prevention.,GC-2006-Q3-00040,189521,unmatched_new,other_org,,,
supportive_housing,"Saskatoon Housing Initiatives Program, Inc",,Saskatoon,SK,1,25000.0,2006,2006,Employment and Social Development Canada | Emploi et Développement social Canada,Increase the availability and access to a range of services and facilities along the continuum from homelessness to self-sufficiency - emergency shelters - transitional/supportive housing - prevention.,GC-2006-Q2-00258,150901,unmatched_new,other_org,,,
emergency_shelter,"Saskatoon Housing Initiatives Program, Inc",,Saskatoon,SK,1,25000.0,2006,2006,Employment and Social Development Canada | Emploi et Développement social Canada,Increase the availability and access to a range of services and facilities along the continuum from homelessness to self-sufficiency - emergency shelters - transitional/supportive housing - prevention.,GC-2006-Q2-00258,150901,unmatched_new,other_org,,,
emergency_shelter,L’Union Féminine Libre (UFL),,Rabat | Rabat,,1,20000.0,2021,2021,Global Affairs Canada | Affaires mondiales Canada,Providing the El Hasnae emergency shelter with a total of 10 beds for a maximum stay of 20 days. The goal is to provide shelter and to listen to and provide psychological legal assistance to survivors of GBV.,064-2022-2023-Q1-00179,240776,unmatched_new,other_org,,,
transitional_housing,The Governing Council of the Salvation Army in Canada,107951618,Toronto,ON,1,17550.0,2021,2021,Agriculture and Agri-Food Canada | Agriculture et Agroalimentaire Canada,"The objective of this project is to purchase and install a steam kettle to better serve the homeless population, those in transitional housing, as well as enhancing emergency response capacity.",5235-2021-2022-Q4-00298,316734,unmatched_new,other_org,,,
supportive_housing,The Salvation Army Prince Albert,,Prince Albert,SK,1,13000.0,2006,2006,Employment and Social Development Canada | Emploi et Développement social Canada,Increase the availability and access to a range of services and facilities along the continuum from homelessness to self-sufficiency - emergency shelters - transitional/supportive housing - prevention.,GC-2005-Q4-00024,334364,unmatched_new,other_org,,,
emergency_shelter,The Salvation Army Prince Albert,,Prince Albert,SK,1,13000.0,2006,2006,Employment and Social Development Canada | Emploi et Développement social Canada,Increase the availability and access to a range of services and facilities along the continuum from homelessness to self-sufficiency - emergency shelters - transitional/supportive housing - prevention.,GC-2005-Q4-00024,334364,unmatched_new,other_org,,,
